mse_mean,mse_median,mse_gaussian,mse_unsharp,mse_wiener,mse_chmean,mse_amsharp,mse_laplacian,mse_log,mse_admed,mse_midpoint,mse_gabor
181.50824483235678,242.93074544270834,165.10121154785156,84.86167907714844,20378.455693562824,195.47076694064495,4388.64338684082,11961.943161010742,17300.560317993164,103.82069396972656,10530.874614715576,
179.28970845540366,242.71570841471353,167.1736297607422,89.53359985351562,18788.544494628906,197.88819515852387,4604.2610270182295,10264.187881469727,15795.849349975586,101.178955078125,10264.07699584961,
269.79961649576825,376.38621520996094,246.74042765299478,122.6985575358073,18826.69416809082,293.99101567335737,5293.586786905925,10815.90512084961,15450.32534790039,156.22105407714844,10133.104190826416,
149.7697499593099,212.20122782389322,140.65730794270834,73.78378295898438,20436.75680033366,163.53604292159721,3809.844009399414,11562.37043762207,17540.119598388672,83.30819702148438,11120.728912353516,
181.20055135091147,230.2461903889974,165.2474110921224,97.67201741536458,20543.329966227215,,4421.825220743815,10215.975173950195,17336.02406311035,104.28033447265625,12280.426700592041,
248.4219716389974,319.23545837402344,225.2168426513672,105.20103963216145,16030.658833821615,,5606.1849365234375,7572.307174682617,12913.90478515625,146.5966033935547,9385.77783203125,
152.41496785481772,211.05525716145834,142.46671040852866,95.65209452311198,20404.41795349121,174.89786787139505,3777.5553436279297,12557.270141601562,17631.302658081055,84.01307678222656,11349.992942810059,
204.64139302571616,255.53884887695312,188.94757588704428,105.81157938639323,16630.80886332194,,4710.185236612956,8801.179504394531,13646.749893188477,115.13255310058594,9889.935455322266,
153.69264221191406,212.55268351236978,143.6261189778646,99.20393371582031,18096.013290405273,174.3842626324058,3898.5592295328775,10169.44985961914,15381.231246948242,83.72996520996094,10195.551906585693,
171.21590169270834,222.67780558268228,158.34579467773438,95.6660868326823,14176.001642862955,,3782.3849894205728,9918.974990844727,11834.881362915039,97.06158447265625,8106.266750335693,
154.71370951334634,208.84485371907553,143.1162109375,75.57189432779948,16268.90552775065,167.6430444626887,4074.5391642252603,9292.480438232422,13614.064514160156,87.675537109375,8462.212791442871,
166.57636006673178,220.60199483235678,156.9115753173828,113.0552469889323,20115.525853474934,189.93354225654164,3932.1013997395835,12089.242919921875,17196.068649291992,89.114990234375,10487.127384185791,
153.81878153483072,205.80475870768228,141.80231730143228,69.9432881673177,19430.91278076172,164.55919324446907,4289.355458577474,10714.89323425293,16581.231048583984,89.18460083007812,10811.067218780518,
162.11229960123697,209.05120849609375,150.79309590657553,83.739501953125,19919.50954691569,184.248930951415,3972.024897257487,11050.098892211914,16958.120986938477,81.33628845214844,10954.941577911377,
195.50145467122397,253.365966796875,180.37770080566406,109.71245829264323,18229.87739054362,218.8287539340054,4325.580205281575,10958.022430419922,15411.005111694336,110.92227172851562,10374.156372070312,
174.36449178059897,220.4234619140625,163.0681610107422,98.98966979980469,19047.210027058918,194.00387588679465,4147.953130086263,11304.019470214844,16122.010879516602,100.9620361328125,10879.180702209473,
149.71153259277344,195.71038309733072,138.4241739908854,84.78915405273438,15081.556213378906,165.13268395898874,4325.469431559245,8521.790832519531,12525.149719238281,84.1212158203125,7044.531215667725,
219.00250752766928,278.64418029785156,201.84917195638022,75.45782979329427,20928.543955485027,231.93161269696097,4648.123357137044,12609.819259643555,17920.787063598633,135.19166564941406,10795.540599822998,
267.1483459472656,356.06105550130206,243.54871622721353,110.08947245279948,15620.262247721354,291.23548682620753,5528.839869181315,9148.017868041992,12566.538101196289,156.24378967285156,8021.510147094727,
190.35250854492188,251.08265177408853,179.08474731445312,107.32240804036458,17428.59180196126,224.0177067170889,4206.459294637044,10122.487579345703,14497.689315795898,103.90081787109375,9118.508987426758,
191.06033833821616,246.12040201822916,177.34119160970053,89.89459228515625,21062.105305989582,210.15437934242786,4441.433268229167,11635.864135742188,17869.008666992188,108.30567932128906,11950.432525634766,
179.92815653483072,240.657470703125,167.64649454752603,109.74423217773438,21964.183853149414,,4393.299001057942,11872.328704833984,18643.957458496094,98.67385864257812,12520.507469177246,
188.00331115722656,234.02078755696616,172.40725708007812,95.90029398600261,19519.364679972332,,5462.104904174805,8310.421005249023,16161.226211547852,108.31974792480469,12034.089752197266,
159.8242390950521,223.40491739908853,148.95587666829428,87.755615234375,19340.759811401367,175.19409731065033,4087.0652211507163,10471.76155090332,16321.455673217773,90.85752868652344,10795.361652374268,
45.61304728190104,84.5363260904948,45.49784851074219,54.896504720052086,17381.213012695312,,1904.366734822591,12007.351516723633,15353.256454467773,18.958740234375,9525.447429656982,
133.50372823079428,168.8602091471354,122.95579528808594,58.424947102864586,15754.409098307291,142.80409497527498,4070.147247314453,8450.120651245117,12861.237594604492,78.12925720214844,7679.411479949951,
224.1212158203125,279.86487833658856,204.03814697265625,101.54331461588542,18011.230239868164,,5174.1080271403,9302.266784667969,14805.388809204102,132.376220703125,9993.284843444824,
221.57198079427084,306.2696482340495,206.44237263997397,117.05809020996094,17800.408365885418,250.75989674232426,4963.46570332845,10333.564880371094,14790.410903930664,124.87661743164062,8516.875011444092,
229.84097290039062,297.5152079264323,210.54840087890625,113.40146891276042,15698.5197652181,251.37552109347976,4895.953481038411,8734.24771118164,12768.705261230469,132.6209716796875,9242.897647857666,
225.24873860677084,291.66095479329425,204.5125986735026,90.29120381673177,18199.863479614258,241.42062746801227,4595.457102457683,11163.419418334961,15179.093948364258,131.68971252441406,8898.753578186035,
96.16253153483073,126.90412902832031,88.52288309733073,42.32505798339844,12742.2439066569,101.48724009652771,3283.8665618896484,7469.064254760742,10463.892684936523,57.86033630371094,5159.535362243652,
204.7618611653646,246.3185577392578,191.1275889078776,129.7622833251953,17987.735239664715,229.8363153678895,4320.667678833008,10339.66244506836,14794.355041503906,115.51019287109375,10705.754768371582,
195.94548543294272,247.19141133626303,179.60368855794272,86.11925252278645,20109.25894165039,215.84786941866332,4633.602127075195,11253.501403808594,17148.392669677734,113.65553283691406,11689.815948486328,
263.1597086588542,324.17213948567706,239.48220825195312,96.52326965332031,19901.8540242513,284.3361395568438,4924.267923990886,11778.394500732422,16516.69253540039,155.77891540527344,10040.37767791748,
229.68759155273438,284.375,211.65457153320312,98.79873657226562,17321.086395263672,,5076.2345784505205,8277.451080322266,14086.235610961914,135.90310668945312,10244.957988739014,
157.4374796549479,243.7600351969401,146.59851582845053,93.79890950520833,17685.21840922038,,3729.2128295898438,11130.898391723633,14948.137939453125,84.60041809082031,9916.451602935791,
141.91051228841147,207.65813700358072,132.41144307454428,76.88567606608073,17749.30898030599,,3514.938430786133,11076.05339050293,15010.874923706055,81.6046142578125,9372.670078277588,
225.0767822265625,268.9705759684245,206.70434061686197,108.85176595052083,14498.254063924154,,5059.121429443359,7043.375381469727,11625.953186035156,134.10089111328125,8846.432483673096,
244.45593770345053,303.0633087158203,225.50305684407553,118.66327412923177,19037.14599100749,,4560.661163330078,11046.289169311523,15663.938705444336,140.40199279785156,11118.59253692627,
164.17188517252603,231.21333821614584,154.62510681152344,111.9529520670573,19446.958740234375,191.94346114829952,3651.053624471029,12955.916748046875,16804.651626586914,88.1619873046875,11711.3713722229,
137.14564005533853,168.29987589518228,127.15278625488281,75.00428263346355,20721.446599324543,149.5702645453854,3615.093500773112,12899.430526733398,18057.03387451172,81.41851806640625,12598.33988571167,
154.76414489746094,206.22008260091147,146.57795206705728,99.26440938313802,20304.551834106445,174.22192912509766,3711.4400533040366,12497.338363647461,17447.643753051758,84.1697998046875,11013.766170501709,
185.66351826985678,227.85376993815103,169.1272939046224,76.3975321451823,16954.336064656574,198.41383079122872,5181.117650349935,8019.097595214844,14052.315032958984,111.94706726074219,7896.823154449463,
188.63777669270834,232.97090657552084,172.18866984049478,89.27036539713542,17960.871948242188,204.39877876296342,4734.633448282878,9327.809539794922,15097.521362304688,110.13316345214844,10636.546890258789,
146.14319356282553,189.24314880371094,136.3146718343099,83.65711466471355,18444.142049153645,,3599.7823638916016,10950.553207397461,15823.241683959961,78.68763732910156,10546.501121520996,
168.82486470540366,216.3153839111328,157.37104288736978,97.31936645507812,21428.586196899414,,3920.7769673665366,12755.925003051758,18394.689422607422,99.33151245117188,11941.453384399414,
151.72967529296875,205.3341064453125,139.51154073079428,73.51793924967448,20967.07763163249,162.1855901486118,4103.552983601888,11726.57502746582,17963.35581970215,86.50086975097656,11999.941650390625,
236.20088704427084,294.1092274983724,216.07030232747397,98.9991963704427,17527.50558980306,260.04473895220224,5259.175033569336,9051.54867553711,14463.794387817383,140.16299438476562,10098.809043884277,
214.64220174153647,267.07130940755206,198.11972045898438,93.8793436686198,21296.95162455241,233.030271338061,4819.2800699869795,11620.077697753906,18021.588119506836,125.33229064941406,11716.194702148438,
171.02269999186197,235.36097208658853,157.89032491048178,73.7107442220052,20240.88730875651,189.27860316303315,3911.820571899414,13012.358612060547,17283.525009155273,99.33586120605469,11147.301776885986,
197.86125691731772,257.1112925211589,179.64941914876303,74.68007914225261,20134.923873901367,208.0005678799206,4414.018249511719,11018.126190185547,16889.52261352539,117.83726501464844,10347.043933868408,
178.0604705810547,229.48444620768228,164.48200480143228,93.92601013183594,23070.659774780273,198.00970277673494,4136.499257405599,13351.473052978516,19940.273864746094,94.33293151855469,12225.959274291992,
252.9736073811849,343.8780771891276,230.8550567626953,113.84909566243489,17349.779688517254,275.56034460312395,5257.5837961832685,9641.158096313477,14074.683532714844,144.05499267578125,9478.00228881836,
228.18096415201822,290.0496826171875,212.00696309407553,112.83035786946614,19860.014419555664,254.05613771557242,5005.116221110026,11563.975952148438,16724.568618774414,130.93923950195312,10368.408882141113,
184.20856221516928,244.35943094889322,170.3111114501953,82.0034891764323,21469.473912556965,198.1850758023048,4528.9085744222,12021.225784301758,18279.84701538086,106.75567626953125,11451.30697631836,
187.57980346679688,238.09425354003906,174.1324259440104,106.47686258951823,15027.240844726562,213.66869796580065,4862.875462849935,8060.950820922852,12228.830276489258,106.37850952148438,7952.590557098389,
102.80979919433594,135.77392578125,93.36260477701823,35.31279500325521,17618.740900675457,105.76658120329192,3419.8675842285156,10810.492156982422,14878.832794189453,62.13188171386719,8501.72596359253,
193.57231648763022,245.04324849446616,178.73331705729166,91.9754130045573,21439.52635192871,211.2002460272005,4625.691502888997,12408.853912353516,18282.08853149414,110.92697143554688,12322.155025482178,
209.66171264648438,263.30115763346356,194.5033416748047,105.43800862630208,21740.10941060384,231.63967988774445,4492.712585449219,12252.583770751953,18564.681091308594,119.88754272460938,11778.883102416992,
179.7452596028646,232.2803192138672,168.0508270263672,105.87935892740886,18940.476603190105,205.26856784056906,4227.679575602214,11995.473327636719,16133.605026245117,100.59074401855469,10488.865913391113,
234.50712076822916,306.29962158203125,214.32215372721353,109.11172485351562,14381.14018758138,,5244.986099243164,8472.050094604492,11658.909469604492,135.35948181152344,7947.91654586792,
150.84114583333334,206.9170939127604,137.14713541666666,72.54596455891927,15921.374552408854,161.02443049072195,3933.57932027181,9898.571060180664,13601.992446899414,88.79434204101562,7495.366432189941,
137.89293416341147,180.08455403645834,128.70787048339844,81.83187357584636,19533.045801798504,,3602.066177368164,11624.9794921875,16862.918716430664,77.95823669433594,11732.78921508789,
121.50289916992188,164.42960103352866,111.62990315755208,63.595621744791664,10725.278945922852,131.60668661988507,4002.7716318766275,5890.053665161133,8478.794036865234,67.47830200195312,3397.073574066162,
203.57983907063803,254.41649881998697,187.98856099446616,94.59821065266927,19916.685760498047,221.43646564299567,4556.185745239258,12019.910537719727,16835.4542388916,119.52082824707031,10616.872917175293,
188.45458475748697,235.66433715820312,173.34312947591147,95.15170796712239,17643.71593729655,208.3117140898123,5140.012832641602,8736.783737182617,14659.476699829102,107.89390563964844,8478.08574295044,
238.13199361165366,295.36553446451825,219.66665649414062,108.55159505208333,19738.31185913086,,4839.9804280598955,10400.65119934082,16169.083541870117,138.88467407226562,11712.505718231201,
120.27818298339844,157.1256306966146,110.28812662760417,58.416361490885414,16852.255137125652,,3538.0498046875,10929.395294189453,14597.297424316406,71.23545837402344,8624.77243423462,
194.81128946940103,228.68741861979166,177.74727884928384,97.96627807617188,16051.859736124674,,5163.410029093425,7268.258163452148,13065.785171508789,112.690185546875,10229.160614013672,
183.62440490722656,250.11578877766928,170.3536631266276,78.82215372721355,18168.58415222168,202.85117538255307,4409.030298868815,10215.674453735352,15390.053726196289,105.59353637695312,10297.190502166748,
134.2755584716797,173.3264363606771,124.7144775390625,74.33480834960938,17172.041595458984,,3420.826131184896,11030.885147094727,14721.768798828125,75.98805236816406,9223.19005203247,
191.20452880859375,252.8030039469401,178.7275390625,103.99528503417969,19727.820709228516,217.8961800254151,4291.3982340494795,11921.09408569336,16754.524353027344,106.66900634765625,10381.409015655518,
169.25934346516928,222.24319458007812,155.22216288248697,73.9622802734375,16902.032775878906,178.39007588786168,4192.323989868164,10115.547592163086,14310.546508789062,100.71311950683594,9009.182121276855,
157.52651977539062,211.7387949625651,146.21319580078125,72.37170918782552,21028.26400756836,170.32915518268177,3887.9529774983725,12668.82829284668,18096.046096801758,91.17919921875,11829.919872283936,
145.8227742513021,183.4049326578776,136.7264862060547,91.91379292805989,20044.424611409504,,3832.2411295572915,11472.903625488281,17197.155975341797,81.57061767578125,12126.762508392334,
182.79925028483072,235.33748881022134,168.10981241861978,84.20159403483073,20400.041727701824,199.00892980164215,4532.806055704753,10458.753433227539,17249.306228637695,106.73898315429688,10383.053493499756,
188.70132954915366,229.5202382405599,173.91980489095053,96.4019266764323,19524.326573689777,,4186.42729695638,11635.666427612305,16583.678436279297,111.22700500488281,10806.333881378174,
229.7341054280599,304.57506306966144,210.14600118001303,110.9268086751302,16511.375233968098,,4962.9311116536455,9688.271835327148,13561.099060058594,129.03651428222656,8483.021167755127,
174.35087076822916,225.3509724934896,160.0244344075521,67.59527587890625,20910.83497619629,185.01438558192356,4542.969431559245,11279.599639892578,17810.7596282959,104.26937866210938,12416.034461975098,
148.4999796549479,197.19071451822916,138.41634623209634,80.99454752604167,17845.016662597656,163.26931403053737,3862.861302693685,10264.256362915039,15244.308868408203,82.77667236328125,10445.688278198242,
156.68348185221353,203.5028076171875,145.71207173665366,82.33866373697917,18959.55123392741,168.40010269349298,4019.934819539388,10833.016006469727,16149.516510009766,88.765869140625,10646.7116355896,
237.9135284423828,320.29266357421875,218.45985412597656,109.7502950032552,19528.83566792806,,5205.433731079102,10442.267364501953,16106.375671386719,135.63592529296875,11486.881896972656,
196.69737243652344,257.79010518391925,182.78241984049478,108.51598103841145,19740.766525268555,,4628.076858520508,10077.627151489258,16401.78941345215,110.24853515625,10569.733943939209,
206.6597137451172,276.41778055826825,186.87268575032553,78.66201273600261,16914.153157552082,219.20602639210222,4539.735458374023,10542.56509399414,14087.887130737305,118.52267456054688,9192.222045898438,
195.63593546549478,248.9380137125651,181.53291829427084,100.39748128255208,20378.19886779785,213.6134008692368,4211.89474995931,11613.937240600586,17246.55645751953,117.61720275878906,12125.99129486084,
259.1327311197917,328.65538533528644,236.72258504231772,98.67931620279948,15987.689203898111,,5769.709762573242,8341.264862060547,12884.446823120117,155.72483825683594,8413.669216156006,
163.9305165608724,218.7093963623047,152.19408162434897,91.92529805501302,18023.497528076172,176.39970081138185,4227.0927174886065,10429.121337890625,15148.858703613281,93.05673217773438,9324.495372772217,
162.68547566731772,217.49726359049478,152.65011596679688,100.44714864095052,19054.970494588215,183.30720401472857,4239.331741333008,11232.096054077148,16209.510131835938,87.61300659179688,8919.50959777832,
220.68438720703125,271.29480997721356,204.71475728352866,116.01984151204427,20114.78613789876,251.15046819286462,4613.095672607422,11420.04019165039,16970.394622802734,127.70999145507812,10845.94036102295,
107.95337931315105,154.25964864095053,104.03412373860677,106.31990051269531,22860.182713826496,120.04171785513644,2790.7576446533203,14504.184356689453,20064.706146240234,52.57695007324219,11159.94479751587,
325.37151590983075,415.47132873535156,300.6558074951172,128.47276306152344,18834.100321451824,,5318.552932739258,11469.017883300781,15427.158493041992,191.8037872314453,10077.549041748047,
176.57971700032553,218.20598856608072,163.36458841959634,82.19397989908855,19921.902638753254,,4071.287399291992,12734.885284423828,17168.345672607422,106.45660400390625,11611.965717315674,
102.01890563964844,135.3294932047526,95.01956685384114,51.4925537109375,16795.02560933431,109.3428166300235,3112.8147989908853,11122.211227416992,14188.373062133789,61.79939270019531,7670.2344398498535,
192.07974243164062,270.13465881347656,179.2667694091797,111.02104187011719,19951.045003255207,214.85256173611336,3749.1990254720054,12926.3984375,17092.513122558594,104.84024047851562,10098.451461791992,
208.9392293294271,255.97887674967447,192.8016357421875,96.54066975911458,15828.819849650064,,4863.596435546875,9017.214660644531,12950.610305786133,122.13845825195312,7912.299564361572,
197.30259704589844,274.39324951171875,180.8276570638021,90.42447916666667,17188.029673258465,,4371.616317749023,11302.335983276367,14451.568084716797,112.25935363769531,8335.990089416504,
205.4699249267578,260.78367106119794,188.12176005045572,85.11356099446614,17561.76412455241,,4305.12798055013,9033.745727539062,14665.280227661133,121.0164794921875,10637.112289428711,
202.5175526936849,283.02979532877606,189.54864501953125,114.76089477539062,19505.40561421712,228.62385357294536,4303.613830566406,10851.185958862305,16233.394470214844,112.60934448242188,10579.545997619629,
231.22932942708334,303.9351755777995,210.8421885172526,103.63140869140625,19141.677993774414,255.42899374398257,4611.307896931966,11927.304443359375,16029.002746582031,133.2587890625,10150.292514801025,
208.26145935058594,251.64994303385416,188.0013631184896,56.2477060953776,11787.76178487142,218.56862538384794,5210.42626953125,6337.603729248047,9259.04963684082,129.60678100585938,4170.369918823242,
203.72909037272134,277.83893330891925,190.45049540201822,106.52571614583333,24507.49924214681,222.43501394378143,4333.540461222331,13705.230438232422,20751.87957763672,111.83755493164062,13973.714122772217,
205.46867879231772,275.68792724609375,188.5450642903646,101.4358622233073,17585.90482076009,222.6063247232884,4556.957178751628,10104.40151977539,14548.812133789062,117.67095947265625,8451.972713470459,
152.94427490234375,204.81049601236978,144.2588907877604,107.71604919433594,17586.518595377605,,3189.498621622721,12388.070510864258,15201.988494873047,83.00267028808594,10269.62060546875,
168.1513417561849,220.03765869140625,158.06568400065103,93.26209004720052,21074.836959838867,,3461.9918518066406,13030.662628173828,18188.525024414062,89.65937805175781,11501.95609664917,
208.95340474446616,281.4141540527344,192.03843688964844,111.24106343587239,20233.037963867188,,4542.701883951823,9917.257232666016,16637.844467163086,113.83200073242188,11831.218925476074,
242.75957743326822,317.02617899576825,221.86766560872397,87.8279317220052,22132.765075683594,262.0188165902659,5181.01948038737,11206.036209106445,18565.882247924805,144.22792053222656,12635.697006225586,
204.33526611328125,264.56908162434894,188.99844360351562,81.8477274576823,18230.439030965168,218.02048789003348,4644.524592081706,10516.018966674805,15232.043899536133,123.53602600097656,9501.710861206055,
139.60621643066406,194.8301544189453,130.14242553710938,67.58678690592448,18157.110188802082,149.6804087154085,3873.018295288086,10159.434936523438,15481.380004882812,78.81280517578125,9226.397575378418,
191.05957539876303,251.74354044596353,173.0736083984375,80.29028828938802,17160.230209350586,,4477.011459350586,10476.066802978516,14403.029571533203,111.41481018066406,8924.15440750122,
160.68113708496094,212.12466939290366,149.528076171875,87.27311706542969,20194.9150390625,175.93180552305714,3903.4293670654297,12028.859924316406,17212.303833007812,89.85928344726562,11119.436111450195,
284.21538798014325,353.2626190185547,258.5015818277995,110.86869812011719,15736.633122762045,310.9679512006873,5358.804224650065,10036.412872314453,12721.218673706055,171.2230224609375,7754.869487762451,
159.31871541341147,202.83078002929688,146.97403462727866,88.10673522949219,18674.170684814453,172.389924958926,3754.8214314778647,11043.915557861328,15648.671264648438,90.85195922851562,10599.637184143066,
184.9926503499349,240.3496297200521,169.37549845377603,95.40694681803386,18572.68879191081,204.0633537093336,4761.2739664713545,9634.334609985352,15587.651184082031,105.27088928222656,11468.801864624023,
214.3724619547526,276.3185221354167,194.35762532552084,87.05815124511719,17742.06968688965,,5066.41286722819,8947.923919677734,14738.16372680664,127.21574401855469,10219.310913085938,
200.41714986165366,247.30525716145834,183.653076171875,96.63792928059895,19024.129048665363,219.56348303479544,5155.8298899332685,9777.176696777344,15936.98030090332,119.04743957519531,10073.935802459717,
221.98539225260416,285.3610534667969,205.4330596923828,98.05275472005208,18069.12336730957,242.81153505883606,5430.327697753906,8853.49919128418,14870.937393188477,129.92820739746094,9152.773616790771,
164.99957784016928,209.00797526041666,154.8947296142578,103.23330688476562,20954.801523844402,190.84411772538587,3993.0323079427085,12300.590057373047,18049.19482421875,90.01370239257812,12506.267337799072,
194.10511271158853,257.5033925374349,179.31190490722656,99.56036376953125,18879.175303141277,213.13255336058657,4771.848831176758,10761.978485107422,15924.41667175293,111.55926513671875,10317.46007156372,
180.4272715250651,236.30349731445312,167.75843302408853,80.53699239095052,18422.730890909832,199.5386665169998,4137.155298868815,11023.089614868164,15662.720428466797,103.32147216796875,9744.360359191895,
171.5352579752604,201.5981699625651,157.7662556966146,87.25375366210938,16835.2581837972,,4433.863876342773,8201.454040527344,13957.22785949707,98.99592590332031,10466.279090881348,
137.8186238606771,178.21733601888022,129.43785095214844,84.35543823242188,19676.174346923828,,3421.348704020182,11826.85758972168,16926.990432739258,76.08279418945312,11150.102752685547,
158.6306610107422,213.00751749674478,147.23986307779947,70.87045288085938,19670.53840128581,175.1003024363845,3799.2386881510415,11710.466186523438,16876.00473022461,89.68251037597656,10680.764659881592,
185.98568216959634,249.41337076822916,169.4003702799479,69.99825541178386,20707.285883585613,194.354456614617,4494.165247599284,12121.404342651367,17604.790603637695,109.39018249511719,11009.444393157959,
199.62443033854166,257.39324442545575,186.81585184733072,112.57689921061198,22020.561813354492,,4036.566390991211,13107.011367797852,18763.577545166016,108.05839538574219,12441.787574768066,
233.0021718343099,291.9636484781901,215.2949422200521,132.27194213867188,16631.75215657552,,4681.827982584636,9222.237594604492,13468.332412719727,129.76368713378906,9241.006977081299,
150.64842732747397,205.17327372233072,139.8628133138021,84.33795166015625,19582.43910217285,165.0843584850633,3766.870076497396,12170.521560668945,16772.23226928711,86.04154968261719,10626.18427658081,
228.12387084960938,285.0605773925781,211.7175038655599,115.948486328125,19844.071319580078,,4538.696940104167,11337.255645751953,16483.50047302246,130.1724090576172,10695.389247894287,
207.21887715657553,268.09882100423175,193.05615234375,98.93609110514323,19612.946548461914,,4062.8358561197915,12012.619430541992,16618.203811645508,120.77426147460938,11245.368015289307,
155.00868225097656,206.97985331217447,145.4164581298828,80.84075419108073,20055.769602457684,,3477.252243041992,12268.613220214844,17294.471130371094,86.0177001953125,10927.6011428833,
175.08455912272134,218.7198740641276,163.21897888183594,103.34666951497395,22811.058634440105,,4220.205088297526,12205.787368774414,19443.91404724121,100.0474853515625,12825.49335861206,
206.32940673828125,280.4781748453776,192.19686889648438,107.36342875162761,22402.07987467448,228.28458860826774,4440.366546630859,12379.975128173828,18837.352661132812,117.59005737304688,12297.28201675415,
181.56175231933594,241.15847778320312,163.52743530273438,62.59625752766927,17841.844146728516,190.7825425405927,4547.350031534831,10206.336059570312,15127.716186523438,108.53341674804688,8937.281818389893,
246.33221944173178,311.4692077636719,227.75719197591147,110.17903645833333,20612.0131632487,,4670.162831624349,11800.829620361328,17099.421112060547,141.57838439941406,11452.66981124878,
206.8002166748047,260.7860361735026,190.9668986002604,105.17381286621094,16063.185735066732,236.10742506539714,4687.524073282878,9167.530715942383,13158.961059570312,116.93292236328125,7994.674781799316,
186.6797637939453,237.99010213216147,171.85820515950522,99.96974690755208,17766.369094848633,,4560.579132080078,9252.739013671875,14738.229888916016,107.00526428222656,9731.54796218872,
86.38484700520833,119.91029357910156,77.09888712565105,36.9196523030599,15852.981903076172,89.4987581237899,3265.039311726888,9863.254699707031,13585.178588867188,48.9906005859375,7088.720973968506,
269.8675893147786,376.8498026529948,246.6351114908854,111.00243631998698,10846.598983764648,,4221.124923706055,7015.066223144531,8361.413482666016,156.34091186523438,5933.04903793335,
216.0242462158203,273.1828867594401,197.88101704915366,107.49254862467448,16827.398468017578,,5232.517908732097,9232.884506225586,13873.182479858398,125.07391357421875,7582.928455352783,
127.88729349772136,187.80616251627603,121.7362060546875,85.42759704589844,16981.07014465332,140.3371191523842,3394.758255004883,10725.091003417969,14449.550643920898,68.88140869140625,9841.644847869873,
225.7076670328776,280.93846638997394,206.86137898763022,95.90225728352864,16561.597834269207,245.66786807087874,5792.127207438151,7478.792068481445,13267.991348266602,131.86463928222656,8181.967754364014,
212.29666646321616,278.9805653889974,195.0875040690104,103.48948669433594,18958.096282958984,232.02435606127537,4950.468434651692,10212.436416625977,15843.285842895508,120.50711059570312,10464.747886657715,
165.39245096842447,207.98180135091147,153.48684692382812,82.98795572916667,19898.309463500977,180.63098624639278,4166.600784301758,11246.027206420898,16962.279266357422,93.84532165527344,11433.916557312012,
170.06277974446616,213.22687784830728,157.33836364746094,88.3175557454427,14676.617782592773,,4461.462890625,7751.696624755859,12065.292755126953,96.29399108886719,6811.193389892578,
241.84923807779947,294.5475616455078,222.62946065266928,131.46477762858072,18727.506612141926,273.8868532627485,4836.99148050944,10175.099609375,15342.263381958008,135.66641235351562,10836.622333526611,
119.48426310221355,157.2693125406901,113.43266296386719,86.01998392740886,19569.076746622723,135.2230089989278,3329.08864847819,11747.957901000977,16968.882781982422,63.09184265136719,11389.690460205078,
158.52322896321616,194.2096913655599,147.01182556152344,81.81350199381511,21125.018056233723,174.44223034125685,3834.0608266194663,12509.080505371094,18221.61996459961,91.22021484375,11917.43729019165,
227.54487101236978,288.22832743326825,206.3919677734375,96.20398457845052,17777.368779500324,247.0242823317421,5379.881322224935,9054.699615478516,14636.521957397461,135.14013671875,10035.84714126587,
227.0744425455729,269.79930623372394,207.56129455566406,108.72720845540364,15121.215606689453,,5021.705841064453,8552.078201293945,12202.20199584961,132.4488525390625,8004.4733238220215,
239.46102905273438,307.52882385253906,219.20922342936197,104.10196431477864,20891.772420247395,260.08433981356427,5272.580800374349,11218.862426757812,17453.96612548828,139.17201232910156,11879.611190795898,
152.966064453125,195.4993693033854,139.38333638509116,76.92466227213542,22664.538019816082,165.1998569488721,3826.0550435384116,13624.887466430664,19514.138137817383,85.99737548828125,12130.074199676514,
243.10325622558594,287.85618591308594,222.46925354003906,118.52479044596355,16882.067342122395,,4998.720280965169,9915.115783691406,13759.72509765625,141.2330322265625,9132.808235168457,
217.7432403564453,281.7603352864583,201.69627888997397,100.3909200032552,21877.278498331707,240.89257733076406,4984.214981079102,10696.56916809082,18163.06707763672,125.51570129394531,13191.1787109375,
196.22215779622397,244.95339965820312,181.01024881998697,97.60851542154948,15421.782938639322,,4734.386057535808,8229.342636108398,12616.33657836914,110.684326171875,7514.173938751221,
242.5401611328125,306.4182891845703,220.56758626302084,92.93482971191406,19271.68105061849,260.50091816090406,4872.351694742839,10860.177841186523,16141.70246887207,146.95590209960938,10827.034996032715,
221.36407979329428,283.40362548828125,203.61085510253906,89.08091227213542,19915.955485026043,239.1410534836622,5273.093744913737,10035.73843383789,16637.70278930664,129.16415405273438,11042.808506011963,
203.11719767252603,242.98556518554688,188.5959726969401,115.31193033854167,23064.51821899414,227.27086506875878,4521.955856323242,13351.799041748047,19692.19805908203,116.40376281738281,12603.941989898682,
255.12439473470053,322.5692087809245,233.0174763997396,108.40779622395833,16173.820877075195,289.8073615453182,5040.592707316081,9986.759750366211,13182.929244995117,152.7357635498047,9495.790489196777,
120.72128295898438,151.61643981933594,111.77011108398438,61.18726603190104,16127.216201782227,,3419.46484375,10406.25358581543,13562.819076538086,69.01966857910156,7652.9688148498535,
180.39879862467447,237.73957316080728,167.26038614908853,87.45831807454427,18337.291580200195,197.45069900746782,4673.342926025391,9734.507095336914,15317.206344604492,103.34642028808594,9744.80071258545,
201.4489542643229,261.02439371744794,187.3150889078776,92.22386169433594,24677.212341308594,,4412.431055704753,14059.887496948242,21096.94905090332,117.42127990722656,13420.344146728516,
241.1769561767578,305.5799204508464,220.31933085123697,110.33236694335938,14761.405309041342,,4521.592844645183,8039.165878295898,11625.00602722168,140.5267333984375,8184.390518188477,
159.61991373697916,231.99036153157553,147.60802714029947,82.56846618652344,16754.32941691081,,3842.609603881836,11291.014236450195,14251.794784545898,87.93037414550781,8763.697025299072,
118.0128682454427,160.66173299153647,110.41066487630208,66.29818725585938,18281.275293986004,128.0713103740035,3404.0414835611978,10496.810256958008,15763.328079223633,67.15200805664062,10509.600505828857,
186.53553263346353,239.7931365966797,171.36576334635416,97.74082946777344,18443.67236836751,,4893.622212727864,9924.847579956055,15491.16128540039,107.09136962890625,10137.74881362915,
190.72916158040366,234.71534729003906,178.50625610351562,114.93679300944011,22050.223754882812,,4242.123977661133,13258.089553833008,18828.003326416016,103.30361938476562,11717.547836303711,
208.18011983235678,273.1563415527344,192.52525329589844,98.64852905273438,20071.618453979492,229.88108804847522,4655.228037516276,10877.186965942383,16725.97186279297,118.54347229003906,11181.061389923096,
340.5652364095052,427.56113688151044,314.11338806152344,120.10225423177083,23101.411102294922,373.11477539202355,5263.200352986653,12620.443664550781,18956.94270324707,200.34266662597656,12674.157943725586,
178.58260091145834,254.2707316080729,167.6883748372396,96.84273783365886,20739.23992919922,195.7591174650653,4130.910497029622,12459.428909301758,17593.80844116211,99.30961608886719,11240.941524505615,
179.14281717936197,238.25677490234375,165.4552001953125,94.86900329589844,13101.115178426107,,4290.200281778972,6897.129287719727,10609.336608886719,100.24046325683594,5985.514751434326,
249.20842997233072,309.6460316975911,222.54940795898438,75.08892822265625,18498.58383687337,264.3892512871414,5342.211430867513,10704.49250793457,15348.982177734375,155.76634216308594,10403.402786254883,
242.8609619140625,297.9895935058594,222.21891276041666,109.46952311197917,15169.43075052897,,5071.91872660319,8225.324234008789,12175.369979858398,142.71620178222656,8267.315284729004,
151.42829386393228,205.9217783610026,140.78289286295572,76.8689676920573,21924.693720499676,164.09600173704845,3569.746622721354,14073.966415405273,19068.939086914062,86.37583923339844,12416.219913482666,
167.8133799235026,235.28782653808594,153.50791931152344,72.92490132649739,19086.299926757812,177.21560631160105,4108.523096720378,11509.59326171875,16231.94287109375,96.90000915527344,9274.83010482788,
163.4751942952474,217.72681172688803,151.78970845540366,85.08391825358073,18156.775767008465,177.85653153010966,4516.3546956380205,10455.908401489258,15292.411376953125,94.45941162109375,9198.108615875244,
157.45042928059897,200.19507344563803,144.53167215983072,80.72730000813802,21572.72968037923,170.4714388837611,4072.15744527181,12563.180419921875,18563.299240112305,92.45994567871094,11457.987251281738,
164.80909729003906,208.43811543782553,153.53643798828125,85.731689453125,19240.66017659505,,4065.3184712727866,10829.885269165039,16373.432815551758,92.44927978515625,10498.195602416992,
187.7249501546224,238.2227986653646,170.40380859375,91.23719787597656,14472.584732055664,206.1234771729972,5088.002461751302,7620.32795715332,11896.238586425781,109.27308654785156,8763.829444885254,
147.46190388997397,186.61434936523438,136.56889851888022,77.42275492350261,19797.29268391927,161.03584259371016,3719.6133422851562,12389.973449707031,17151.940185546875,86.11668395996094,10937.639766693115,
205.53729248046875,250.35320536295572,190.5587921142578,115.30774943033855,18331.064524332684,,4587.237757364909,10291.54721069336,15350.411209106445,114.63534545898438,10873.170429229736,
136.55575052897134,177.67818196614584,128.44374084472656,93.73262023925781,17117.64601135254,157.66656820638374,3654.2711130777993,9730.417419433594,14562.274337768555,73.74482727050781,9348.082534790039,
196.9765625,236.59402465820312,181.67023213704428,106.42061869303386,18300.247360229492,,4939.059310913086,9910.976989746094,15267.656631469727,115.74746704101562,9013.519775390625,
167.5404815673828,223.3272501627604,155.4029541015625,92.23495992024739,17466.21422322591,185.02329348798287,4664.238784790039,9059.9482421875,14538.217651367188,94.61152648925781,7961.4832191467285,
252.65565490722656,321.03089904785156,231.4110361735026,116.80677795410156,19009.206181844074,279.5226810698328,5003.5415445963545,11003.845016479492,15757.578887939453,147.97421264648438,9930.355667114258,
178.88304138183594,244.79228719075522,162.1772918701172,79.90419514973958,18739.278366088867,190.05198224980157,4353.241358439128,11600.80258178711,15960.432189941406,101.32443237304688,9297.439483642578,
192.66270446777344,262.9615529378255,179.9619903564453,95.85130310058594,19410.673100789387,211.37500743358623,4608.199005126953,10826.527816772461,16323.93002319336,109.83615112304688,9788.955551147461,
138.9598846435547,206.20062764485678,128.85326639811197,76.26451619466145,20819.235911051434,155.04344116896473,3647.954432169596,12716.45442199707,18050.532791137695,73.08503723144531,10981.71406173706,
172.58817036946616,239.14007059733072,157.53744506835938,63.95955912272135,19946.73796590169,181.36399756532396,4153.117350260417,11963.57536315918,17098.767028808594,102.52445983886719,10283.21545791626,
186.07089233398438,267.0494333902995,168.5843760172526,86.80635070800781,19109.16424560547,198.42213409690874,4561.8096923828125,11405.912048339844,16190.515899658203,108.63496398925781,9586.640174865723,
179.39147440592447,226.21214294433594,165.56991577148438,93.73659261067708,19461.040934244793,197.89608828511714,3957.9603220621743,11548.187210083008,16491.783416748047,104.2325439453125,10864.020763397217,
173.49748738606772,229.9344278971354,157.9866485595703,61.536031087239586,21048.503346761066,181.22044605875598,4268.875198364258,12627.997009277344,18034.619552612305,106.83164978027344,10731.972114562988,
214.77499389648438,281.6706288655599,196.83630879720053,88.50559488932292,17960.114603678387,234.41190534511057,5508.266621907552,8721.927673339844,14781.700897216797,125.71023559570312,9675.877296447754,
243.941162109375,327.61870829264325,224.77088928222656,118.47225952148438,19547.345052083332,268.9309946773531,5277.1195729573565,10336.692413330078,16285.39533996582,137.95509338378906,11682.1625289917,
168.20641072591147,230.10490926106772,157.29069010416666,88.69014485677083,20261.4278717041,184.93506548413407,4055.8649088541665,12632.089385986328,17404.33595275879,93.72389221191406,10153.479290008545,
187.7570343017578,255.98065185546875,171.5588633219401,93.37445068359375,19825.94569905599,208.3093890759919,4276.0116628011065,11308.880508422852,16788.996871948242,102.75074768066406,10555.40325164795,
140.9038848876953,177.34960428873697,131.7021738688151,91.73281860351562,19230.605458577473,156.87448931808416,4032.895192464193,11035.325439453125,16625.811904907227,78.98628234863281,10894.44457244873,
196.38124084472656,250.01673380533853,183.36532592773438,109.38882954915364,18337.25796000163,225.69100508138214,4449.288803100586,9874.995483398438,15219.545425415039,107.78286743164062,10725.464992523193,
177.6874745686849,209.17992655436197,164.41536966959634,94.11392211914062,19181.104583740234,,3965.968938191732,11610.823593139648,16398.390213012695,102.28627014160156,9975.057342529297,
179.70030721028647,230.0139617919922,162.17432149251303,65.45286051432292,16469.15751139323,188.86313987839245,4523.765055338542,9208.434158325195,13780.088424682617,105.2371826171875,7553.491542816162,
208.76048278808594,261.562983194987,192.4050750732422,88.34179178873698,20878.59566752116,224.230478324223,5039.872161865234,10460.126892089844,17590.132095336914,124.5447998046875,12598.562229156494,
174.48747762044272,233.19540405273438,163.6414337158203,100.16780090332031,19205.09995015462,,4593.1706949869795,9916.993423461914,16173.094451904297,96.82171630859375,9259.773723602295,
240.75708516438803,307.7280731201172,220.58446248372397,92.05660502115886,19014.187098185223,257.34033138601166,5460.8857981363935,9896.213607788086,15725.169357299805,142.5183868408203,10757.639251708984,
150.78416951497397,214.6050821940104,137.40288798014322,57.97643025716146,17151.33711751302,,3662.942413330078,10583.40591430664,14731.054946899414,87.86961364746094,8510.151252746582,
153.1208953857422,202.6791229248047,142.02904764811197,90.91575622558594,16775.126434326172,174.38713230961423,4202.328786214192,10170.986312866211,14217.599731445312,86.46495056152344,8921.407665252686,
158.33553568522134,229.148681640625,147.45142618815103,84.95365905761719,19525.337544759113,,3492.507095336914,13381.625045776367,16795.613082885742,89.53706359863281,9422.1969871521,
247.85513814290366,322.958012898763,227.91842142740884,127.83467102050781,17470.165568033855,,4945.0391184488935,10598.883041381836,14469.67221069336,133.0165252685547,9552.92068862915,
203.34264119466147,265.5934295654297,189.27010091145834,86.80446370442708,19860.410786946613,221.00532422581884,4545.0371653238935,10996.849426269531,16803.288162231445,119.14089965820312,10816.050258636475,
140.93926493326822,185.09626261393228,132.8141123453776,89.26401774088542,21688.730443318684,160.11278220713305,3522.0794474283853,13117.346221923828,18815.113159179688,74.98272705078125,12013.233783721924,
4.1529286702473955,24.673314412434895,5.7378794352213545,15.023218790690104,16539.73780822754,5.225281694707096,276.0484263102214,14119.060546875,15327.227111816406,1.90631103515625,8906.66788482666,
173.5521697998047,237.81348673502603,162.44501241048178,98.53690592447917,22410.10871887207,,4324.230372111003,12356.297729492188,19294.52813720703,95.66346740722656,12213.828372955322,
187.05433654785156,229.4416249593099,176.61596171061197,120.4700215657552,20040.041478474934,218.73677983136204,4194.314071655273,11541.453536987305,16873.638092041016,102.79025268554688,11060.369834899902,
266.08729044596356,343.99045817057294,243.21447245279947,124.51198323567708,16456.221822102863,,5002.339914957683,9604.016311645508,13378.957656860352,153.9390411376953,9127.85848236084,
241.5166473388672,324.3387502034505,220.9873301188151,124.23335266113281,15079.278737386068,,4682.9045817057295,8827.508865356445,12216.502410888672,136.30909729003906,8081.18253326416,
186.91426595052084,236.9310557047526,171.87693786621094,83.41503397623698,16061.534123738607,205.2079605195,4497.763331095378,9384.036834716797,13235.601150512695,109.96635437011719,7379.881214141846,
157.79578145345053,199.21268208821616,146.92940266927084,80.39660135904948,21755.82176208496,,3954.2533162434897,12285.036239624023,18694.839782714844,89.30685424804688,11662.363826751709,
142.66776529947916,197.9738972981771,131.66895548502603,65.15308125813802,17011.00604756673,,3740.1851908365884,10057.159286499023,14448.548721313477,81.83866882324219,8836.4665184021,
176.95172627766928,214.9050089518229,162.8514404296875,85.4944356282552,15815.183283487955,197.09178290937712,4618.623998006185,9201.72834777832,13205.731903076172,103.45915222167969,7924.070156097412,
212.1633097330729,270.2636413574219,192.48794555664062,97.82577006022136,19512.376439412434,233.502107299899,4755.705322265625,11487.627700805664,16308.048080444336,118.18899536132812,10304.463581085205,
247.90454610188803,304.3669738769531,228.60334269205728,118.85770161946614,17747.897684733074,,4324.638977050781,10607.819595336914,14549.218933105469,144.96461486816406,10239.580474853516,
162.72317504882812,211.3431396484375,151.8830820719401,88.54566955566406,22341.818888346355,178.86170559780592,4112.534571329753,12704.408782958984,19281.057907104492,88.40589904785156,12355.361343383789,
247.8753407796224,334.12367757161456,226.2303924560547,115.81223042805989,26387.7993367513,267.3379055434084,4521.063318888347,15793.544509887695,22627.20851135254,140.97958374023438,12271.947322845459,
230.42817179361978,291.0624033610026,209.28006998697916,84.97721354166667,17763.709671020508,,4809.830546061198,9893.529541015625,14620.450881958008,139.0637969970703,9937.847633361816,
218.26116434733072,281.90468343098956,195.8466593424479,91.16486104329427,19510.258066813152,231.09662469801074,5376.850087483724,9787.974594116211,16170.024291992188,127.63128662109375,9606.441955566406,
212.35395304361978,279.2908020019531,195.57642618815103,111.64983622233073,19459.087478637695,,4778.151351928711,10364.950988769531,16180.142501831055,121.247314453125,10403.952743530273,
235.3291015625,302.9999593098958,215.3805898030599,99.33197021484375,18995.523025512695,252.6090513758575,5514.590342203776,9765.46305847168,15659.64714050293,139.06307983398438,10052.386558532715,
178.7050577799479,226.46017456054688,163.30054728190103,78.47154235839844,22962.067632039387,190.3806323026794,4136.675699869792,13907.556610107422,19686.00567626953,107.2003173828125,12285.981101989746,
205.98202006022134,282.8376973470052,192.6202596028646,116.41336059570312,22713.286712646484,228.92165494909602,4645.512120564778,13309.465347290039,19413.007522583008,113.63731384277344,12043.683391571045,
194.74005635579428,245.7095489501953,178.5978240966797,90.30559794108073,20854.84250386556,,4678.407943725586,11002.647048950195,17622.589614868164,113.22979736328125,10966.169872283936,
159.21512349446616,217.96182250976562,148.49073282877603,71.48876953125,17182.615564982098,,4105.567337036133,9434.630142211914,14424.559753417969,88.77987670898438,8903.241966247559,
179.64998881022134,229.5937042236328,166.51689656575522,91.04825337727864,15798.987579345703,197.16344736989768,4719.386647542317,7752.931610107422,12868.739608764648,101.95075988769531,7854.506313323975,
152.27225240071616,200.8681640625,139.62571716308594,63.8053944905599,20277.88298034668,,4196.115392049153,10754.739273071289,17365.50959777832,88.9459228515625,11318.086528778076,
203.4371795654297,254.13348388671875,187.95796712239584,97.50535583496094,20971.719696044922,227.78520852882127,4107.832850138347,12741.520614624023,17878.842529296875,118.27510070800781,11649.925197601318,
201.90288798014322,290.9521484375,189.48949686686197,125.71042378743489,21119.94445292155,223.01621586185198,3948.8095041910806,11735.427719116211,17719.909622192383,109.59135437011719,12502.670162200928,
237.50938924153647,304.0942077636719,217.97159322102866,106.23078918457031,17859.398712158203,,4351.695510864258,10694.465866088867,14854.935028076172,134.63385009765625,9887.724060058594,
133.9134318033854,195.5597381591797,125.43115743001302,79.80825297037761,19443.282653808594,146.86279713755647,3559.9832458496094,12111.828628540039,16762.010864257812,72.1253662109375,10793.406429290771,
198.11354064941406,261.7267201741536,180.15670267740884,59.61717224121094,20834.268025716145,204.95227679736595,4317.106216430664,11371.88052368164,17755.146850585938,121.46868896484375,11035.139156341553,
137.9543202718099,171.36447143554688,127.61094665527344,85.86069234212239,18713.782419840496,152.53674780387084,3754.5702768961587,10838.068557739258,16098.148544311523,79.38229370117188,11049.906684875488,
151.00015767415366,197.06723022460938,140.90601603190103,100.408203125,16632.458119710285,,4425.586853027344,8865.70767211914,14002.217178344727,81.77180480957031,9138.390975952148,
213.8203328450521,276.5044250488281,198.03106180826822,109.94102986653645,20140.9174601237,236.75197914975703,5028.707112630208,10656.541305541992,16856.230056762695,123.88259887695312,11125.771507263184,
214.06707255045572,271.19110616048175,196.41110229492188,91.93936157226562,20433.05406188965,232.79386986390492,5196.30002339681,10427.32844543457,17148.477813720703,126.44834899902344,11704.696548461914,
157.94444783528647,206.37703450520834,147.08858744303384,95.44466654459636,19736.693954467773,175.5409614855788,4135.554356892903,10866.973068237305,16765.393997192383,88.71211242675781,12273.926315307617,
237.77549743652344,293.2331136067708,217.11923217773438,98.37368265787761,15196.802627563477,258.84793319178584,5303.436925252278,8111.540451049805,12190.929092407227,144.2179412841797,8047.075229644775,
162.83277893066406,203.46040852864584,150.36494954427084,97.2347412109375,21875.46698506673,190.7199638783346,3543.6273244222007,13999.570205688477,19141.838836669922,91.41635131835938,11763.653972625732,
153.41771443684897,206.9162139892578,141.09295145670572,74.87376403808594,17125.93358866374,164.23765268101133,3991.2231953938804,9681.619445800781,14485.552474975586,88.128662109375,8347.84644317627,
200.85336303710938,273.0745849609375,185.72359212239584,92.27648417154948,18870.841705322266,223.20819316804264,4750.1852620442705,10737.800277709961,15885.696060180664,114.099609375,9528.197456359863,
187.82656860351562,238.2532958984375,174.10748799641928,84.80285135904948,19523.123952229816,203.79526269345547,4226.924306233724,11579.508819580078,16575.114135742188,108.05136108398438,10822.924968719482,
184.82474772135416,242.16923014322916,171.90387471516928,99.3955586751302,18174.820322672527,,4411.127634684245,9833.523635864258,15261.920623779297,102.38633728027344,9968.605102539062,
122.79224141438802,164.08832804361978,113.71745300292969,67.6289571126302,20133.79212443034,132.62240817327896,3534.5622202555337,11365.298202514648,17392.149002075195,69.03062438964844,12139.839214324951,
164.5691121419271,242.02307637532553,153.28555297851562,85.98580423990886,17022.730061848957,,3606.3760121663413,11389.32487487793,14344.77944946289,92.63717651367188,9556.597114562988,
135.52444458007812,177.69470723470053,127.45310465494792,82.35927327473958,19461.034505208332,150.04621152042114,3603.9678243001304,11396.98550415039,16801.820678710938,76.02285766601562,11415.52974319458,
217.47494506835938,281.596435546875,200.6700693766276,96.76875305175781,16771.009653727215,,5110.589614868164,9191.658233642578,13802.11067199707,126.52999877929688,8143.603717803955,
201.26342264811197,251.58837381998697,184.25648498535156,96.30072530110677,20024.424514770508,215.74789141294738,5191.594716389974,10017.058029174805,16724.940994262695,119.62007141113281,11573.486507415771,
204.7756093343099,272.43581136067706,190.807861328125,99.34881591796875,20368.915939331055,225.84886989346637,4545.392913818359,11719.368637084961,17278.392028808594,116.81195068359375,11249.230297088623,
126.43245442708333,166.5884246826172,116.4653828938802,60.332316080729164,19361.643432617188,136.10349376005132,3860.576731363932,10847.074020385742,16809.73829650879,73.50701904296875,11489.010063171387,
127.33375040690105,168.03630574544272,118.91318766276042,73.91851806640625,18133.864466349285,,3524.3180796305337,11051.009185791016,15613.940414428711,71.153076171875,10628.343040466309,
170.47429402669272,226.35284932454428,159.68262227376303,101.49458312988281,22461.262435913086,190.17832513922914,4043.0307006835938,12800.391738891602,19291.480194091797,95.10025024414062,13163.857402801514,
144.00833638509116,198.66529337565103,134.0764923095703,78.86021423339844,18999.10971069336,157.77046764438455,4010.271255493164,10596.502304077148,16187.619583129883,81.29936218261719,9708.31829071045,
158.53180440266928,226.49457804361978,145.0296630859375,69.37006123860677,16316.04399617513,168.98637073001402,4294.517506917317,9471.976928710938,13681.043548583984,89.591064453125,8032.664474487305,
175.96171061197916,223.1832275390625,163.5674794514974,105.15186055501302,18090.06196085612,,4153.969126383464,10544.578338623047,15343.115905761719,101.16616821289062,10372.510318756104,
258.5386555989583,339.1456349690755,237.59993489583334,118.09899393717448,18341.05694580078,288.1402552892866,5044.034673055013,10611.092681884766,15129.982482910156,148.41275024414062,10534.46898651123,
225.78516133626303,283.67942301432294,209.21845499674478,113.16327412923177,17470.22361246745,247.80837390339448,4768.71570332845,8838.619338989258,14193.632614135742,130.72508239746094,10515.050868988037,
144.34993489583334,190.84276326497397,135.8984375,82.29730733235677,19794.173828125,161.9224311836257,3963.50537109375,10971.613754272461,16990.01577758789,79.30024719238281,11844.177604675293,
179.92232259114584,240.17080688476562,167.21050008138022,99.89523315429688,19685.03700764974,199.82964032660843,4463.198623657227,11597.77946472168,16665.802825927734,100.01556396484375,10658.671768188477,
180.17320251464844,237.45692443847656,166.1866251627604,77.67199198404948,20542.646555582684,193.6423748701345,4461.669428507487,11064.829971313477,17563.233932495117,105.7950439453125,11463.116268157959,
171.20709737141928,245.5351104736328,160.42035420735678,98.77390543619792,22271.15692138672,190.58090291575297,4079.4051767985025,13313.54931640625,19130.352462768555,93.43965148925781,12585.459938049316,
132.3354746500651,178.18517557779947,123.70773824055989,85.11179606119792,15225.480265299479,,3605.9592081705728,9266.92301940918,12809.13638305664,72.980224609375,7567.84965133667,
45.25261433919271,81.77531433105469,45.195037841796875,50.78013610839844,19521.943288167316,52.5212594936195,1632.4319152832031,14194.333724975586,17524.988510131836,22.502914428710938,11589.835861206055,
193.3993174235026,243.25169881184897,178.1866709391276,94.27160135904948,16059.735544840494,214.00074414723758,4540.213714599609,9001.905899047852,13236.89680480957,110.493408203125,8578.365962982178,
212.0670420328776,264.6227213541667,197.95777893066406,113.8970438639323,21157.209045410156,248.3364391020999,4452.526128133138,12933.339660644531,17945.77149963379,117.55570983886719,12128.328620910645,
238.4710235595703,312.2738291422526,220.66968790690103,103.95234680175781,21918.072087605793,258.34679391955177,5149.192947387695,11730.449523925781,18407.05320739746,139.3626251220703,12800.226833343506,
238.09028116861978,297.2762502034505,219.61310831705728,112.31343587239583,21565.367838541668,,4664.075597127278,12598.433334350586,18282.693420410156,138.90023803710938,11499.71688079834,
219.64713541666666,298.6442108154297,204.47962951660156,118.2514139811198,20146.45196024577,244.00047598317278,4225.2819417317705,12518.499237060547,16976.880950927734,122.25485229492188,11210.403450012207,
189.17899068196616,243.58683268229166,176.21375528971353,96.34540303548177,16293.835708618164,,4233.3037109375,9744.19596862793,13522.107238769531,108.04409790039062,8459.243751525879,
191.67825317382812,238.51142374674478,175.4202117919922,99.52282206217448,17049.08172607422,214.01506184157344,4874.5797932942705,9208.577285766602,14269.484649658203,110.79759216308594,10232.294090270996,
167.59247334798178,227.40775044759116,155.93045043945312,94.0889383951823,20036.435623168945,183.8019894911367,4308.08810933431,11494.61376953125,16994.02085876465,94.47285461425781,10808.302787780762,
244.26514689127603,305.7806752522786,224.49035135904947,107.54231262207031,21026.75226847331,268.6703045110268,4442.1401926676435,12690.56869506836,17787.8585357666,145.4249267578125,11935.511653900146,
150.80799865722656,195.11569213867188,138.92410278320312,85.67349751790364,17917.764383951824,167.46661422427476,4236.418436686198,9647.534286499023,15156.602600097656,84.82426452636719,10560.649871826172,
164.27769470214844,220.1543935139974,152.17359924316406,80.38687642415364,20648.93246968587,176.31481588806946,4023.1914825439453,12166.746002197266,17726.5242767334,94.44461059570312,11688.934833526611,
152.5723622639974,199.98560587565103,141.58795166015625,69.33542378743489,18698.443237304688,,3830.6225077311196,9995.756134033203,15930.928359985352,86.00459289550781,9941.578895568848,
144.50039672851562,222.46058146158853,136.01933797200522,84.17831420898438,18199.145634969074,158.58044500733845,3420.4659525553384,11691.781600952148,15556.791976928711,77.63311767578125,9756.446472167969,
137.57469685872397,176.564208984375,128.7914021809896,77.71195983886719,19444.75391133626,153.52062871237695,3790.1531728108725,11040.218460083008,16798.003051757812,76.50436401367188,11841.193195343018,
169.45437622070312,204.84056599934897,155.24434916178384,82.18797810872395,18739.32227071126,184.32592604527443,4405.615865071614,10115.769454956055,15873.57568359375,99.26705932617188,11673.23543548584,
145.51703898111978,193.61873372395834,132.26384989420572,63.749267578125,19251.55056254069,152.87968686264358,3829.2299194335938,10626.532943725586,16182.448226928711,84.38014221191406,9483.423519134521,
263.8714192708333,321.84559122721356,242.90027872721353,118.92070007324219,18107.571395874023,293.77099855755165,4922.527755737305,10669.289657592773,14799.288955688477,154.13059997558594,10367.533653259277,
209.2385457356771,269.9463653564453,191.59305318196616,77.81918843587239,20286.33153788249,223.92665299763624,5062.831934611003,10540.68391418457,17088.30206298828,124.88761901855469,11503.696628570557,
202.12215677897134,252.3106943766276,184.55791219075522,96.9098612467448,21208.229161580402,222.60011802985102,4598.613627115886,11852.640319824219,17922.750701904297,116.45663452148438,11720.214561462402,
183.07661946614584,228.05814107259116,167.60479736328125,92.58238220214844,14187.712615966797,,4936.735549926758,7057.949783325195,11504.217254638672,107.95338439941406,6798.2375564575195,
181.63618977864584,224.90530904134116,167.93871053059897,99.34724934895833,16903.69384765625,204.362141369886,4728.842458089192,8264.745101928711,14088.418579101562,104.66114807128906,10133.019882202148,
149.7863566080729,201.18759155273438,138.76141866048178,81.4651590983073,20886.62841288249,164.40436402592715,3720.8136545817056,13160.605773925781,18098.242889404297,86.84478759765625,11164.528255462646,
184.49072265625,234.63457234700522,171.4699249267578,106.05891418457031,17375.004826863606,209.69757980747386,4533.999404907227,9616.329116821289,14439.066680908203,102.46072387695312,10027.428531646729,
204.0462900797526,266.37714131673175,190.79725646972656,112.8334452311198,24816.278650919598,,4252.970133463542,13082.129959106445,20897.64942932129,113.53715515136719,13967.76622390747,
159.7227528889974,207.2827606201172,145.5179697672526,60.11351013183594,20120.05349222819,165.61610628008683,4147.9954884847,11436.265838623047,17230.829528808594,96.5340576171875,10453.652545928955,
295.21063741048175,372.7208760579427,269.7662862141927,116.1442362467448,19127.567423502605,317.0424382414281,5197.520868937175,9515.458740234375,15408.611099243164,175.08151245117188,10943.330699920654,
182.72305297851562,238.9799346923828,169.3762003580729,101.59672037760417,21994.68406677246,202.52148482352695,4132.983271280925,13066.942672729492,18953.155197143555,100.19677734375,12135.069576263428,
131.46471659342447,181.8194783528646,121.29635620117188,60.17742411295573,13906.166107177734,140.6784610052253,3696.058344523112,8916.999984741211,11740.334335327148,76.78166198730469,7238.041751861572,
172.39384969075522,225.8027089436849,157.654541015625,73.10126241048177,19191.73610941569,182.7510349966802,4099.269180297852,11947.686065673828,16408.768463134766,100.585205078125,10086.372783660889,
158.19556681315103,213.53455607096353,145.24942016601562,75.54331461588542,18424.972559611004,170.7146410991343,3882.2939249674478,11635.719192504883,15794.219299316406,90.795654296875,9308.134620666504,
161.4673817952474,216.44476318359375,150.24486796061197,75.04447937011719,24458.374150594074,171.0194979958823,3821.9068145751953,14091.972915649414,21283.584243774414,93.80694580078125,13367.759616851807,
249.83008321126303,303.3356679280599,228.92142232259116,125.96944681803386,16097.604634602865,,5238.00319925944,8054.472213745117,12968.800582885742,144.43043518066406,9804.574935913086,
222.249755859375,269.3102671305339,205.77350870768228,110.01660664876302,19587.44500732422,256.603255931652,4865.166880289714,10386.477813720703,16283.371078491211,124.28762817382812,10968.058025360107,
126.83826700846355,155.75335693359375,118.72079467773438,85.73433939615886,19746.305013020832,140.81183421921574,3797.8194478352866,10707.199951171875,17048.505493164062,69.98536682128906,10951.67656326294,
154.29261271158853,205.70392862955728,142.86647033691406,83.65759785970052,19338.964309692383,,4057.3579762776694,10825.359298706055,16362.227279663086,84.88575744628906,10518.3590965271,
192.44052124023438,246.14490763346353,179.2623036702474,96.82289632161458,20988.763254801434,211.37091780683406,4678.744674682617,11294.508728027344,17863.509231567383,106.45445251464844,11854.41467666626,
193.09725443522134,241.0356190999349,178.0653279622396,98.37949625651042,15809.74105834961,,4809.3983815511065,7993.337173461914,12967.946365356445,108.75048828125,8817.777271270752,
220.38054402669272,280.10435485839844,202.1124013264974,99.03828430175781,15708.496805826822,,4724.289474487305,9659.296813964844,12946.841415405273,134.86045837402344,8987.846836090088,
150.81185913085938,214.37505594889322,141.14407857259116,90.94352722167969,19463.236872355144,,4026.6469217936196,11575.012802124023,16618.97590637207,84.242919921875,10634.030685424805,
231.8922322591146,297.75502522786456,212.6903330485026,109.09522501627605,15571.536748250326,257.8566736822125,4821.919952392578,9428.295181274414,12744.233901977539,138.7816619873047,9358.954532623291,
216.47713724772134,277.1467793782552,199.8733927408854,111.1708272298177,20527.6440633138,242.5719177489082,4468.484059651692,11347.067687988281,17313.69468688965,121.74913024902344,11194.188816070557,
271.0965983072917,336.6272379557292,247.5874277750651,112.8292744954427,12694.553507486979,,5494.594716389974,7533.263473510742,9898.955276489258,160.29498291015625,5434.941764831543,
196.8825429280599,252.17756144205728,179.0638224283854,85.04473876953125,18306.14434814453,,4502.587097167969,9724.669937133789,15275.825927734375,113.39596557617188,10253.16223526001,
159.48072814941406,243.17923482259116,148.38983662923178,88.09543355305989,20207.111485799152,173.25776047651206,3921.0158081054688,12925.798889160156,17422.637115478516,87.41734313964844,10489.656551361084,
141.4438680013021,183.17750549316406,131.91446940104166,79.5993143717448,17787.639709472656,157.11776444716256,3818.6865895589194,10155.339477539062,15243.489547729492,79.43354797363281,9947.336330413818,
90.10111999511719,123.353271484375,82.18541463216145,40.59326171875,17319.76008097331,97.21648769210367,3039.7854970296225,10632.587677001953,14776.988708496094,50.80035400390625,8269.656898498535,
249.5510457356771,321.86376953125,228.63252766927084,115.61013793945312,15033.774378458658,,5115.159194946289,8102.426010131836,12125.27995300293,145.28346252441406,9324.065032958984,
136.8217976888021,179.93391927083334,127.66741434733073,71.54731750488281,17937.743774414062,149.45426184601448,3761.8934478759766,10488.101684570312,15302.042938232422,75.72248840332031,9740.186923980713,
198.21692911783853,229.15221150716147,182.52942403157553,85.98995463053386,17710.48570251465,,4652.613545735677,9790.773025512695,14773.22250366211,116.37184143066406,9806.036487579346,
166.85231018066406,210.6297149658203,154.02064005533853,79.38156636555989,20399.832743326824,179.77265435219581,4174.869064331055,11392.48989868164,17389.991928100586,97.07514953613281,11296.136661529541,
158.8550821940104,220.42251586914062,147.82252502441406,90.18429056803386,19932.563262939453,172.37575484749667,4039.389933268229,11799.047286987305,16938.374252319336,88.39007568359375,10384.692794799805,
157.14527893066406,207.29835001627603,145.87321980794272,80.26707967122395,18566.55317179362,173.04680073431174,4074.4214477539062,10834.849578857422,15847.196334838867,88.55699157714844,9976.115737915039,
186.9135996500651,237.50792439778647,173.51007588704428,96.98152160644531,23036.920984903973,208.40934781832985,3965.898895263672,14145.746398925781,19705.952575683594,105.92288208007812,12640.142753601074,
234.00203450520834,283.63470967610675,212.6856892903646,117.53346761067708,13137.33246866862,,4953.072499593099,8243.126556396484,10375.392211914062,139.8677215576172,6808.104122161865,
184.21252950032553,240.71973673502603,170.79505411783853,93.64449055989583,16709.168146769207,,4478.633193969727,9228.59780883789,13745.467956542969,106.86141967773438,9299.559181213379,
238.2066853841146,312.8461201985677,219.1870880126953,121.94991048177083,18205.233006795246,264.86597647945746,4885.865895589192,10909.329330444336,15116.051483154297,135.1809844970703,9432.59317779541,
222.46955362955728,272.5335286458333,200.82588704427084,91.12541198730469,19737.673451741535,237.06309005735966,5048.550160725911,10024.44401550293,16431.020874023438,132.3176727294922,10092.311122894287,
152.2141571044922,197.66150410970053,137.7549794514974,71.97825622558594,16574.05194091797,161.3125450539837,3980.924387613932,9258.5908203125,14084.483215332031,87.72772216796875,9304.015308380127,
207.9189910888672,252.2605997721354,192.0990244547526,112.77317810058594,18962.459747314453,235.19757931130502,4390.159957885742,10283.54801940918,15827.950088500977,114.99485778808594,10997.20283126831,
215.07379659016928,282.87855529785156,195.36048380533853,83.35101318359375,19511.225880940754,231.3628118136966,4770.8958079020185,10758.873046875,16253.860427856445,128.32540893554688,9494.041328430176,
191.0024210611979,240.03243509928384,176.5344492594401,94.46433512369792,21390.82021077474,204.60283256570838,4393.08093770345,11742.845474243164,18103.08267211914,111.58500671386719,11995.368259429932,
195.56631978352866,231.52468872070312,180.1570281982422,109.99189758300781,14721.508728027344,,4801.1501057942705,7675.755905151367,11869.78369140625,108.43449401855469,6935.330936431885,
141.2226104736328,189.68944803873697,130.3748982747396,76.95364379882812,20161.608606974285,150.27804150948634,3562.6873372395835,12660.653747558594,17465.703186035156,81.65037536621094,10108.256450653076,
139.42000325520834,179.47978719075522,129.6053466796875,92.0985819498698,17944.01806131999,155.91788073589026,3896.582763671875,9599.184997558594,15222.194595336914,76.24604797363281,10893.796058654785,
148.19192504882812,204.40392557779947,139.5379638671875,95.79184468587239,18916.23661295573,163.16412794083277,3806.0711466471353,11406.534149169922,15945.748916625977,79.31063842773438,10124.749946594238,
140.36221313476562,183.70115661621094,132.1953125,81.26608784993489,20214.553960164387,,3610.281046549479,12085.556930541992,17555.537826538086,78.72967529296875,12042.38166809082,
166.21273803710938,211.48849487304688,153.95511372884116,92.33369445800781,18544.717376708984,,4154.1047922770185,10782.671432495117,15768.251876831055,91.77214050292969,11307.68074798584,
213.96761067708334,270.96311950683594,196.7499237060547,86.70399475097656,22387.36213175456,228.80477729487384,4966.085250854492,11610.470108032227,18960.02507019043,128.61361694335938,12932.168075561523,
168.82373555501303,214.48407999674478,155.39700317382812,98.4059549967448,18738.6824798584,,4508.896911621094,10017.312622070312,15921.56591796875,93.0087890625,11165.574718475342,
206.18748474121094,269.0181884765625,187.7975056966146,83.2731424967448,20906.590886433918,219.02275466533305,4673.8170979817705,12487.04916381836,17778.05746459961,118.51539611816406,11068.056007385254,
188.2542266845703,233.46328735351562,172.49539693196616,74.49504089355469,14080.275115966797,,5243.4281056722,7295.484268188477,11460.503051757812,113.833251953125,5999.761741638184,
218.52770487467447,298.7772725423177,204.09395853678384,119.95449829101562,22036.218668619793,241.10817949186819,4840.150039672852,12289.755355834961,18596.534255981445,120.59922790527344,12447.363544464111,
212.6645304361979,266.9838511149089,196.5193837483724,110.40667724609375,18494.80992635091,,4302.302780151367,10909.423797607422,15535.445602416992,120.8204345703125,10576.331645965576,
66.69713846842448,90.03631083170573,61.22918701171875,27.96007792154948,10090.361938476562,71.34506669688152,2415.829116821289,6736.134048461914,8304.24382019043,39.08821105957031,3498.0252418518066,
219.9391886393229,272.1402333577474,201.6721954345703,93.537841796875,18844.555552164715,243.21086984548865,4847.714096069336,9901.38427734375,15677.715911865234,127.41499328613281,10860.272171020508,
141.33387247721353,181.1331532796224,131.71096801757812,78.05362955729167,18714.0931447347,,3691.7885233561196,11393.62255859375,16090.311065673828,80.25462341308594,10243.95288848877,
163.10401916503906,210.58702087402344,153.102294921875,97.33702596028645,16921.319712320965,,4298.7964426676435,9508.344604492188,14234.491912841797,90.49497985839844,9711.441089630127,
174.15631103515625,229.05208333333334,158.29435221354166,58.795074462890625,19705.872701009113,181.6445215957441,4426.754872639974,10009.285034179688,16714.471435546875,106.31924438476562,10130.967456817627,
197.64443969726562,264.1206410725911,181.87491353352866,101.02493286132812,15293.042053222656,,4396.907094319661,8523.525665283203,12511.164749145508,114.43572998046875,8087.488540649414,
212.25166829427084,277.3418426513672,196.4002888997396,102.73528544108073,21882.02717590332,,4759.321253458659,12186.447692871094,18612.619094848633,121.15043640136719,12109.633972167969,
154.3777872721354,185.21587626139322,143.78968302408853,89.35386149088542,26965.71872965495,167.62715453169798,3659.690704345703,16312.281921386719,23717.94207763672,88.73556518554688,12542.708396911621,
173.99796549479166,220.45934041341147,161.30526224772134,102.53928629557292,20763.528208414715,195.02841261608637,4252.489959716797,11895.937850952148,17795.019638061523,98.1336669921875,12369.615684509277,
207.9680633544922,266.6171366373698,188.8935546875,75.49272155761719,19730.410970052082,219.6711580755816,4649.3563893636065,11239.503890991211,16775.619903564453,124.93086242675781,10562.197116851807,
148.57406107584634,199.96404012044272,136.50348917643228,62.277364095052086,17654.242757161457,159.3081818561907,3681.5292002360025,11187.77946472168,15132.959976196289,87.6817626953125,9467.136848449707,
197.66836547851562,252.59319051106772,183.80656941731772,92.72862243652344,18664.891199747723,,3834.676762898763,11578.287353515625,15927.74040222168,114.81748962402344,10024.668380737305,
237.38118998209634,309.1841227213542,216.69843546549478,92.59074401855469,18691.64697265625,,4865.740559895833,10455.765548706055,15432.668579101562,140.656494140625,10189.24068069458,
176.11121622721353,227.25257873535156,163.19587198893228,78.38654073079427,19385.319981892902,189.37289032292608,4284.9482014973955,11476.191772460938,16504.896209716797,104.85600280761719,10564.905765533447,
147.08194986979166,190.89315795898438,136.07746378580728,84.60464986165364,18288.776311238606,162.18216315655206,3912.988855997721,10510.65446472168,15671.14143371582,84.26118469238281,9630.896045684814,
173.7196248372396,242.05502319335938,164.5797322591146,120.9605712890625,22801.41570027669,,4119.7203369140625,12545.14518737793,19513.999069213867,91.80433654785156,11978.863788604736,
236.79938252766928,290.2768096923828,212.70704650878906,82.74751281738281,17940.398351033527,254.57204513417764,5388.2349802653,9430.124435424805,14744.120422363281,143.97146606445312,10771.449401855469,
185.82658894856772,235.55794270833334,171.48218790690103,83.82957967122395,19641.270533243816,197.60903511723424,4472.168273925781,11358.462463378906,16774.55531311035,107.97834777832031,10913.055240631104,
159.06482442220053,219.28943888346353,147.2444305419922,70.24444580078125,17768.804265340168,171.56340567272775,4121.866307576497,10662.39128112793,15143.768463134766,91.35609436035156,9464.903095245361,
212.63768005371094,253.3327382405599,195.04051717122397,105.54442850748698,14191.99422709147,,4981.8784739176435,7959.045791625977,11458.838394165039,124.24374389648438,7275.607604980469,
189.11999003092447,237.40545654296875,175.11812337239584,92.01271057128906,22222.58184305827,207.20746414014306,4249.809814453125,13573.810592651367,19054.40545654297,108.76823425292969,12466.681312561035,
