psnr_mean,psnr_median,psnr_gaussian,psnr_unsharp,psnr_wiener,psnr_chmean,psnr_amsharp,psnr_laplacian,psnr_log,psnr_admed,psnr_midpoint,psnr_gabor
30.833300951845416,30.30150618259298,30.920093668727855,34.09348525840089,28.027816596993766,25.219985439219997,28.11662618814651,27.907059766637452,28.118869896995715,27.967964333563305,7.906159189729274,
30.662628114502727,30.341036797169348,30.78416481443729,34.36113803512641,28.164799306236993,25.166604733337042,28.103549744125857,27.991394070697186,28.200502037278167,28.079901709322233,8.017604596340085,
29.990018765206266,29.777728942793548,30.104879105110207,33.18022430894024,27.902669999785257,23.447463022350178,28.096801272538265,27.962148906620964,28.000901674825315,26.193407970542317,8.073378526812695,
31.422939099602768,30.870630529796163,31.5297596350156,34.94621763811611,28.042018441099504,25.994668759396937,28.081983449920397,27.988974077719917,28.184295923303072,28.92392625414837,7.6694710669398605,
30.893914644453375,30.53077540207046,31.02218340393323,34.3032928901873,27.794398156177706,,28.29557614761923,28.021968995487132,27.91081389969557,27.948779453969735,7.238669036317339,
29.852193061498987,29.767230093527346,29.996580578580975,33.42733459598919,27.990480106115847,,28.255046808528284,27.88725608013058,28.076581026535834,26.469564529401914,8.406100909258926,
31.433992107088578,31.05627317482904,31.533394899954597,34.84265348703633,27.72006582391176,25.702958457136017,28.490620730047546,27.918239153357227,27.77018146954201,28.887334708494524,7.580847693739761,
30.481769079020083,30.225822889874856,30.613148662958203,34.406120377091895,28.187368136703185,,28.117689316744286,28.055300519481158,28.457669427175595,27.518822254822904,8.178869035972069,
31.345459870179,30.870320451823503,31.426356735612547,35.04270895119206,28.162632103696694,25.71573071557453,28.106359305348793,28.030992033646704,28.292709151961407,28.90199450110174,8.046696208472175,
31.270843730240422,30.923661067132468,31.428566165959566,35.05385063889034,27.893979055747224,,28.34086732302554,28.053859521296218,28.095217394124738,28.260329842315794,9.042594700370293,
31.240499530602463,30.72102777641853,31.328387120110243,34.782755512777676,28.11412859580992,25.886948216783047,28.119222150912737,27.955417666091968,28.137507157061698,28.70201925773472,8.855964189334358,
31.179426218188876,30.68498799543226,31.265221749661627,34.462093870709495,28.012773121539908,25.34478692968355,28.17194624726447,27.90452463508176,28.058198939966115,28.63129597027499,7.924238175786465,
30.99795233301269,30.48862819555869,31.10156652793269,34.63331335828315,28.05418049757659,25.96758211315505,28.058740097170066,27.932395311341956,28.113846944671042,28.627904880149508,7.792117932467048,
31.234472931678965,30.840577246305784,31.372435935056338,34.999236691425104,27.947964209505077,25.476753841916285,28.183536314615107,27.94771388455036,28.00342420953179,29.027960101281842,7.734702950331091,
30.860379810285185,30.535004215173252,30.95469723309817,34.15317545002693,27.813309707537943,24.729759734880528,28.25164017321484,27.95611018128706,27.862837122996325,27.680616053618728,7.971275709393364,
31.020432101502347,30.61851203642035,31.122781152350562,34.665627026634155,27.995283511387797,25.252699543426704,28.15297042789745,27.96357317978341,28.064006811022416,28.089222603275182,7.76484170460453,
30.879255995001014,30.49793038369399,31.01748119697486,34.578406618232435,28.062124130080814,25.952473211713176,28.067228420753718,27.9648027401165,28.012105687565736,28.881748198655515,9.652282629573271,
30.61232874969194,30.246401023089486,30.70572438654388,34.176899533745235,27.880052448281436,24.477204130744813,28.042654773087992,27.87075180498331,27.87702669446133,26.821304419992575,7.798359658288314,
29.861882301749144,29.64819937131423,29.957921078406855,33.05679315298371,28.077444997707495,23.48836068544871,28.071828550381476,27.903657279094,28.00609695385603,26.192775967040383,9.088242236547588,
30.941104611116362,30.54510688172715,31.018765259805203,34.506496918227974,28.286028372767436,24.627980138480147,28.165564996554863,27.99982645639908,28.269655871325668,27.964613946821967,8.53156530376253,
30.77625561297499,30.41352547393923,30.898402994193717,34.303776049254765,27.947338424169814,24.905419163031194,28.140385047976824,27.993346060042676,28.132802713973334,27.784291301592408,7.35696736747178,
30.72493341589704,30.356560166241792,30.837815226395517,34.294760451839906,27.80919271151278,,28.077544059930794,27.928429564900238,27.94449588926966,28.188782492419282,7.154584292301598,
29.967998413871307,29.762935103816414,30.12012916145132,33.99012174957955,27.987738510916227,,27.967677110965603,27.98274809099715,28.259955032800423,27.78372720189634,7.326671146613631,
31.070094754622872,30.58686464353595,31.18176946427603,34.65082123142927,28.05887675491601,25.695608911625474,28.112684226890046,27.954283020066843,28.098916786895657,28.5471944098453,7.798431647766685,
34.07454341999257,32.7370856963567,34.12291793224135,36.42241481955872,27.94480655542499,,28.56084178149085,28.020423368076646,28.000347955536423,35.352708847981475,8.341949763452108,
31.232206652296817,30.744211657048226,31.35209149464163,35.02670316754243,28.379048177732127,26.583396996485767,28.07751874866323,27.95022414053212,28.444364748358026,29.202666655042137,9.277524221910499,
30.147724358629745,29.91747463030609,30.2564851337338,33.6436467077328,28.050525722630187,,28.12758351143696,27.992182848622676,28.05803862613044,26.912703829010987,8.133720943743882,
30.253719797333233,29.97988045787837,30.3802445230657,33.87862680800341,28.128902572732425,24.138222785343277,27.99614088093304,27.94100305981463,28.03065592957346,27.165992345120515,8.828000870212911,
30.35939990682303,30.10184830709873,30.44427117195497,33.75533583916188,27.856395429500026,24.127573769834967,28.267853351304062,27.924663971950924,28.012069578121015,26.904681553164977,8.472722170076288,
30.56184550133112,30.161375034720482,30.648956078327107,33.639346614601614,27.932279246901377,24.303059865199575,28.06580587409008,27.959594163588903,28.045292432483837,26.935285112545326,8.637511802931419,
32.15042244766206,31.566955014092436,32.27625885275088,35.712186792058745,28.14636424797184,28.0666891865829,28.448862138730156,28.037581427626282,28.1295268105023,30.50699407283194,11.00469767515775,
30.844929486606496,30.559112552516567,30.914158282528025,34.12987038714617,28.03800671895912,24.516617102413996,28.23677028400831,28.029927469569756,28.142033324396216,27.504600518574627,7.834630698835281,
30.628861330335575,30.32176351778382,30.743902814406777,34.36665336009262,27.680230530481758,24.78932594668695,28.099339136259008,28.02615438400941,27.870305550153844,27.57489778509929,7.452726874465342,
30.266057069509188,30.012453510859824,30.36644640596625,33.62284736081206,27.881166403135197,23.592482981784148,28.02523329119979,27.922629533465404,27.946579978866673,26.205716850846855,8.113303113706115,
30.21409168049146,29.94849310862621,30.335110088141594,33.93037976976633,28.21933047646204,,28.095258364331862,28.013401957529155,28.37355739170906,26.798509762276524,8.025701790283279,
31.385830016001556,30.887542721361072,31.481562208776694,34.51215784431032,27.746654460417513,,28.198252784675468,27.99700141845534,27.953247906220476,28.857078515630768,8.167240642125227,
31.694571277766087,31.038672923480803,31.743053565470376,34.519873373644785,27.897351986317286,,28.33617856039676,27.855927009836524,27.8731092906171,29.01365644637955,8.412170309114499,
30.223978990275093,30.09866914744718,30.342610900442534,33.994323556857125,28.103344505504644,,28.39055525239663,27.983023501853094,28.260460930874093,26.85648697078243,8.663121935619456,
30.641037894626947,30.317212784766937,30.70939028523213,33.77871710401645,27.932010833385785,,28.300865328712316,28.051788394980626,28.082166493407527,26.657070888649468,7.670305459359877,
31.5071599401157,31.15267257944849,31.585618771302855,34.94841238679428,27.785463582535698,25.299070390775853,28.462655558375218,27.939366762512567,27.951537677881937,28.677989895946375,7.44472608022938,
31.7203959950006,31.278600618830996,31.80792618301485,35.19859156092613,27.726604350876222,26.38235099073794,28.501674084634907,27.96386204415732,27.8630981796747,29.023571675339312,7.127670400340948,
31.43227829249031,30.88377667908652,31.510870132883323,34.76452149444909,28.00963997336435,25.71977542580715,28.22275945772066,27.976383922093056,28.142218694982724,28.879240666470185,7.7114450898220746,
30.22218342538749,29.994742230534662,30.348276953499443,34.1895019920939,28.153988304917515,25.15508418720343,28.088913903293236,27.879188089419486,28.045858410700838,27.64067640256657,9.15627948561663,
30.581111048871264,30.30730404646586,30.700332517310727,34.28843639443243,27.927069039498814,25.026020642099837,28.220246095011312,27.924206456139885,27.959415152140927,27.711622468410265,7.862797018853711,
31.64809659649064,31.13040209613913,31.7558453392059,35.4564387966832,28.173589593868748,,28.221610524097546,27.995088250081036,28.36038176956879,29.171738554656123,7.899719576937474,
31.247985015847554,30.88535542831924,31.330547255085502,34.8240048195517,27.61615303016378,,28.338669566612893,27.97619078766482,27.747755141692796,28.15993312648798,7.360231732360366,
31.1122027970208,30.674283242715134,31.24701523803575,34.72027873450125,28.01603416731553,26.03068095437564,28.145832454688353,27.93895778449859,28.19918237042053,28.76059886626787,7.339012265682008,
30.026773437533194,29.772999256145493,30.167030699174468,33.60236516708922,27.778836923282128,23.98032289017933,28.003451237729216,28.009113491095583,27.957149797879918,26.66446993855483,8.088102005670848,
30.491144057864076,30.208732636305363,30.572159687023465,34.04188455184973,27.92900160189565,24.456680200086453,28.110826064838264,27.95657489034032,28.003327681628374,27.150173836952,7.442937806027949,
31.350858942609378,30.86429265264961,31.421539244354978,34.57945959752421,27.9743330003328,25.359788385757355,28.30266368006635,27.92880908711579,28.057059927728353,28.159742995595902,7.659106024719668,
30.81583454509825,30.327905019438873,30.913324806143976,33.984050666277945,28.025466780092305,24.95015840199479,28.070043981504597,27.888111393073807,28.03254661047985,27.41797706826533,7.982640677491465,
31.071494029958593,30.692761658552,31.14572269705318,34.62353563276626,27.928361465256657,25.163938889945076,28.233315073604942,27.823494071736654,27.841548797809107,28.38417029953524,7.257974160835189,
30.06637775492095,29.78320635403865,30.173027441949998,33.28074598165509,28.088328943104276,23.728636416787072,28.08896990959822,27.96316701668651,28.16350112508221,26.545520461586854,8.363635516278595,
30.201510571009564,29.92533789535132,30.28173942599168,33.7788582052397,27.945593266595377,24.081506694200385,27.990684143314507,27.942426759409354,28.008931138190384,26.960105466667223,7.973682454358933,
30.72705582637824,30.310816333164126,30.83734846937434,34.365680432015886,28.103802848529874,25.160094137496436,28.042707588504555,27.856542870843953,28.120326020830746,27.84689384833644,7.542253038679827,
30.427530449894654,30.198468499617647,30.53808999425197,34.252265618899685,28.34982095677465,24.833394573114468,28.150279887274635,28.050891777410136,28.392393014010445,27.862264597783426,9.125717376972226,
31.98082606994477,31.17352778301352,32.05311563956498,35.44376069550239,27.912505852355423,27.887318944132907,28.18095079492363,27.891531821688215,27.89262321432328,30.19765854098931,8.835732586392588,
30.650989974285736,30.331400648609804,30.759354920651866,34.1538658581046,27.899016713039373,24.883859410961296,28.107676109760188,27.95906734316381,28.02676639778121,27.680432049670692,7.2239369250141845,
30.747561954458753,30.43233116344605,30.811836095740954,34.22752758719663,27.62813276922038,24.482674047752937,28.183470802632726,27.94216660119414,27.695590685720184,27.343063020979162,7.419762491480438,
30.9569421814717,30.627439047018118,31.05676146548423,34.83191495930187,28.00479106039656,25.007579086161485,28.155818374483204,27.93490749481705,28.054144687688108,28.10522340452227,7.923518273151564,
30.07709887527102,29.847401632260535,30.20056022842082,33.81699743672646,28.258036887743838,,28.047778694270878,28.002954460586977,28.349136830999626,26.815916777529466,9.128270625533506,
31.299347841013923,30.754992163503143,31.418375914133954,34.69982170856561,27.83270529527494,26.061885890447698,28.17228632972764,27.88909223391725,27.78761130722517,28.64695067371414,9.38287491450386,
31.654609000029957,31.250136776098746,31.77425894816597,35.255504150855444,27.85565249253243,,28.43329506769427,28.10412402478855,28.05292732713294,29.212183534415715,7.43679092424575,
31.273243213486843,30.869420230386826,31.41334383249667,34.9905841387103,28.098620772105058,26.93802405569109,28.468737499587597,27.83304539866064,27.95048668907533,29.839162152326864,12.819754079145957,
30.671569835332132,30.339888646039125,30.763808334687234,34.23120416683393,27.956683966245798,24.678312198289348,28.09803581850314,27.936865941230554,27.975784082320967,27.356367668426547,7.870837419377681,
30.155286261551858,29.959919933250116,30.30684976136074,34.04670082026753,28.12008164700124,24.943666683492417,28.04375667038679,27.91654643786391,28.05195368431866,27.800834465077102,8.84782556384949,
30.46288385315062,30.196253027537132,30.546337948971072,33.87395348628821,28.022102777570204,,28.178853915074153,27.97326029138441,28.120063578427235,26.70426036894691,7.444305449425644,
31.76654574235993,31.248681922694498,31.856200721105495,35.44055176491038,27.690535917854557,,28.288798640790638,27.967621583454566,27.75807340163414,29.603841376956623,8.773327158889746,
30.22149808085437,30.043548836403346,30.338944633959542,33.97952584757139,28.06545923159976,,28.249064874245427,28.011319730186695,28.295561922649263,27.611942669020102,8.032403630949885,
30.88980116343071,30.56334082859418,31.009480895417788,34.57657426307375,28.06599672423248,25.05902832383503,28.165363708672558,28.045523753359163,28.185474843256575,27.894430260198856,8.003616134291729,
31.827713087083875,31.223917421206444,31.97125944846644,35.43678922849673,28.067817947811914,,28.263058939059782,27.994763262240447,28.089973551251795,29.32335047514416,8.481992031139495,
30.83786054528288,30.461787289793936,30.935057881172465,34.414983559657244,28.18335409090107,24.74830744244533,28.15428700738828,27.980238813901217,28.248727805214372,27.850421113357974,7.968240587817417,
31.018975298181385,30.53296744949636,31.108358794691227,34.28111455519186,27.8218154534899,25.617096706205345,28.189682288318465,27.942371553802523,27.938681983861464,28.099943127740985,8.583949945657478,
31.367635033165424,30.846801317424763,31.49552006346081,34.751410864107626,27.943876739496783,25.8179136850586,28.27032781781866,28.00061290880345,28.04733055937641,28.531845871761853,7.400985578412299,
31.330791848967475,30.887726087390934,31.43662486438414,34.98884047974939,27.671357828090475,,28.194708587764925,28.06007557321665,27.88688831602359,29.015466099476825,7.293354884768113,
30.651062194115973,30.206778049657807,30.76846418060835,34.22996060024581,27.991298023717874,25.14207796636258,27.987247374560408,27.93560371606331,28.04340593796831,27.84757299673916,7.967552693628446,
31.107236459729165,30.81487997466438,31.1548768927388,34.55684557359983,27.911871502894083,,28.399996494601687,27.91719745273797,27.897848134170896,27.668701176799395,7.794019791379831,
30.29629100509254,30.002918780333584,30.38296140448342,33.540731044035766,28.02041152383664,,28.20701219938883,27.956297968684577,28.073778230869607,27.02367738108527,8.845298101661667,
30.83160113134978,30.4162927983971,30.929020399915697,34.594633262398766,27.987782968123135,25.45874863081354,28.132979955820232,27.9729656890091,28.13055511049274,27.949235752662087,7.190974515233163,
31.383198434486683,30.913784707688553,31.50485396718297,34.990481235892595,27.992626184591135,26.001757927845905,28.161591287238352,28.02048280511427,28.14489515854501,28.95172397166451,7.941432994548519,
31.223316772834817,30.673312075655183,31.302883233529514,34.68066911064553,28.013516555228737,25.867380088634025,28.13075037364866,27.922612478537626,28.102357958951742,28.648343510943512,7.858648694350297,
30.137973527485723,29.874973412392617,30.2507809461802,33.61937287871109,28.024238463069267,,28.04856759337436,28.01192127462175,28.166717905672883,26.80705626424792,7.528782050009388,
30.612964012496686,30.30010925037404,30.707593532261924,34.30536316579087,28.250297612057864,,28.09874443805263,27.98081814313816,28.30595534835968,27.707075330480684,7.890163052665682,
30.648149885454878,30.192876536043308,30.759972806414282,33.66621151897242,27.97781607078631,24.722278713071336,28.030641682961964,27.926079795803286,28.054441593142787,27.39278917741121,8.496598543104298,
31.006433342350476,30.586823036102544,31.073738419528564,34.49946845609932,27.857587338500448,24.83451866532907,28.18404881787806,27.943386941568022,27.95615728651535,27.426095143248315,7.2936310874492,
29.74838671873462,29.548351224308572,29.85127939101933,33.35192325467357,28.127903140056738,,28.025490927397612,27.93253522587273,28.143479956540375,26.207224724002366,8.880949271615068,
31.01705569335026,30.513833143826137,31.075434331221867,34.326423022646544,28.010778862656878,25.665825166711798,28.108174903705073,27.876134815195574,27.98881052663459,28.443325632842026,8.43455023095019,
30.936061573245045,30.541517362947562,31.059396235951667,34.70056362288083,28.218696352976167,25.499008276985755,28.072511547327327,27.88069238480073,28.10887397082749,28.705117767119678,8.62739383715281,
30.537607071955076,30.300984055260898,30.667550239756235,34.16925567368315,27.84083856347223,24.13146368762993,28.340641516148782,28.113823181191783,27.939636899344265,27.06855485029232,7.778131488331846,
32.47804625064241,31.891663215945766,32.477736723211734,35.29688322177356,27.61353561132514,27.337481591061966,28.386198163256765,27.906295107221307,27.734529048327396,30.92284971276696,7.65418314491578,
29.81018045193407,29.725219446900127,29.938564707816386,33.37430316786376,27.702042808287615,,28.090017535621897,27.986717616539273,27.751005427214377,25.302231826553722,8.09725440571352,
31.199144235500924,30.685510660003892,31.28377517230596,34.672275306340566,27.73897525403068,,28.199328681061658,27.942461025311385,27.8723880488471,27.85907752928301,7.4817461589933565,
32.38047157236694,31.707208255739676,32.47192170964102,35.760198712434764,28.15412643837646,27.742901039050057,28.433237992623237,28.00110169996277,28.079450465935302,30.220961535501296,9.282717225542466,
31.314829865915943,30.83318653975106,31.40370776704847,34.41575724971617,27.836671867494637,24.80939824624923,28.3131098420322,27.953298797262338,27.92418749934232,27.92552352424208,8.088255784872217,
30.43309601702503,30.16732124871809,30.52855683612868,34.19614056174504,28.19852896955968,,28.118659087023012,28.014314092761033,28.183330614782225,27.262279272523994,9.14777639320451,
30.82308653733774,30.371873498753637,30.891819248195937,33.87705796844923,27.88373530191979,,28.145796102710847,27.86719302805667,27.85628345207693,27.628578235400237,8.921231712409499,
30.923946400730394,30.621055699912617,31.065146789033765,34.53961222115169,27.94490115641335,,28.372640171650435,28.03352239166726,28.126608877682177,27.302358462109787,7.862566170237068,
30.8525030911375,30.444684364885003,30.917232375589066,34.04562883115338,28.205146951814427,24.53958820133867,28.12388631510953,28.003155223781732,28.24772560498142,27.615059304878635,7.886133297433295,
30.571348249964018,30.216637277448864,30.66523180659322,33.71309113481612,27.911124685668938,24.058101683776894,28.140627910241527,27.932351628543024,28.006435026415932,26.883844984003254,8.06601802782872,
30.139031982183834,29.89407863600029,30.239566224076047,33.76734677732691,28.134987359901057,24.73492539944917,28.07923457554637,27.87637604827878,28.003138493161025,27.004526365217203,11.929057815348365,
30.903014341840485,30.51212198391719,31.004725197383763,34.219395661357225,27.832137140723965,24.658772094071754,28.21087087487282,27.91229264178504,28.021550872259986,27.644926972025704,6.677685067479624,
30.564725248277917,30.139074423950728,30.649871706809954,33.787164489847804,27.838292428208653,24.655428614559135,28.044740171228927,27.833512594397153,27.76153653643528,27.424110662228735,8.861222745709686,
31.90380706871922,31.392119185422388,31.982761016606588,35.1176981052859,27.675827719439894,,28.345245520530874,27.928283457689204,27.78103436049099,28.939882965312783,8.015259612818213,
31.69059606491296,31.20066902728157,31.79658655053889,34.95782054888568,27.84305912926151,,28.254016333582875,28.022301842597273,28.009287474503033,28.60484638937139,7.523086553195925,
30.6049963167739,30.205785948026964,30.709475082506774,33.6761934241436,27.712193126285783,,28.137195669606136,28.03120964090686,27.995324620150015,27.5681599171008,7.40050870226662,
30.174324321609202,29.873761911009314,30.29037597337576,33.766805728440055,27.948493073707127,23.947478800524237,28.029695251413578,27.96368987102536,28.036185847909874,26.540310189358532,7.114811575396707,
30.5799508392801,30.19013187415632,30.68147933908164,34.09744098578401,27.993043672139542,24.745830536876092,28.06509107665404,27.954625355390718,27.951794582551326,27.212867343503415,8.35278550243919,
31.40747056592991,30.772283275491127,31.497158798591197,34.95989983062395,28.10404674712781,26.379154004953836,28.08898697416283,27.90063640873796,28.122959255307556,29.16483575289834,8.480481959768918,
30.740279384537097,30.385440163352015,30.87456550292062,34.09925388642316,27.82341524981745,,28.14667750225247,27.946122688924504,27.858172524388003,27.66137436168231,8.625132849412724,
31.31319735987836,30.88615189207694,31.425184995110683,34.70124549374408,28.009423229360642,25.677360011460586,28.236423982877945,27.906142820764522,28.103612963965254,28.59517409732863,7.669975969937246,
29.908422997970156,29.710004394234897,30.037292267169136,33.34431958901086,28.15409401437251,23.20364728541731,27.967999652616466,27.9603567968065,28.18165810024213,25.79518201837995,9.235058677088146,
31.48754617321298,31.100125583626653,31.59703778689118,34.81537803050743,28.125712345986997,25.76568480252774,28.404168199294983,28.001380206896222,28.247750112554506,28.54746063533616,7.877893608504327,
30.504295795000512,30.201461821309067,30.634971885056412,34.31539077461113,27.962374141052987,25.0331534101607,28.04461305279684,28.027760942357595,28.242549438332322,27.907720691883505,7.535623109493215,
30.322883101366187,30.062679873894783,30.42912684829766,34.0603795965605,28.09613548237873,,28.109250911614915,27.994611052977987,28.218730840781273,27.085394986336425,8.036587485069719,
30.107844807523136,29.882951156459644,30.264216950625492,34.09501216959965,28.035436578973826,24.715202492939778,27.9732475099556,27.942525750530653,28.061806914428043,27.37360301658905,8.098811819386672,
29.98267807775683,29.744174368916184,30.1105006537083,33.76397784346038,28.139988571859416,24.278110462842733,27.965438914879435,27.90619882631997,28.117765075690876,26.9937691428142,8.515276401418543,
31.1657522110808,30.75097945103615,31.276167639748294,34.83143029294948,27.726935038009962,25.324015823767443,28.198232144430904,27.983030547476197,27.92410409041606,28.587717356449758,7.1595265281224165,
30.437864564327768,30.101676861657044,30.552106192880657,34.067540234238564,27.980491447425425,24.844305729785212,28.030527280048982,27.93339633760361,28.062857141230502,27.65574716049437,7.995075640292008,
31.10291554848279,30.64336432383471,31.196823370384546,34.67599158678339,28.15602255313077,25.130532952921328,28.11909856138806,27.937215779393224,28.17677769262192,27.988897753113623,8.243270245041224,
30.851064341729195,30.564977887690628,30.973872286225316,34.76092391757295,28.12835657625775,,28.436046454533866,28.047258402712355,28.427165560987746,28.174630389381832,7.9328804953423715,
31.81038444240698,31.21318581673229,31.90487673148212,35.23104431871319,27.99492189951179,,28.304157932630023,27.96723801624625,28.103651818281485,29.317939069020476,7.658014912668058,
31.454286492300426,30.86816255709195,31.55563707726528,34.88966571211424,28.038569802160023,25.69793464662594,28.112108593300064,28.046740990045038,28.18453745169466,28.603726044213253,7.844780149469667,
30.750268361134484,30.300512956576085,30.859598824040866,34.10781799894365,28.014771092506873,25.24485857264426,28.09117967213176,27.903828346474448,28.05456010054892,27.741020140032116,7.713149586149777,
31.109487998506662,30.802678006121532,31.19818709205143,34.529521436804096,27.883164605575207,,28.33337675690612,27.995369583304242,28.13880954047363,27.794218466772435,7.181975787377747,
30.46711399662945,30.282692111813596,30.593585390755393,33.6951483468381,27.936467759981557,,28.318477403083158,27.918615892810436,28.000439272555397,26.99927183687108,8.473610627255438,
31.417292008485763,30.865051681573362,31.484378880624156,34.54472736063198,28.070756980335926,25.95374434458116,28.234195867424514,27.887274876406963,28.050550226518595,28.783721370633586,7.867030178046141,
30.613209302004392,30.31937420886555,30.71608235831548,34.01986185796834,28.037613209524437,,28.227134638886064,27.976740156135172,28.12061624638772,26.98561418600672,7.838837659635076,
31.035951078935817,30.65196445124581,31.130471286578203,34.65066758979987,27.913100796707752,,28.172799068319105,28.03473886152898,28.08823225944158,27.31105970378842,7.621066881665904,
31.757930557390903,31.145683336329615,31.8295400937263,34.98530172958792,27.926184315381178,,28.167504428983904,28.02836994641675,28.070723647809864,28.784925339708924,7.745555259768384,
30.96871082787398,30.619349964316314,31.087803867732017,34.48064468813342,27.93250188233261,,28.19641215033127,27.938737142587723,28.098522104991655,28.128741835545,7.050062807447399,
30.795572591038894,30.415269609822634,30.867161989816047,34.131068028523586,28.070973756927078,24.546037674166858,28.1863198097388,27.928513056942084,28.155594877632243,27.427097586054092,7.2327122792968,
30.746918396790242,30.307859024214444,30.853922468402367,34.28580271897943,27.75942904126869,25.32541728577176,28.04259459892894,27.926505897438474,27.841035483264072,27.775168855878306,8.618749081539809,
30.556591771934958,30.27108092252503,30.61878231807779,33.962080871305425,28.018596506665485,,28.160419721580862,27.99019737858888,28.111539853386486,26.62083408733412,7.5417362099245295,
30.54716900108211,30.280131789480773,30.65502902525043,34.25405838079223,28.15486692638217,24.399707159568038,28.168487393541824,27.997021980919964,28.14132912117572,27.451435572533715,9.102795592450336,
30.66581387279658,30.33128955734691,30.77825655545551,34.42788857618895,28.199745648547538,,28.05569433224711,27.98628941242718,28.258217950269746,27.83675216897808,8.248984334499154,
32.00330124377304,31.25708121771236,32.2017897680534,35.59624573101611,27.786675972656663,28.612633517388943,28.07913307366306,27.83931247956026,27.75144930573837,31.229675972727804,9.625124788663777,
30.786982494752195,30.533766368571072,30.881140185855198,33.67057390118617,28.009243441006568,,28.573203405745524,27.85779290172971,27.945025389476527,26.190077201977857,10.398024229778109,
30.08639016122014,29.871705343730195,30.195899054886866,33.80414215700401,28.16372502918596,,28.036341466554052,27.879276268659275,27.99573059007222,27.15913621695202,9.3324340241426,
31.83250945419634,31.240614795922866,31.84938902139637,34.80999896088099,27.913212567946864,26.659078038031197,28.427447470462223,27.938293990548587,27.993387792510678,29.749783405894348,8.2001267212609,
29.772784539267434,29.585707739338982,29.894810032211204,33.74222245037318,28.43351863868156,24.227320038671483,27.922051808761168,27.896869081639004,28.309719983627005,26.929520097755017,9.002225972833322,
30.31962540299339,30.04353682689875,30.428498416658147,33.89793394330711,27.969181729967385,24.475467848226486,28.090683920501736,27.964105648915766,28.063607458754348,27.32067687389656,7.933515909502306,
31.062936773463143,30.61502338780386,31.167319546002727,34.65578827004854,28.016802688878897,25.56288107683851,28.085552222782507,27.985505549320628,28.142101093370506,28.406677336701843,7.548853423819235,
30.764223101780782,30.510268987863107,30.902273320244195,34.636995445708806,28.157892378362778,,28.35407354786121,28.104193839312064,28.17172013504177,28.294811736225913,9.798571495075075,
30.40800543859623,30.21468948148737,30.52465244199285,33.8455434931824,27.999134221770383,23.755091745156367,28.384544041073717,27.999056218345657,28.166674473956228,26.806080204672792,7.781864228073003,
31.95333316040687,31.39483158598071,32.04826220321288,35.55134818695613,27.886452510976714,26.82029765186382,28.32851551295581,28.000583325840935,28.08221957309315,30.1310714933394,7.565684395325837,
31.415021015833688,30.926729281060872,31.50186316824901,35.101947424022896,27.963958761688477,25.714287301337286,28.250412503792823,27.907678515553872,28.045515306031795,28.52989270102377,7.368974855296138,
29.991289583978272,29.761997246217945,30.114030941760475,33.609092413592435,27.999181153077334,24.2034071463517,28.12092698773141,27.931514776280704,28.040210381948437,26.822960069111232,8.115263230330607,
30.254559731575682,30.07520504965823,30.3566416657767,33.98400815778476,28.269119255534893,,28.149613613419213,28.087250670269817,28.36327306369782,26.91032160696812,9.09747599263775,
30.124575081195047,29.84404215520084,30.206459554991334,33.596802201149806,27.89569522132842,23.979661576043917,28.05679042258117,27.978977999719547,28.036605382585137,26.695284539923087,7.382781340657579,
31.31710288006169,30.815092675284163,31.4829394874561,34.796136522696266,27.741664350343953,25.950706939509946,28.141659063813904,27.925832625438684,27.93131033537434,28.78595163442362,7.29216903413414,
30.305470790363408,30.085509369370843,30.39292138329091,33.74117158264967,28.13880024583424,,28.271186947687873,28.016513293995423,28.22068559734823,26.631440774951155,8.524760221603838,
30.296848214565422,30.015268449307136,30.3874645983953,33.88508650522425,27.812991676686487,24.31256942662654,28.074613951633953,27.990636875982453,28.02502633093127,27.143823039050893,6.9279675677080785,
30.496853502564445,30.245252456179223,30.649845272777625,34.35697741441771,28.20389393917275,,28.14340441229931,27.97080566910048,28.236728862223117,27.68994235373202,9.37199116937786,
30.352322822927533,30.04167746998425,30.46980326990999,33.827871218532295,27.867671396590403,23.972711025163925,28.025325132978338,27.94199084458664,27.9812637351054,26.458933278065523,7.785708203241399,
30.080008290771172,29.803055477007074,30.207695188250586,33.85774741840624,28.110616744294678,24.344262227657424,27.90922755783425,27.960626968014473,28.211811717663483,27.019383569386335,7.7000081976228945,
30.642162160115017,30.34977047040147,30.743688734028467,34.31937947157796,27.898333032154593,24.565365958462703,28.14876111833094,27.90929913648023,28.064187575673895,27.471133415126943,7.125739652174933,
30.133581838403227,29.9491675834386,30.238061678209057,33.968216170772976,27.950453419334103,23.50970947855928,28.13288514600235,28.031931838373502,28.13353802758006,26.29139620512413,8.355492368916266,
31.90815793640056,31.45063189611257,32.021009073678215,35.30568577440219,27.883027315780765,,28.443117222424465,27.927009813413534,27.889815628448513,29.741074913168607,9.292504172452682,
30.608790346752798,30.266210929521947,30.737679036576996,34.314110027980746,28.23044977139773,25.176216853197904,28.06539852305031,27.93383012398587,28.17688150249922,27.987849227304935,8.24307398923705,
30.808353615413143,30.337833019806546,30.88697933599856,33.99808418330729,27.791433720553556,,28.132440959734982,27.9129045737084,27.92295864352097,27.433335509341145,6.853167079925542,
30.704830470995454,30.47936106320778,30.794500907619124,33.79142729046209,28.170781694456988,,28.600187819303876,27.993141255743655,28.193248826914832,26.65321409843811,9.000940173084738,
31.35089928019766,30.685979281873582,31.412236258681084,34.21300556134027,27.97081397235507,,28.201543690187016,27.885651178177145,28.023322517337217,28.689414397741388,8.703930059586138,
31.902367574233775,31.37182603944259,32.01755557018172,35.64072947292325,27.921473529401975,27.056285077955575,28.27103021111009,28.019524159106346,28.05496122653541,29.860213568955043,7.914941530615112,
30.35011217031841,30.04713498712617,30.460994324310114,34.13448162327495,28.17722978602135,,28.01117725437407,27.936398266836925,28.239663316637504,27.833258879218363,8.071388345059017,
30.92339844231846,30.64353569471317,31.011654863477375,34.47327822233891,27.870717059954234,,28.33111246490333,27.92895141649761,28.037182552151243,27.989648229756394,7.442436256865157,
30.610886453570473,30.30661206449671,30.71973977400264,34.10056624571536,28.138785861312495,24.515771168453902,28.17444407646551,27.990446956323186,28.23592359257352,27.392027167373275,7.645973288821417,
29.981178077755352,29.739858594678893,30.075893963663773,33.207068712836744,27.66781731109457,22.41237913370454,28.017507645143745,27.972790598584062,27.869697094729176,25.113069107907847,7.101612459230112,
31.05294715379859,30.660863257372274,31.14046213768502,34.39775027228891,28.02636484836034,25.213583624364997,28.171752913894746,27.924763190993133,28.177029519583357,28.160890578696502,7.622776722529724,
30.940137293907274,30.558959162583626,31.01134870156988,34.45578977804637,28.407264886196284,,28.349711071244652,27.985811899252973,28.287786235800134,28.120372958045756,10.359788553995916,
29.982825940719238,29.766297102418218,30.10930943263187,33.61795823232778,27.88819306912743,23.908365658847597,27.9486123259154,27.946938858166853,27.957137700481173,26.206067393156324,7.9590494757076,
30.25096053958538,30.10155202024915,30.336386548032813,33.78948396193906,28.244946027575487,,28.362828679563485,27.97043140041731,28.279431915481325,26.586070819003957,8.95715860544231,
31.753466582799263,31.057217310744516,31.78256042077093,34.7958146901408,27.88860001005571,25.979823614399923,28.370780166782815,27.936492051160652,28.052724900794182,28.766880808310873,7.190909647529102,
31.106781470605736,30.535300474736022,31.203403349848063,34.16152073746475,28.038135157778218,25.645783959321985,28.136420366384485,27.834925006850252,27.963019736156852,28.267565427842808,8.457743978596987,
30.76414695016599,30.349461564413055,30.84393797019321,34.35102656722777,27.966575841554196,25.63010542201331,28.112722722496095,27.888553214086713,27.924518623306554,28.378351247988157,8.493818272327669,
31.18521663641473,30.737180247383833,31.283971489597484,34.821815325539085,27.971882243937873,25.814287339863803,28.197134987418167,27.848048588003017,27.925280177837276,28.47126726918811,7.539720261713766,
31.18367941370569,30.731345570446603,31.259883991065877,34.76064941577344,28.1550164163321,,28.11789655583691,27.96983876786331,28.282226568932423,28.471768286777568,7.919657005841066,
30.260133993170122,30.029939718132827,30.396089038683645,34.21884013431628,28.1634942256361,24.989529007432054,28.136185258977946,27.934942334901642,28.30313228816404,27.745671504555695,8.70386443812418,
31.55320807369179,31.063334684214276,31.651028379265192,35.18956553819355,27.803704325788246,26.06157810872043,28.35255295888896,27.904361088431298,27.897203780991248,28.779930624941848,7.741567451675298,
30.586599451581264,30.331771706691676,30.726852614680617,34.28570338345976,28.055984395798234,,28.155950123045088,28.028518812682282,28.238970959908944,27.537618167873855,7.767241655249392,
31.57101808966827,31.019561655383416,31.684623787412814,35.32229043468504,28.130173886692607,26.15340746059725,28.143760434339068,27.995049070415803,28.22890180719508,29.453487981385422,8.423578227183627,
30.333486245323634,30.052581834971942,30.45038614964804,34.28157977519677,28.126001166534675,,28.0028403557281,27.95035064499164,28.009833312128755,27.495688649545606,8.581859449689462,
30.545933846186667,30.215804287844502,30.68782601693737,34.358374656664125,28.252167818879585,25.458539535650182,27.99297733366064,27.910073772658333,28.14938244937324,28.37136311297671,9.120863768131024,
30.149573780421235,29.907885521387477,30.262820410684554,33.60950263494432,27.9079191989155,23.666633076299924,28.037439817233523,27.947224712455338,28.00948724182584,26.428943230481234,8.161155573373906,
30.852641163401017,30.372303547558715,30.957505823307176,34.05954644242665,28.056583038789917,25.342079571962906,28.080073530328995,27.858667950748952,28.024120995700642,28.073661813971256,8.447170006188982,
30.624559005691165,30.18854962704998,30.715593653750098,34.09258558267355,28.16173589196228,24.880267249889464,28.030641467104576,27.897455607451988,28.12587208851497,27.723350549140573,8.223440043631529,
31.53899900143025,30.881426068515488,31.668310083623265,34.538144821576466,27.880403578052597,26.226269619448395,28.247374118060794,27.908045526296522,27.974293155163224,29.492518883282184,7.724102293643797,
31.09322120366487,30.49344634471474,31.149055057365686,34.27927146286836,27.97764504949182,25.545292810684415,28.108179518365848,27.86970333486498,27.9966113926419,28.022528710295028,8.009514254617411,
30.666889910754406,30.29916219880287,30.776415654451803,34.25549710536669,27.936333421653213,25.1549024456196,28.04963652019016,27.86376615746316,27.88991405452114,27.771107361329705,8.314139340080416,
31.23454154320467,30.772868504188516,31.315718324721317,34.40866118220337,27.787024122974977,25.166431510626172,28.267196603664267,27.875036936474498,27.814895897904922,27.95077023389984,7.770897739038496,
31.030437995191317,30.451746329286618,31.105988202811062,34.31301031851223,27.92254362784349,25.54873165818739,28.116229893619913,27.843910330220744,27.898503261772895,27.843804256974636,7.824008253163087,
29.928070851544692,29.738786558481785,30.071895431033443,33.7787373768987,28.110436455274936,24.431006959519497,27.997505869517383,27.931128688525725,28.126830667091372,27.13709720558591,8.273900085998896,
30.028915040370894,29.804120766899914,30.177884598923864,33.61607848177848,27.886395924262374,23.834395027069966,27.975076062525986,27.963038863216163,28.052091647165476,26.73342621347098,7.45557116766561,
31.160199769081846,30.741226560548984,31.27021016010973,34.69501737327832,28.111360185762898,25.460610954501416,28.206600378033908,27.89379770861141,28.173936944189656,28.412300449735337,8.064654735419447,
30.86703382434583,30.487062981774535,30.972814343900623,34.186930289756496,27.93410857223754,24.94371515634532,28.171256574897118,28.00186972772231,28.145043419164935,28.01295370101748,7.896055314080148,
31.21603051289759,30.88031676586489,31.370388068540592,35.11264915591088,27.845059726558674,26.175280358225518,28.215629386160288,27.94332537692437,27.906673329331646,29.155286875216078,7.7587526720068904,
30.722573723230802,30.351190468737073,30.83243305912703,34.353117877266975,28.16839470197989,24.595661102587595,28.060586535094664,28.033200994632562,28.343823137146096,27.805306275795715,7.826642311711164,
31.20972984625908,30.947864968537235,31.342016903921618,34.93874174670839,28.046225805347337,,28.57118754609596,28.025081303790664,28.121162372569863,28.03263018474562,8.141649599204056,
30.77163117524521,30.353371821659962,30.891366671904787,34.39019808577469,27.9300208283344,25.369331552460096,28.00668489504926,27.88428854206256,27.854021504352538,27.90911148118891,9.349326135748715,
30.29291654189825,30.042456793542417,30.396377460290765,34.01392799638274,28.020285115505345,24.623857175134933,28.14208160414539,27.949964150473285,28.16626556893467,27.177547619803462,7.127593753989158,
30.58941317816272,30.222779480626947,30.72433775344606,34.32989983177955,28.16322715872691,,27.971517038821258,27.93812853335516,28.103714381046583,28.271075839806706,8.464799866904677,
29.961451328383973,29.691215736091962,30.095781935982497,33.55279794457482,28.053420740179376,24.02572504988865,27.978161759078706,27.946678429528138,28.122438697877612,26.59209462920725,7.813633843743082,
31.587854439930023,30.957555373082165,31.68877545384875,34.805393773294135,27.730474544331578,,28.228954903397817,27.877118580307332,27.785260598419605,28.69241644005111,8.831430819055946,
31.073452642255592,30.689854311217324,31.20509866087709,34.843849218639576,27.95237055360788,25.71565924841899,28.182884592633812,28.008282977473907,27.995596333160787,28.762402633737068,8.626469758842985,
31.700431127673482,30.986437665817363,31.73426652892281,34.34275448605542,27.900625515193628,,28.46477623185009,27.9825457071756,28.00655931494432,28.610775134363156,8.389281812014346,
30.26087416155122,30.149464782958848,30.36720233062705,34.0887431366424,28.087973061599577,,28.35946197244541,27.934277254274072,28.25608116577016,26.89174762102923,8.329441887574218,
30.68052881232355,30.294060700815354,30.789993106408193,34.43124970002507,28.019402513186566,24.686776244948323,28.03198409169811,27.9433025284127,28.10918189493659,27.370194856429556,7.790116642417089,
31.63294924830099,31.076562405243237,31.744450340260684,35.10476482037636,27.89694024757219,26.086543567410295,28.17890841309213,28.02180548964861,28.03135601382854,29.381191296160782,7.334204321173433,
42.02834917721758,36.28104229461166,40.68350347791519,38.1150933893989,27.809169737391453,40.949706526572236,30.27266965764114,27.892895477986713,27.875642391325105,45.328865989667094,8.63365102385847,
30.813671180548134,30.464878554933527,30.95538037382172,34.634602918879125,27.77132371583681,,28.103074527223452,27.94659141173218,27.869557942030063,28.323342426579764,7.2622854781180814,
31.012431513811975,30.742712403296423,31.059421815665367,34.433385666512926,28.178402992550204,24.731585465783073,28.42382424666955,28.11943431011572,28.3250267575536,28.0112842719684,7.693107117861326,
30.20624474459709,29.99848083032142,30.2803136878293,33.36426768704956,27.949969235704167,,28.27996386318326,27.921953072687778,27.955553232524668,26.257315837886924,8.527114626749096,
30.431322948488635,30.23156818057987,30.538821785383185,33.63842790691062,27.75575685790197,,28.36264157179343,27.94479491562472,27.77234646211699,26.785555191856993,9.056054443886408,
30.776898658015533,30.41146159415678,30.878294453316588,34.499105653257345,28.28844931149655,25.008861567544756,28.085897193502134,27.990682432270887,28.17978516577677,27.718205334056183,9.450309893508173,
31.218795665999547,30.77511193491,31.30665189454905,34.887231431873865,28.0286372620954,,28.187692419700333,27.935701284644722,28.207308051495996,28.6219556885653,7.462937750360188,
31.501769558945742,30.960022565504453,31.61671625147884,34.93059463183298,27.837090318507023,,28.20884653754394,27.96670962971518,27.857550831820248,29.00121804281868,8.668017246260305,
30.657016764293076,30.380880102466993,30.79996979094858,34.57649630766006,28.022309383118564,25.18411842684383,28.102720288498382,27.980178004816572,28.0185418310855,27.983114455320873,9.141320489394245,
30.46752520719918,30.16508949390915,30.593861915168358,33.82488200402052,27.813768624604602,24.447895565457017,28.10039167976182,27.920091612595108,27.89999855396474,27.405033198247295,8.000549722090854,
30.81161331679985,30.527164335349557,30.892275626332353,34.048864577650036,27.958816377430296,,28.444288058501066,27.960010823788277,28.029188126675955,26.518183547909906,8.027981973129116,
31.058718211687975,30.617678578038017,31.1762824771642,34.69295599461719,27.827731980711405,25.60562993066286,28.119815914331426,27.9755609221441,28.01119852874606,28.66599115781829,7.212249096208798,
30.564198737713966,30.194228735956592,30.665420276632872,33.4282164447754,27.593523897247078,23.860198196152847,28.0592052725282,27.850082545516337,27.768636316442638,26.639241369426664,7.241668784617204,
30.443436627076636,30.171557783184475,30.55116312035384,33.93617274454499,28.11094238282039,,28.22109063734321,28.051699245468882,28.165648275464598,26.698662776825238,8.157880269910446,
30.021151287691445,29.686630801740648,30.157710248932396,33.424613886084394,28.08299028458357,24.492867584685655,27.932780878577645,27.850861601671298,27.976449794408644,27.071232135879555,8.305177978811773,
30.440548187959465,30.113735914959015,30.534646886169455,33.694492143043064,27.95334311536374,,28.169813812578592,27.961211971761315,28.073925391526924,27.29408232819219,7.958819899767786,
29.88427933968941,29.65140220014792,30.001383569696365,33.458162479257886,28.078155721016884,24.1063145292191,27.939457651746167,27.939065573415757,28.11646370301679,26.698685173795603,8.108111800908478,
31.147613316323444,30.70385764283099,31.228863545393338,34.47335434682619,27.912563410500706,25.3345759597862,28.297740032763485,27.900129887830577,27.95974387633762,27.828842897145165,7.236705179055186,
30.534303032790625,30.189741492755218,30.6205038977484,33.97814342560044,27.93898082151297,24.533934839641542,28.062895850093685,27.93167238590181,28.105443445633277,27.57559401542538,7.3232103075758905,
30.57350737951062,30.23727982167539,30.684397786259552,34.32970465917825,28.101214108910554,,28.04129391533848,27.945384140330876,28.219245485467084,27.591196307687028,7.730253917968177,
31.134524596423596,30.645624599186007,31.259895796041715,34.80027532324997,28.25733295379583,,28.05453058191823,27.92581239728478,28.29462937103355,28.647658232946355,8.635321843716792,
30.562027604426287,30.317367736931633,30.700528903498103,34.60168132819385,28.33062417490336,25.182539577524654,28.22397346610333,28.006140096889215,28.31015229032715,28.04689893737537,9.179614677538098,
31.013270503679212,30.58549375232831,31.142738043676147,34.886440192043466,27.99058169576601,,28.07492011031334,27.938950175970234,28.035256142688915,28.639543154030022,7.593073509975996,
31.070680230639987,30.673275581780594,31.141135374113276,34.77755343157652,27.95342221051541,24.55554841576442,28.19588854424691,27.940732203691503,28.08529143611083,27.401870343572973,7.467572240357675,
31.201300147679042,30.742291221845235,31.282965343155062,34.346965270954456,27.904590265148762,24.647439184328384,28.22485439875806,28.05520999535404,28.138807548763513,27.733040667328112,7.160775868302091,
30.71032594681376,30.419662762876158,30.84228140918213,33.98536863598014,28.01126793979553,,28.319879279835188,28.07747969104842,28.103851363721304,26.83926095464404,8.17984022951858,
31.687095374253815,31.04437318482748,31.775635119547722,34.86634129683807,27.947273203678968,26.461685653779917,28.240285784520186,27.95979675483965,28.028072229193207,29.54992329602069,7.799218299969501,
30.91982832065198,30.343157909020082,30.988931136653783,34.22071969966881,27.97027706123511,25.01427613648226,28.03701544610691,27.898051633985723,28.1171526553031,27.28616016779247,7.703025467549029,
31.516902351663315,31.066658250355786,31.603052893834423,35.059853156420345,27.94354413635254,26.29705878195638,28.34506543449676,28.011408699354373,28.043300723765867,29.133567174510805,7.697217503956289,
30.793365464681408,30.414753434074857,30.935913238062938,34.808128959803255,28.16863869002862,,28.027168847072176,27.99615008936682,28.23613202494802,29.004767775686936,8.522106259415928,
30.24361443154905,29.956372430274264,30.35581272826895,34.039817272845156,28.18723050838175,24.387867426531034,27.95959692420281,27.91768703983717,28.24652150040615,27.200700532202873,7.667502243853135,
30.168068364496783,29.89453582708628,30.283282026250312,33.86763363846483,28.029001476521916,24.46108820969664,28.013182445801785,27.966333161624974,28.096615638752795,27.11167197612909,7.447202020438819,
31.129883423303145,30.825697460974236,31.24340424527223,34.918989273597234,27.772288902092658,25.687018880918544,28.303749438743505,28.09766182274725,28.0436605409062,28.650974400105707,7.240968491345448,
30.0762922217049,29.827303881071543,30.16354561998594,33.7091941759317,28.235168929276057,24.00035659222379,28.06187996546523,27.990037630703746,28.276074399368603,26.54061069166664,9.074422994357137,
31.5444086710692,31.284524421570463,31.68904959948922,35.50447572868435,27.679834090674767,25.326842050615504,28.523904724897974,27.864645527405717,27.629130212490516,28.52056477473177,7.4253811959845315,
31.22701924131677,30.663828041344683,31.35846758101984,34.559237367920346,27.919557148026794,25.976076314888683,28.161310322902658,27.847191816277714,27.91561045959679,28.679631837666264,8.915059091537662,
30.47673941545332,30.118206708313707,30.59995069111533,34.0844394530058,28.073981858939963,24.643702289251102,28.03896902134419,27.961959591242508,28.120942855971165,27.557962032732924,8.340696122547616,
31.006827394434882,30.581934411020846,31.096708535483618,34.573787252020026,28.025099197067554,25.038862764379523,28.14077513964852,27.97022639660281,28.11214554417733,27.794501189634047,7.787357132114208,
30.740727766657873,30.376807183550795,30.85147719462008,34.41969449977832,28.09941918113671,,28.12328780524318,28.017437058286852,28.175192054046523,28.028383538342357,8.144459687199836,
31.79356309021273,31.218142211620233,31.900060850140022,35.392342714418106,27.973793097407903,26.904634512500635,28.285425866787538,27.99612117923333,28.11401659328665,29.74038559220116,7.288674260886271,
31.55391248577134,30.974281675772872,31.612359074031605,34.28039997964872,27.770064578047275,,28.377097289996996,27.97383932956107,27.883744483753663,28.462950511341486,8.327770833880102,
31.6627633859231,31.1459088913783,31.74604306949608,35.235703203196,27.916084099937205,26.36855326362266,28.258349885005142,28.003207346513264,28.120620874287184,29.321361703541037,7.555842909279443,
30.174559484397342,29.92098848746716,30.266615831329528,33.79994183290548,28.138930815210593,,28.04015716423024,27.932259199721244,28.105712253495977,27.108868570180395,9.022637289005672,
30.161222023828284,29.887657519802275,30.288366877907787,34.11582059377035,27.984842078851262,24.791338009867886,27.978628620561903,27.95967825692309,28.10848563514775,27.352763035253812,7.4961615119557,
30.67458042831801,30.3266643775798,30.797719200773063,34.1752440580962,27.97389728023616,24.592624390954008,28.08827535121541,27.982486787076063,28.12667309613716,27.455930844405195,7.619575530127913,
31.423185652829982,30.979161610858192,31.56981983310534,35.29348787015791,27.933035409696902,26.792110872352115,28.17377029288086,28.044477709322614,28.106948456765544,29.46751549864188,7.527977510328467,
31.794893523208078,31.202049638286724,31.841684618825138,35.09585573442144,27.92058531429092,,28.300835236155514,28.022348378594756,28.07471818272131,29.60886680121658,7.866147976120461,
31.206482026458193,30.87909295045368,31.3143576587377,34.67562669442836,27.630827120400376,25.339193425295523,28.38831533745533,27.944467320950174,27.79249493008454,28.34898701138631,6.936971917056063,
31.265883690859717,30.729650623249842,31.375580422829263,34.956905724928625,28.084441201074007,26.150546480490284,28.089251702278986,27.852119320528935,28.003318672466854,29.029932224282874,8.259363544736525,
30.945027132091887,30.413394701321227,31.05834282945878,34.166992093836626,27.934946769114273,25.852286820260613,28.055212383256425,27.874530268756907,27.932803671801096,28.608156642885625,9.082207340665828,
30.968748616903955,30.62689310502316,31.09555860425221,34.571285239336284,27.875367041571735,,28.257185358207177,27.95198727102693,27.89817097473252,28.080450599745603,7.971964853228788,
30.131774930039015,29.89911503369263,30.285136772174543,33.520880715284044,28.03551264537854,23.53476424251083,28.04371380157177,28.00280582458541,28.1765915108,26.416091477766063,7.904677119575126,
30.502377106857637,30.256346753014487,30.586287619002075,33.89591405304022,28.07742666926191,24.18964382965923,28.381894823420293,27.93273845817471,28.12640364981113,26.967214366255302,7.912689828405903,
31.259795000742272,30.825836327047398,31.38630678694181,35.10911496570413,27.94047954673646,26.037733449466778,28.13503976245663,28.047443672235424,28.177873514276605,29.13805819778295,7.395754498108877,
30.757785311580736,30.379633505249753,30.887120592179297,34.29850995413701,28.108894190727355,25.124204541773707,28.10894364196607,27.910913432782465,28.143796990836698,28.130127726869922,7.853772724706656,
30.796404582461328,30.455388008612875,30.89559185668067,34.43528969239894,27.842065893364342,25.260799605890497,28.154498665515607,27.96430972624727,27.919090492204532,27.886150375696616,7.537776634730692,
31.1285621230856,30.657417504052702,31.208598060457273,34.51761851043125,27.91301654998704,25.330009806927354,28.21316967197438,27.936942624358277,28.080166975864984,28.4254915092594,7.13211269318303,
31.65322540915198,31.16012122886765,31.73260116167058,35.001183314894426,28.16065948089413,,28.394073833425388,27.915633162881832,28.088948250824316,29.498751652201793,9.341078654133188,
34.91588520165141,33.336010010107,34.81410880093701,37.14583347257867,27.678213464327843,30.927452286642865,28.977333608202017,27.926926350265898,27.88173850559864,34.60841592163674,7.49003075471808,
30.702603874905904,30.42704917105263,30.861944275646323,34.418058477616086,28.193577583302133,24.8266507733892,28.224887129650256,28.02954224456331,28.226759069919076,27.69743991139999,8.796757910663363,
30.677647110972927,30.417469931638248,30.79718244886109,34.39423088718338,27.85754398685187,24.180399113904087,28.216635245977386,27.980916092624398,28.04272274058689,27.428366326278013,7.292794050737798,
30.219148995777548,29.91064744800367,30.308642385513544,33.745008842315876,27.920938052859032,24.008772845418207,28.044569958976965,27.960457471848667,28.02843013955309,26.689340424832274,7.058626950015638,
30.523483838978564,30.3035250100346,30.622058372191056,33.95316426220064,27.72683560782523,,28.250160018446113,27.93608144288305,27.84926822711361,26.703773708674117,7.523932125682614,
30.833125219401573,30.504061539928465,30.903184142245905,34.16066795455921,27.820239278888828,24.256896873297393,28.149815503793523,27.970463972007693,27.99001004431455,27.258142555827742,7.634591182139658,
30.961486004994075,30.613053598286722,31.0740855532906,34.52059479241247,28.262338708012305,,28.20809678918063,28.0728057877937,28.283868940777257,27.794793131035483,8.857488216137202,
30.401544381313734,30.141818936604743,30.539466386698845,34.24040609949235,28.09887139665141,24.82636021890224,28.0701406967569,28.042343521507227,28.237788297610212,27.685500383965067,8.031073469944193,
30.903648408771282,30.514975056721187,31.00071504662665,34.41908925950314,28.112376274325072,25.487301529454225,28.17909983163204,27.9174365611914,28.18623322499388,28.377733225680206,7.793228581977164,
30.706904301079383,30.39890671466776,30.818863590354553,34.1974521701645,27.75489216951463,23.838606933170894,28.216542872875443,28.01041273550662,27.862442141054352,26.5044150712665,7.362393197033883,
30.94642005080739,30.52274658121709,31.08618033278036,34.91528150923226,27.87123888881439,25.891521208583036,28.08717784729356,28.063506973933563,28.04908413983943,28.845602581095534,7.8938971662240025,
31.160115016707934,30.659379844708482,31.26228605647347,34.47433456880161,27.887939063729156,25.667915528903187,28.201377996786423,27.901982809799854,27.993511066142588,28.37903180561646,7.453054234441653,
31.470577786131514,30.969797499847406,31.5869388857767,35.259377353328134,27.969102134459085,,28.18010530838518,27.936627028100332,28.05518264311129,28.785587164160464,8.156249974787276,
31.779409559284066,31.00420505103388,31.784712305871313,34.590683827865604,27.959608603742613,26.12830728636701,28.188305244161057,27.95849855077925,28.03720006298862,29.230333334807355,8.237886946913473,
31.519560804133384,31.002059196378525,31.62820952706635,35.458540692042156,28.081826624047682,26.26913620572511,28.111865121272945,28.063148118551755,28.32583763104015,29.293941516881482,7.396848939502723,
30.898303982506793,30.59737179959701,31.021891972610337,34.68878317226016,28.121116088026557,25.47493936411085,28.191393063888654,28.066480742130288,28.31244506372892,28.162752042783417,7.45889116045163,
31.37231804939466,30.70930428968702,31.49136175666621,34.4764508895823,28.105271715986678,26.28730576368084,28.05037284751032,27.87495571572277,27.97080055941324,28.868401078737488,8.361152147676007,
30.288341829086676,30.07020445341027,30.373541378341532,33.797294260024394,28.07306647970613,23.45071441394978,28.138936347897978,28.005042336581667,28.218374480001195,26.251914919011764,7.974049070994138,
30.231839430129046,29.916230556881686,30.367664452066055,34.06315446871582,27.92307993413018,24.62974572063793,27.980748576870855,27.949704175977796,27.991356207825877,27.16560975003325,7.522429407389626,
30.651972345836178,30.357818232176506,30.78217253738385,34.09303801257754,28.00232177405107,24.65554970592045,28.21172394805615,27.96946394397938,28.169454311217862,27.469161255842053,7.441447985027158,
30.35798533783094,30.130254403310058,30.501744468923413,34.31380916235755,28.40769688935498,,28.12448027545023,28.02205172015368,28.41496191835374,27.798440986075732,9.806840244431624,
30.44635033001397,30.209142195363142,30.61192784654978,34.454020738238064,27.87337929273468,25.02679916161595,28.283420938783927,27.95268878016772,27.965504408748583,27.932948664828864,8.073414660777104,
31.55430506290806,30.908785839191356,31.618103050289413,34.71500503566088,27.95701227154335,25.971670193960907,28.32385414653067,27.834417426275003,27.97711113107888,28.743366035483263,7.652399836958125,
30.66887476545884,30.33364104554613,30.795372267723103,34.43863389551317,28.25302949780824,24.914869427169425,28.1041075592626,28.040437538077917,28.38455879468906,28.025229410604027,8.11890785544275,
30.940043653178094,30.59556701870663,31.031295547660115,34.349455046106726,27.72284397774999,,28.26535682581455,27.948372130318255,27.902099115190527,27.579423527606338,6.679534031573756,
31.1513992399717,30.633786585822346,31.272476782808226,34.70319141981686,27.986260995185134,25.93977790928549,28.10506354132609,27.87101957989279,27.992665556382505,28.283997995890395,7.938122997621449,
30.11459001323636,29.876843966180363,30.220725991224683,33.31089882848594,28.084300021344916,23.119629615508423,28.145586419804506,27.954693443886136,28.16103071136075,25.698400712341165,7.739308373672243,
31.092707825866785,30.72423821674464,31.161063361372747,34.51050677828623,27.781232663341267,25.066092580315367,28.28405680419083,27.865387303140096,27.766552998569402,28.122266074438066,7.290380901710605,
31.525051028129557,30.964971340584984,31.627348674407607,34.968461544135764,27.81143183550185,26.648527522934792,28.21670779403493,28.015958871565907,27.86390886379833,29.278228524079157,9.534592769077232,
31.086206506976794,30.588009198670655,31.182731470664393,34.336291976688656,27.91636225369202,25.512205156370594,28.179382172625928,27.873484633502173,27.928983678472633,28.10546255152524,8.093453455977377,
31.36146392527494,30.831593726180124,31.448187880979543,34.868334499787466,27.89212327227488,25.808095915054366,28.160722647888342,27.83916810058009,27.835675344358393,28.55015298250484,8.442177051412896,
31.41199737957828,30.79008275206197,31.475890437779597,34.7060215897719,27.812336799484804,25.8003473357933,28.167121730067628,27.93541111958344,27.974755978279795,28.408453645861606,6.87021733528764,
30.100172744177385,30.00412469374703,30.18617254981969,33.69215924671866,27.85261840775138,,28.511870045041032,28.04000011086395,28.10071962363592,26.534216410535905,8.21651590705918,
30.366874439078128,30.115258342822443,30.515963860818776,34.06080185822924,28.1024093109072,24.038181982125593,28.085901347308937,28.017061977253483,28.228595443487222,27.18652460570986,7.729506214909904,
31.480934884137564,30.992511153429255,31.583929199164572,35.43531766361851,27.943145977029168,26.64441205208646,28.165074930294356,27.944320673201737,28.02796868016012,29.680731176124052,7.7359975160614205,
31.16006310114916,30.67093030353968,31.25680897985044,34.55874434675616,28.056315951743183,,28.11010381969068,27.896835173575138,28.093105432467546,28.842455325953317,7.911323673341841,
30.55766193997129,30.222484839618208,30.665571533715088,34.178635661840744,27.819445751731248,24.880351276829785,28.05446416573274,27.99778350325207,27.957475803630413,27.859165301137402,7.392002457396689,
30.4781655199305,30.194285930470652,30.5830640693013,34.28288101707504,28.343036501656126,,28.192656366313237,28.06843085343244,28.459627547736602,27.76649145288349,8.677212361076718,
30.459896727271843,30.226344289453134,30.576290910919507,34.24089674384757,28.043995487742528,,28.198720132989937,28.00210453718646,28.133620252530235,26.83195729411534,8.594246979672448,
31.24694054424539,30.71444181040164,31.278326572749503,34.641868539382166,28.104255092601317,,28.26373715385977,27.873541468613794,28.154989094604808,28.875469494618372,7.863824516932638,
30.388463796183135,30.129787813741494,30.503043783496928,33.846980716997386,28.0268640950655,24.017019848465186,28.20721767508214,27.983602562102632,28.10865705238929,26.707482767654305,8.41853023462251,
30.663241492146994,30.40375528022504,30.78557993907275,34.32746724536822,27.888446880478224,24.282398391626543,28.25017750122103,27.965639652461064,27.96343353700845,27.276144934814354,7.640877328473192,
29.841521713335,29.71399001613207,29.961821718255717,33.37623263072361,28.2105817546139,,28.18876995614705,28.03442774464002,28.172986648973545,26.081604313305636,10.778854658674572,
30.689525420361537,30.273394238585976,30.824387901146043,34.10542271596904,28.00771285641659,,28.058245210506982,28.002348366476937,28.155738838500316,27.584827574501286,8.022225316203151,
31.25463169108603,30.68007071047072,31.314576513714194,34.26082544045828,27.88214192172603,25.743876644432643,28.185596309654386,27.904632830866205,27.97646898070787,28.714827579515703,7.92319091958481,
31.441476171308018,30.958789217719342,31.53118225093128,35.12835024991092,27.99840910110044,26.168550697476455,28.22551312721992,27.989618721387842,28.14076916181599,29.130763997165047,8.153735587024524,
32.4827471670301,31.757585836777903,32.615732073357016,35.756156607367586,28.193299696248452,28.253404343525172,28.352361644193664,27.87975471914976,28.109799787110305,31.072136221783346,8.955928694749609,
30.14690483256617,30.084992827515492,30.26502858671214,34.012374556253846,27.999702360402914,,28.51429043242213,28.041467028783572,28.207362682926863,26.5086417907604,8.434750669163325,
31.490196765053206,30.967699138229214,31.60993062853894,35.105166511463885,27.888683366624537,26.385720569505136,28.20384384415702,27.968792279207886,27.980090313214816,29.33855483493828,8.245130693615339,
30.614664893175462,30.333965336884535,30.73081816478613,34.446122391366316,28.058571725097178,,28.213398628029136,28.008877013713306,28.152920472797966,27.472324543573443,8.215868559752009,
31.07470811453546,30.555655060326472,31.180315486362762,34.601936161968716,28.00932442002501,25.583567300176853,28.11165091236674,27.91690536713446,28.097522404668997,28.259722926550552,7.601504230003777,
31.166090337845603,30.666986557317585,31.249004829079343,34.480573201487154,28.008937366844123,25.766041798688644,28.216092976367495,27.931352108894856,28.108500139421547,28.66676855106054,7.966867073243465,
31.18845751871655,30.781167185220784,31.28954923729136,34.88012904261504,27.89753745942942,25.74916786340787,28.226705548903954,27.993629848733494,27.936677091036483,28.658575064258358,8.141188819004036,
31.270513734263897,30.85328569649718,31.34015352685911,34.380408125727946,27.78990488245183,24.941631663226126,28.449602568805492,27.905508561060387,27.952344689449088,27.880905717930027,7.113283821152838,
30.224657213890865,30.152552931326927,30.36831335356261,34.11744830781717,28.30336166946112,,28.28783524725705,27.9326010695646,28.334785304249355,26.673628605780316,9.800541717034605,
30.718936369449214,30.33867689512426,30.796030391020523,34.23476676918342,28.125257641483014,,28.137181732834474,27.996006183052028,28.137289467455005,27.842594212838854,8.446179983036451,
30.30757678619478,30.04654676112831,30.40490478106145,33.80012355632381,28.127301869249695,23.900541865504096,28.107061155907832,27.95145755725727,28.15458861779078,26.821647558658643,8.38449256891245,
30.221081993277792,29.900738022230232,30.348416454282496,33.67392732750196,28.043681541984945,24.38216419847308,28.01631492440482,27.92171182085167,28.0917332736104,26.914625071844384,8.090897305093474,
31.275197016698563,30.765175109647416,31.377959178933974,34.77724317844115,27.956345712537903,26.054122176831427,28.117989937788575,28.00288432435064,28.027588158670955,28.69943507728709,8.444099445796393,
30.758050244449894,30.541000968936007,30.867283522380223,34.45884631459953,27.938445718011092,24.416475132646287,28.37589628022196,27.915633162881832,28.084362305953775,27.5240194037682,7.717981256574347,
30.51159607915693,30.14775704447978,30.624469182256654,34.01106205431514,28.078223155213568,24.487868071252233,28.055349364218365,27.86871188974992,28.01062995863068,27.04767703963409,8.356292429578565,
30.83598556234314,30.434577694146267,30.92302617259421,34.144711187100874,27.887041599492687,25.021687189837465,28.17078838255338,27.97657706511052,27.983996546561414,27.65474516973136,7.340667754599909,
30.484846117647642,30.20935358429652,30.59337781427958,34.336762223274356,28.456036667685318,,28.161431782689064,28.065890526082896,28.393460844439517,27.779129035831033,9.720131715311222,
31.672825648892477,31.031714263625325,31.74579119966264,34.974708087127276,27.961481133940143,26.361848343592182,28.235432084824026,27.84150911915892,27.933959951692245,29.011221752355247,8.08404109249368,
31.30104161008201,30.834234057958987,31.444747817137078,35.036855738654495,28.133865610425186,26.201844377275833,28.09461865974116,28.09795579911792,28.43016628174123,29.308630228520258,7.759011202254467,
31.41543558930079,30.91456333937003,31.48541749039396,34.661282628018014,28.024628822413298,26.004556767305296,28.16967673942377,27.93043887946323,28.09099712388951,29.137489150310305,8.076960547249389,
31.664752543051,31.202094889618493,31.7795804815863,35.15703027110053,27.871164605520015,,28.30904306581559,27.988359670633713,28.084956349319317,29.169419005952378,7.323679733630813,
31.065827988732337,30.721303310963787,31.21081613537719,34.940969810448294,28.05501788205514,,28.132303514283098,28.08206950997849,28.328553426995473,28.50369499515867,7.5970682240038645,
30.368264543924106,30.025951471084767,30.48581782726601,33.8883977193965,27.875125447997643,24.536152728660575,28.05265525790089,27.954219391939674,28.013246513700025,27.03793408995951,7.014090204948497,
30.665350589278656,30.329096178594256,30.835138131396672,34.50940321789599,27.842616744323585,,28.06437030571217,27.996500880987533,28.046818988008752,28.445563707979595,7.651992787234447,
30.5783108441442,30.1815168666805,30.69792311873096,33.89093084359722,27.852117663215694,24.725911240541258,28.089408140114717,27.875571156961527,27.91508138053789,27.393055884557086,7.690090127447839,
30.121249297171527,29.914269357295574,30.266074766744964,34.35393061365572,28.155398938562875,,27.981466486047744,27.905525548952316,27.984387363204604,27.568112180501508,10.349463565419876,
30.38950595550424,30.07121820126478,30.45719999244273,33.89556000238879,27.948473586979024,24.30868416985989,28.026145974272872,27.919981768443943,28.096203415474122,27.31735833474662,7.180029868933872,
30.781455915458732,30.49627041450051,30.87771979258673,34.41619767612671,27.92316606094234,,28.330678992030272,27.968553518470305,28.08405154742689,27.309399673891352,7.887453001792066,
33.33058394480319,32.37260010852654,33.40030497394117,36.76122937836775,28.15746496320856,29.59716412574837,28.622772736919302,28.272835876326525,28.258293698515764,32.210345662283345,12.692574218323426,
30.378673402145992,30.09677492572567,30.492114514538784,34.3002597330561,28.12579265779425,24.270973798707423,28.120161414043466,27.969880275052887,28.212613879026122,27.07859825189579,7.772396515551206,
31.571817598936228,31.171831846102016,31.704764434149368,35.27646495129764,27.982791643179233,,28.36288809903495,27.975278311671854,28.066706011660067,29.08610299666986,8.026127883690982,
30.90826951959402,30.538766406439606,31.017283682539897,34.62942527191193,28.089575742705968,,28.142203634711464,28.006514879776955,28.211290527234144,28.564558731573793,8.257966808222918,
30.842718175062274,30.356365458612554,30.947120902615836,34.44386390109273,28.092618657280816,25.53858056806345,28.031586161761403,27.901501275759465,28.09638552523993,27.864684794709778,8.074294405722805,
30.78056376034048,30.487207772678147,30.866340386168282,34.06492539330251,27.98329658148807,,28.400869911901992,27.98081494221183,27.966317848359484,27.545187165626977,9.052666825526682,
30.462118647942702,30.163910017888355,30.565074227263814,34.07101612907151,27.868372724806388,,28.105446520138955,27.94880487324871,28.007789512407083,27.297553780001277,7.299493445844851,
31.56037703441075,31.15789784333062,31.656683969490746,35.129910646241,27.576961338517293,25.887359879338977,28.31631860910467,27.808651005879526,27.618197023794036,28.649826410577322,7.146890353118818,
30.95899383346393,30.659663358428748,31.080184057743313,34.677073483382614,27.688506878649658,25.229824749233085,28.2592817313221,27.986305437269724,27.889599976571482,28.212623332989505,7.207241542614034,
30.623001283463495,30.182696528890084,30.748176146694743,34.1083218848861,28.03740003743485,24.7130732129326,28.031256488340574,27.88800047485685,28.073889418461313,27.164106228465094,7.893260926252802,
31.623267630032473,30.976822624393826,31.68566383603202,34.9021485483952,28.000980140179816,26.10842279707416,28.278596292526107,27.890640721112785,28.023109183598415,28.701710888750547,8.368617059331665,
31.241867995180886,30.787893482523536,31.332026104447745,34.48153789383022,27.648508369599863,,28.277758088368895,27.979177657572546,27.73301648005723,27.530723136712044,8.120103459395784,
30.336327451181656,30.039907703851885,30.43453076223932,33.76166629594679,27.898392915367797,,28.09612255329707,27.96226810942654,28.039789201021954,26.64920572434031,8.049385400088322,
31.031061652920396,30.596331552516883,31.096386261689002,34.67970606064436,28.034295094632732,25.357625531797623,28.17969737084568,27.921804657013823,28.05588799528308,27.924870628180965,7.892147331843908,
31.33575130655538,30.883145506576703,31.47632613458041,34.91659646531234,27.8878283587879,26.03077272205143,28.22244292358278,27.939714899724756,27.923888624770687,28.87452799956174,8.294136656859516,
30.94889402612518,30.568162094390217,31.061955821013072,34.3542796371223,27.75958722003384,,28.135883596997356,27.900021175782896,27.76530031957634,28.502171644779942,7.346647342787843,
29.991075664472426,29.76041402584211,30.11697986974145,33.73416934557721,27.95656067247664,24.072696493371318,28.00141772844103,27.988641850986635,28.116436622752857,26.548039337635075,7.808062151487993,
30.77630963646893,30.34425176518225,30.861630674680164,34.330313221581434,27.937543250067947,25.17273563268871,28.080639692623528,27.894519377052735,28.008668254191498,27.797436830026268,7.751340073105054,
31.1239708786242,30.6668043565751,31.23753893855052,34.5717572987149,27.844017646726066,25.786557021176595,28.24973772864135,27.946599668820426,27.91346490419766,28.52342836450429,8.369641889934144,
30.296202992901872,30.110237225999526,30.435519067576223,34.13466997695871,28.37238444963696,,28.21216168847829,28.108008339708498,28.417858640130994,27.18805831145751,9.512110926297241,
30.972929094166677,30.630343387293728,31.045054590660218,34.2877078488049,27.8627345322246,24.966749651205372,28.273654640190614,27.95402978564871,28.039516655781014,27.765782826287687,7.173295031763409,
