ssim_mean,ssim_median,ssim_gaussian,ssim_unsharp,ssim_wiener,ssim_chmean,ssim_amsharp,ssim_laplacian,ssim_log,ssim_admed,ssim_midpoint,ssim_gabor
0.6277515847199329,0.47740599686725904,0.6560377274224424,0.9370321424611913,0.0007041204520171676,0.6218634048121915,0.33383206177319247,0.024032292014362168,0.04026247392033539,0.8139992322669132,0.2363460624256096,
0.5856430100951308,0.4550572267712889,0.6170198884342154,0.9368504351082209,0.0025951501206346885,0.5779828209146235,0.32764880083423864,0.02431267004169568,0.03591538803234352,0.7876217687778996,0.20142510370257802,
0.549089659396453,0.4073200203061896,0.5859772097229005,0.933796113888662,0.0016388907848324372,0.5415189034268312,0.3531433297333157,0.040705476328591554,0.05218217687829663,0.7690158936821253,0.21864141755914632,
0.656792567631534,0.5118245598913299,0.6787041467835526,0.9401859767446848,0.00043420494760397624,0.6516173780744771,0.3162408940635182,0.021099546466053415,0.031540675054971976,0.8293426915681941,0.24440670268362075,
0.6157355777576519,0.4856521465306523,0.6464439191662649,0.9347964442720023,0.0039041723088734746,,0.3485792586197773,0.04489880672572799,0.05094036808300679,0.8045572174732357,0.24420901766226644,
0.5167945507259147,0.39781110195655134,0.5592630194409413,0.9355915490233612,0.00397011881814661,,0.3653354600320444,0.05862711008308155,0.06898166067642457,0.7494222913904817,0.22463822364487468,
0.6651876469080304,0.5458876410499539,0.6890115838923455,0.9399017841651417,0.002824056134780994,0.6569305541559255,0.3622748510888644,0.05103383792687158,0.06326812057110559,0.8274883432407715,0.2853930727411823,
0.565155555358385,0.43916570411537886,0.6012393216047062,0.9357288097060271,0.003910344470259858,,0.31460813301449253,0.03503475616487136,0.06910871005083578,0.774016294606796,0.19915123408731397,
0.6426331494314795,0.5114519589487316,0.6673381401017334,0.9372823840882426,0.0013241847438602225,0.6359402782682569,0.3147618444265648,0.032566920316591606,0.04304883027459577,0.8184285286277834,0.21373800988373282,
0.6429241093563007,0.5086909084731032,0.6692091246996649,0.940486001878392,0.005949614990741112,,0.3302263106839617,0.062817362366073,0.1395117567954737,0.8107496827096409,0.33351579443664614,
0.6413993310555727,0.5019740739064953,0.6661528372272061,0.9387746162261158,0.0008976349868945925,0.6356872013121365,0.3129462464012594,0.02623442110604084,0.04201783836535737,0.8199377614816933,0.2643930495387294,
0.6540345443958675,0.5214875711094171,0.676459117417027,0.9309094350009773,0.0024043068832014297,0.6447398853713094,0.3475663032005083,0.04464811452441675,0.06367841913894828,0.8283917554394564,0.26961071532366315,
0.6152311674772353,0.4738031172316472,0.6433984986335736,0.9382903567764865,0.0005087864274997679,0.6104990251482024,0.3130007674305182,0.021738570868371623,0.03537822684326847,0.804379376827381,0.20411668475018765,
0.6341215310736473,0.5075098105517162,0.660850911030535,0.9411805864580535,0.001099023804657516,0.6285124420110202,0.3239159966470248,0.03396345845947733,0.04961476925505747,0.8126710444528209,0.24372139335195359,
0.6322191159493363,0.49577190569264656,0.6583105442816441,0.9339429835282992,0.0032364822590708127,0.622324945232657,0.34724480811678804,0.045003424581193704,0.06852050339624866,0.8130448330053857,0.26739439443120244,
0.6163054715456974,0.48636798651741026,0.6414201646617155,0.9338060297292938,0.0010788277031049064,0.6090562944289613,0.3316848859737591,0.034470008568282605,0.06011690030288901,0.8033479512368652,0.21161620846901633,
0.6174638722259963,0.48673981893262414,0.6469745875301119,0.9342131847691943,0.0017808761335229336,0.6098853485976791,0.316448774351404,0.04020480728450997,0.05709522859592239,0.8056542721441683,0.286782911508544,
0.5740275233636042,0.42515519383634975,0.6014525042418778,0.9426575645857375,0.0005883122762704611,0.5701933725769665,0.3295147590403044,0.029831077195689473,0.04325847672931672,0.7807082767994252,0.2285650707517076,
0.5447778278589104,0.3991420384988942,0.5818688618123834,0.932307108878509,0.0026215246690312597,0.5347167358926542,0.3464181493642006,0.04477959381081853,0.060424336469828775,0.7699415732447037,0.19865115239373776,
0.6201532680738747,0.48780808095147726,0.6462523731397142,0.9348889133987998,0.0031867448757501933,0.6087546731509651,0.3257618815891604,0.035236856153969986,0.06281188546746999,0.8087252909047572,0.23866416463817364,
0.6040263429243692,0.4675134361344753,0.6323274239038307,0.937249692391679,0.00125739107943251,0.5960412692039982,0.33038238473186027,0.025376155321326244,0.039349811749664634,0.7999950183164376,0.22408918831670024,
0.6056422068586765,0.4691252697525506,0.6356842764668261,0.9344253416716962,0.0008374186785308946,,0.32734385145514494,0.04114012872284879,0.05420995876387701,0.7964101751633846,0.24132121534954618,
0.5207792867164475,0.3865571580371105,0.5633338701011558,0.9341780703608382,0.0010585231075181517,,0.3054536134335593,0.023846411488896962,0.03214090672984209,0.7518768080819797,0.15980795493284825,
0.6255471214129257,0.48638854588343544,0.6517042623673922,0.9359170650074522,0.0012185050074300303,0.6193446143242,0.3232052971929551,0.037010407322959196,0.058637504406757725,0.8102916677193256,0.24241263212826883,
0.8419305758122183,0.7103685491868275,0.8489141000714017,0.9398029543860936,0.006033038564648287,,0.36515967681799116,0.07025104616614065,0.09138669877025822,0.9348660079505792,0.4229078359654448,
0.6252546083851688,0.5024590676624557,0.652455742968302,0.9411104874781523,0.0006542293637384253,0.6195869992987433,0.3060078692298649,0.015475773402700803,0.039131816612454136,0.8081802052539133,0.2262408405889803,
0.5433018255635312,0.4130147848210041,0.5810001767653482,0.9332358591567739,0.002598712664983715,,0.3421223538272285,0.045331519875407324,0.05501052889492022,0.76687984893192,0.2117619097485656,
0.5610256832442994,0.41726329254601485,0.5944690523922574,0.9318497306526572,0.001420199395802009,0.5505226402059494,0.3236370063427807,0.03802288452132908,0.05810248617276494,0.7761212626624887,0.218136852662383,
0.5818998737375306,0.44286381886533355,0.6145029268533987,0.9338977416594756,0.004510403861090077,0.5729135537480999,0.3635571908806874,0.04834421150944435,0.06806215415951533,0.7864273362576185,0.2518498095609247,
0.6149642453583682,0.4646076158194385,0.644603062360345,0.9343316338973681,0.001519559007914904,0.608771013619085,0.34002332671663815,0.03958601720551821,0.059664611771103104,0.8103726830669655,0.2707075890803167,
0.7055979694773361,0.5944823328985781,0.7251326561584078,0.9456982662176351,0.0030972518844846705,0.7018431053352665,0.3520281624322676,0.04830624006326929,0.061074901495897664,0.8502802496220325,0.3575561789704517,
0.6248790639395141,0.5090522041659046,0.6498738504803788,0.9311853619202105,0.0025425835372102326,0.6160446410360761,0.35188732630858616,0.048592763702281896,0.06940565848379354,0.8089639474054747,0.23861479968794763,
0.5810097592413589,0.44732932547481424,0.6132666953591996,0.9388560969732636,0.0011918833744957993,0.5731228897106833,0.3189216361069689,0.031595238760741176,0.04087039150685039,0.7826332079914303,0.22284512487416802,
0.5586808835264968,0.42323796734130575,0.592866239877466,0.9386934126337673,0.0012567160676494988,0.5526863672947879,0.34485326724484416,0.04195787347792056,0.06247675959340345,0.7773204986077747,0.23452353100403298,
0.5388295618161063,0.3994444532965738,0.5722755999830261,0.9352238499942481,0.00250357922033316,,0.3271957194162672,0.03345352375094927,0.056844593432586445,0.7649173813567132,0.19249113738626297,
0.6874363141640387,0.5432047870157936,0.7082583939338098,0.9382883685166955,0.0014988204451767968,,0.34556215207882307,0.04977939680253583,0.0724552461340474,0.8424564182452757,0.2712899138953745,
0.7008110842358937,0.5633365097175268,0.7196224737710954,0.9389689650916645,0.0018337593692513171,,0.3675975170618342,0.05795405797392216,0.07452576927540265,0.8494278459203931,0.30614322959297724,
0.5440548396050919,0.43509369538127846,0.5816072862395177,0.9359399660990722,0.00757936407167124,,0.36062978247572053,0.059965032087569425,0.09895084055707458,0.7621353890433424,0.25980448615233703,
0.6095832462105356,0.48339381858391456,0.6359511077731096,0.9355447868356462,0.00298424435358866,,0.36808047299713004,0.044183865792213554,0.05622968678077403,0.802877154359761,0.24962762030433863,
0.6776917831798661,0.5575006419174127,0.6993813365476799,0.9393771307643544,0.0022760566752462793,0.6691756389744126,0.35792156325290153,0.04615868658200972,0.06800846955740451,0.8346336149070439,0.2703443047787551,
0.6765228225648153,0.5618209038255939,0.6979873971162367,0.9421054651059587,0.0009881797201579724,0.6712958569028998,0.35761698508363776,0.035868845272840025,0.04259593916319402,0.8325372485909464,0.2504204451753648,
0.6694516418920377,0.535417243224589,0.6889257098695701,0.9342603068701996,0.0019120726531748576,0.6618130028152011,0.3384875691557554,0.04026549916229293,0.058058259401645135,0.8361216097393285,0.2797558428194112,
0.5212404637705448,0.3976812381987645,0.5614868874600359,0.9365087223635168,0.002796597834215967,0.5146590318971288,0.3220803376308166,0.03591111826228953,0.0516322978258418,0.7499369948553862,0.20157307265949337,
0.573393249485764,0.4448097521668158,0.6072469686085246,0.9360123124881131,0.0032995223979033652,0.5665141813537647,0.33637749980190196,0.04638143836114943,0.06300749574138902,0.7807068345923153,0.2369579372009725,
0.6618272220192011,0.5364459228599373,0.6844181631595617,0.941445779842493,0.0015710582291167472,,0.3182528968244193,0.03515878852483916,0.046573734178672485,0.8280959265054038,0.2169733318436401,
0.6426503343333514,0.5201616314924891,0.6676421325405162,0.9381840343425102,0.0038804239427440417,,0.34724821974919323,0.04346059642894846,0.0678528871699573,0.8160394574110886,0.29913078708137514,
0.6367344180229811,0.4947679469338617,0.6622070920376918,0.9400651484724368,0.000664953398224663,0.6321438383195402,0.3208021929646052,0.020032402646214906,0.035945057178676194,0.8166006067880325,0.21696821024113785,
0.537008571106734,0.3980397942298933,0.5740640076662001,0.9347501324553485,0.0015617706292972522,0.5275389117221317,0.32295624362251474,0.034293535692484216,0.054678593211889365,0.7616257423392748,0.25428328817015344,
0.5665009869269154,0.4369033415233133,0.597676885120427,0.9369776708232528,0.0018308837917548604,0.5585933186554022,0.3378891637501485,0.03328273403383901,0.04053024660977412,0.779599557492623,0.20854486138916575,
0.653167100993887,0.5253453523971873,0.679132303739345,0.9425088655139682,0.0012223114351929047,0.6470921563389388,0.3565449885020569,0.028112184012512934,0.03637224334279985,0.8261949647924522,0.23380566218911167,
0.6151590119932605,0.4632148286298718,0.6458360893687514,0.9370874725922239,0.0007749977762272971,0.6110364271481943,0.3322052539593847,0.026517472279042914,0.04029451378491853,0.8077684879731813,0.22889768295367546,
0.6294486375324501,0.49776509076826353,0.6552406613756457,0.9379913997181881,0.0003568145290475723,0.6233154207647013,0.3341470810115948,0.017254291218242273,0.023697136073646506,0.8132036263708413,0.20727566641325976,
0.5673481594554319,0.4150448235792746,0.601261357199907,0.9332850194600554,0.0022324142543052165,0.5579786102634919,0.3460211674823661,0.04055452438693468,0.05715305392220501,0.7819171955053322,0.19279498922012378,
0.5533900309396564,0.41666570170434075,0.5872220460632681,0.9333457125969856,0.0008105206595326268,0.545199981440145,0.32781795066786246,0.03193403808940399,0.05271877329953483,0.7725745792519244,0.21304659840323534,
0.5923749640857093,0.44573865492029024,0.6215061357413787,0.9396020679055613,0.00019512776799658678,0.5876530742454619,0.3223277514765324,0.02326779324390991,0.031380793637431015,0.793573157380119,0.19261591483227672,
0.5668766499781303,0.4452054783825426,0.6011548902100861,0.9336538083591903,0.004820214353543702,0.5563589592084379,0.3328105157365496,0.03880891681850311,0.05955216296119179,0.7749055128083482,0.2029720511087203,
0.6910056567013454,0.5482264085492042,0.7119630216808014,0.9452403219496358,0.00042455621586728654,0.6884603775146712,0.3251232939028752,0.01748628092987188,0.04027526789441579,0.8495334497711043,0.31029141865907145,
0.5921854884087178,0.46086692282280034,0.6217961463022885,0.9377995096328524,0.00034103425894972667,0.585784494168186,0.3276595726123868,0.025957647418381084,0.033372730675051386,0.7937434934691653,0.2081387071289707,
0.5995922706544474,0.4736357463505125,0.6282966666810598,0.9377926028251378,0.0017220277944650397,0.5913526904223955,0.34287846999745014,0.03745474149764636,0.04346036047551809,0.7940345645045926,0.2569673190627987,
0.6115727491712473,0.4849908704959493,0.6396650716705319,0.9379590218882834,0.0011284196989997804,0.6036952983903386,0.32372799429341964,0.035738750022154694,0.06407904572683688,0.7988479940195389,0.23647741016469828,
0.5324535289036325,0.3858515144699253,0.5713000121106947,0.9329956519167903,0.002605647753575581,,0.3196265514019903,0.040497666418170354,0.0722895360778779,0.7587143595262796,0.19306089499113116,
0.6505320681525011,0.5106960371421576,0.6769550435755886,0.9372336405232097,0.0004126727957315626,0.6465727109482123,0.33073524186321085,0.036240344804262054,0.0446146658119912,0.8246654188787874,0.3093352674594808,
0.6805806533815297,0.5625544652736837,0.7025291795214347,0.9423263502348571,0.0031510924773127387,,0.3487822668550622,0.043259292730440546,0.05633228415849102,0.8357448421846766,0.2292965994214484,
0.6597414744371978,0.5478315570552144,0.6870444335053781,0.940571349885516,0.005894576653628861,0.6529253805466794,0.36833463779905334,0.057036445720959866,0.06839384532502475,0.8278142955538415,0.4073252845907953,
0.5858331843617418,0.45694619792976826,0.6157297893004898,0.9384157562157421,0.0008277313825096468,0.5797935082407213,0.3306837069758231,0.028099903569185816,0.04176588025376261,0.7889075653086959,0.21344403245812188,
0.550704596712832,0.4211974346617502,0.5878290711922948,0.9313909374952494,0.002161315585588031,0.5412783985778042,0.31770080860199085,0.033737692850997904,0.05202341917506628,0.7713604352531458,0.2228051200192095,
0.5645744707724085,0.4383588824356332,0.5957489457824668,0.9356518718064518,0.0017864720276061887,,0.3489177590559205,0.029494847577393006,0.04074466160630436,0.7786236450710707,0.16898252192691413,
0.6762578314722895,0.5485756109195371,0.6987994382698615,0.9425831220266817,0.0011819204617642264,,0.33258217811763163,0.045395646228638016,0.06125974599605374,0.8328829661235257,0.33064671263187767,
0.5467616843984832,0.4349072998331726,0.5847866706432864,0.9334868187073492,0.005928192128352685,,0.346728859513753,0.05346926786988174,0.07002703975811328,0.7651505675084922,0.209272422538345,
0.6021026900896093,0.4674821084727126,0.632613580196971,0.9402326123436399,0.00047831869825959195,0.594349158771497,0.3208445239754724,0.02046839738450369,0.02562886920239667,0.7957587929413933,0.17840872157287838,
0.6855350890830909,0.5538555546502159,0.7062728884285324,0.9416443319355169,0.001872247632477676,,0.3255131505582924,0.04215570995117235,0.06598817419897744,0.8427704365990918,0.26899112064692077,
0.6014222311583676,0.4694351567675077,0.6313439081876916,0.9350242741942577,0.0034317055819736344,0.592226013911633,0.33263990000466764,0.03971119452630531,0.07471296508751284,0.7957090079111414,0.25128973151006684,
0.6451679015504211,0.5007771375967339,0.6691638233056483,0.9386207480478207,0.0012034120537220841,0.6417363093920431,0.3421874113453705,0.040896694279471894,0.05512752530394336,0.820459296421626,0.24765190824897257,
0.6549088753011755,0.5176660914776666,0.678212112220109,0.9410919396174909,0.0005061124870505723,0.6500068217811298,0.34070802195488276,0.025974212013102554,0.0316029373920122,0.8269132340277902,0.2191081287515793,
0.6528148427428578,0.5260395215656115,0.6763736826220145,0.9370054847862743,0.0014184499105988058,,0.32470145779513,0.03246280776653338,0.04600378209972924,0.821993127053928,0.2385028214303639,
0.5942978875318884,0.44726642997298577,0.6250377365460104,0.9364688132949955,0.0004550437143689954,0.588191381391607,0.3160513912461162,0.031640322847335436,0.04262709794703937,0.7942766159949917,0.2609767015769259,
0.6243160560129595,0.5118957763092767,0.6506251208181771,0.9395513623609553,0.0031851243181624223,,0.35871366762820456,0.04601647571428697,0.0579847776720312,0.8063529608328993,0.2713064529877605,
0.5947298053675568,0.4514645873126712,0.625987662941505,0.9335439628517402,0.0038701661349044084,,0.35368166649364313,0.04483911818123175,0.07108061022703127,0.7975870151673274,0.2540073857014075,
0.5827689340752741,0.4386421708716172,0.6137846341301092,0.9411407727734956,0.00016837798517006558,0.5781890910288916,0.32055350389496556,0.01801537905716359,0.02861191269051028,0.7873295489174965,0.15488553902741461,
0.6512375832326981,0.5169747872500664,0.6748016969308072,0.9380419063578797,0.0006999249511556147,0.6452563722143113,0.3155268035380235,0.029977074095701363,0.041581494269976434,0.8237964831448022,0.2451227973537437,
0.642624109314399,0.5054245253498343,0.6657328297934705,0.9379260073377346,0.0007067155697373708,0.6380188891187623,0.3238155243191538,0.03309571818015271,0.04760184997914728,0.8204826901933107,0.2242739413170648,
0.5418615109027588,0.3980478206063503,0.5772789476737278,0.9349570938337997,0.001361310228236545,,0.33021086510110415,0.024489583808007864,0.038445483376859275,0.7687088438831411,0.15741918396198812,
0.5777817131524589,0.44203395215880653,0.6097258346945632,0.9327755210411203,0.0015197378022835629,,0.3227321716138734,0.02518313659133641,0.0370085011591104,0.7879880312471949,0.1678462071821601,
0.6243277563018004,0.4708473178769765,0.6526349382993256,0.9355497915259745,0.0004687458238700033,0.619437848519961,0.3312620862431272,0.025074748098531736,0.04692551273553127,0.815705594006851,0.22201468872635438,
0.6099427824469715,0.4783343534747156,0.6355186934756373,0.9340499270403845,0.0008694202249288018,0.6032935767793542,0.3442858363730923,0.03182859115941687,0.04384831879908833,0.8002315120271477,0.23707760411077353,
0.49510475696341616,0.35415220664780694,0.5361449899652054,0.9351545454272506,0.0027631749101832068,,0.33966340708288173,0.03332445813551328,0.041424118739542784,0.7390985587917842,0.1739844135574093,
0.6316871340565552,0.4901561040609777,0.6566675641482943,0.9319992472715345,0.0007254976858375364,0.6266036068943358,0.3356353550012699,0.03173600900557928,0.04689026625728604,0.8157958110107868,0.22790172417643345,
0.6189759721267108,0.48231479140302375,0.6456475534843059,0.9345906803627987,0.0013842891265641406,0.610204667674806,0.3167718356636106,0.02477006097529006,0.04553006266486165,0.8079510787497499,0.25182042987752257,
0.5861575025290104,0.46240614920828604,0.615953707407626,0.9365769178869697,0.008055675396968373,0.5749820918154532,0.36405305307570957,0.04693120691337365,0.06472788499096956,0.7871987752017064,0.30951343265686154,
0.7529994952883009,0.6342986835360579,0.7657455270206451,0.9291745911792607,0.000560083372128339,0.7496214664014099,0.3677860593379023,0.04409476677810706,0.048563707026027594,0.8784507027489452,0.32667657664224325,
0.5064957451745727,0.36942855252908985,0.5436684802230756,0.9369561430706331,0.0017375504381141997,,0.3409190620312135,0.04172926524097497,0.08287953994284075,0.7403567822204584,0.23079393466957127,
0.6270751410916677,0.48952248460418635,0.6503003190288257,0.9391731608636009,0.0004479888530109297,,0.33806077330115425,0.03365302613304048,0.04091240343381278,0.8107210270760788,0.25432851794721234,
0.7200098775266928,0.6043683523073898,0.7379688046367514,0.9457095023051915,0.0007633026015655054,0.7154578371236492,0.34567251127383103,0.0201242521125735,0.03905908784590546,0.8576618867697382,0.3045253774847828,
0.6848279640478389,0.5466920654597042,0.7053560873578197,0.9357091834524032,0.0034610166819554027,0.6763317905204946,0.3619395841046724,0.05650580129430347,0.06795648373867978,0.8434427231974376,0.30711258446310574,
0.5613325233251181,0.433990870179582,0.5936021954017074,0.93669129597238,0.00307217984384757,,0.32656472598872127,0.03645768364529408,0.05763695782741315,0.7752721963318634,0.20080250873943045,
0.6458953229562319,0.5086130480803258,0.6715570127425461,0.9379033468165948,0.0010287560782202387,,0.3434982494339893,0.041758293293958665,0.053381323333662876,0.8218735085109098,0.2761116379137371,
0.6096034472150856,0.48263815275501215,0.6396229649924944,0.939718091431143,0.004335466044496454,,0.3618716269762321,0.05807307345065729,0.06383710765766133,0.8019701265971386,0.24130634401906803,
0.6352154523661588,0.4946021321943446,0.6601661508049878,0.9334260951726439,0.0013689764382458583,0.6260308404600052,0.3415407324953971,0.03158536376024685,0.035371298764501055,0.8166692341593558,0.20621940654208645,
0.611092822101221,0.47553407363440076,0.6423767105076309,0.9361550743429669,0.0014888612330075793,0.6028859735104198,0.3447620506056304,0.04000762226926621,0.06397874691823463,0.8043371018292016,0.2493421054203176,
0.5392830443073495,0.41617551259267893,0.5759854899772862,0.9417477210512377,0.0015153580327007124,0.5345866255353205,0.3316748580484181,0.042872231130907074,0.06517273738889814,0.7609960947375906,0.29210798744782757,
0.6214199740658866,0.48454544933099025,0.6480222390698683,0.9382296395798221,0.0008006358491323314,0.6150961567954045,0.3449700905548554,0.02360454688251644,0.028781160581379493,0.8109650375521481,0.20743749180409735,
0.6194566744259428,0.4702860148027133,0.6471804997067961,0.935339002747865,0.0007676459113922425,0.614486092409143,0.33690106923827495,0.04792115525072999,0.06437269781913847,0.8059721100494073,0.2862199771397068,
0.7116085123804852,0.5852502026062342,0.7287580537489718,0.9373716644829605,0.0021780063876754635,,0.34776764066201626,0.05499095719956623,0.08829879064414237,0.852273161268399,0.3289509936642277,
0.689529763314004,0.5646521732173903,0.7089844601157461,0.9389394261853773,0.0016692399347926015,,0.3396552221612044,0.03647452010769072,0.056834556535566995,0.8451732999294628,0.2884118853025992,
0.6251252877842918,0.4656858162861555,0.6537960886032317,0.9324436504604576,0.00269947174955739,,0.35352677713084213,0.03932596060768907,0.0497420082207321,0.8164655223254162,0.21263950671884474,
0.5267035677474058,0.38028414941236816,0.5645985094366385,0.939047419182435,0.000979589104442738,0.5200502269337811,0.32934465157777065,0.02083359279739981,0.02240749001879001,0.7578191857497191,0.15729596048523264,
0.5788572833128648,0.42991053128829176,0.6059875879684219,0.9384483319425386,0.0019121289638492935,0.5729846811744702,0.33302387627902946,0.03595874786389661,0.050845684647736825,0.7872166921143612,0.21084767037316157,
0.6603124692516292,0.5086568381035134,0.6800747999589629,0.9415158326616987,0.00035933740468592734,0.6563590987791065,0.31308740653172373,0.025149470325289667,0.0353958797019423,0.82981267188459,0.28329001279495514,
0.6202608449041196,0.4793112715746331,0.6510652583102023,0.9384945169906627,0.0021986512188869618,,0.3366329745211454,0.04961233130665389,0.06696814443370402,0.8083077642418098,0.28891225869175774,
0.6577802356482099,0.5353583779188974,0.6819585543701671,0.9376003737398465,0.0006371932535305225,0.6517996651452558,0.33660126864492024,0.02839412927697476,0.03877216173955705,0.8287358618173172,0.22851049630209952,
0.5247994641096669,0.3834945856417961,0.5631996754667341,0.9344585426896722,0.0011133833915141897,0.5165284438821334,0.33173285271197833,0.04068094529635513,0.07084879199676966,0.7562207033321579,0.20104334180112882,
0.6663494219040588,0.548125769104732,0.6906693198136518,0.9382665232757019,0.003468549323110987,0.6600003618747744,0.35623379657035975,0.04240443319606294,0.05445114065842969,0.832850007467613,0.2344667957199501,
0.5704104124804242,0.4377010041803702,0.6074777088983729,0.9355323061285964,0.0013129475566333445,0.5628395922718554,0.30855562251385565,0.03370820867926043,0.05048220082553208,0.7769034952570543,0.18914596668852285,
0.5419102721644301,0.40275769282151813,0.5796073096740357,0.9363398464232383,0.002616130157462471,,0.32528091612654464,0.03257068540583566,0.04543897018374909,0.763713759120191,0.17867154198266336,
0.5239908500353941,0.3915877134829891,0.5636003524587859,0.9348504706092586,0.0015000458979813676,0.5165104337944553,0.3097702858422884,0.03335588344650661,0.06346284238182516,0.7492030696165357,0.2151315982387344,
0.5166685118994446,0.37353342233483694,0.5533368014398486,0.9342804470605888,0.0006496128242279921,0.5081115922737954,0.31573753087497963,0.02184895941679796,0.030728939195857966,0.7512030911575651,0.15689967360337578,
0.6391642312559112,0.5150886789494721,0.6643832362755894,0.9367142154869708,0.0008508652219451973,0.6300748539935866,0.3265790125139291,0.029852583968547893,0.044320956406652026,0.8156063080608491,0.23330414984250664,
0.5764755321812677,0.4363617124120884,0.6084519047874631,0.9338628213944086,0.0009749650151248908,0.5686243664052381,0.3290232281758412,0.033745768570785095,0.05115544050805914,0.7824989373468852,0.22771379078483073,
0.6247882287575007,0.48762498998026677,0.649486669308331,0.9393664695660044,0.0004044476833135028,0.6177800451084922,0.320627322343977,0.025166503828375427,0.038662547959348745,0.8123614578684689,0.2177955776971863,
0.5989232191402895,0.4836403227978113,0.6289447050503331,0.9380731079530159,0.007910186712657894,,0.355083472042609,0.053756713164177315,0.07030012874725441,0.7945357036582081,0.22937705269730316,
0.6894438361961575,0.5613055860873367,0.7081182640119804,0.9396359418691739,0.0024250132838229328,,0.34017206596025185,0.047624617078909144,0.062374091199128574,0.8460387224875876,0.2781828440329918,
0.6566866135465563,0.5127035808372377,0.6798487634196734,0.9415749505037572,0.0004108102407332369,0.6505726694094377,0.3186201512803597,0.02928566224536675,0.034656247104028155,0.8276592734063398,0.25125536305874646,
0.6113895982222554,0.46367183266714446,0.6389439590399024,0.9398579717015959,0.00021844078045823228,0.6081138198364503,0.32517305540472957,0.022147374963432703,0.029513408113618033,0.8052288813746684,0.22201599557958543,
0.6391782347687366,0.5253846249551469,0.664191062089147,0.9372429291870527,0.0030335522092248394,,0.3532459018897078,0.03374922480481409,0.047624945888045944,0.8170922621257415,0.24940016823380767,
0.603685627732833,0.4874613820688527,0.6343926036818938,0.9324973151858323,0.004294092952849195,,0.38086306010176635,0.06252214234901039,0.0799216726666383,0.7989561928078367,0.2657862229383879,
0.6793203781987507,0.5387378505171002,0.6990930642150679,0.9361475450716931,0.0014274530800333118,0.6727629605116715,0.34468413944171994,0.0318635514894515,0.04708552611644051,0.8396701014719169,0.2547772975575676,
0.5843612894834599,0.46321312578185614,0.6174084760662347,0.9362232175886828,0.0037802752727178917,,0.3518973114287021,0.04135644909254144,0.06686554290036137,0.7865629916203818,0.23576315811636395,
0.621720776511348,0.49018609982775924,0.6482329073665858,0.9397659203295005,0.0017722360521544203,,0.33408307238409857,0.04889758250741506,0.07110268739272303,0.8042536853881846,0.24019459574556457,
0.6912036641590976,0.5552851419953968,0.7091341897890295,0.9397890049643766,0.001194363672060379,,0.32977143322654173,0.03612002973801311,0.04663224587666076,0.8471528800325109,0.28057591517804076,
0.6211884997723277,0.49508409952169014,0.6501135966573948,0.9355552845108989,0.0019184503505452076,,0.3359655594250741,0.02536972244258644,0.035713561318891446,0.807166484731798,0.21818683672377162,
0.6069972382773844,0.47047727932765565,0.6354900565745423,0.9362716162626193,0.0012710300976693381,0.5988548687606349,0.343626962802628,0.016363945788710053,0.018825809457471886,0.8017353788616569,0.17835614338000405,
0.6004514462783074,0.45223913671561417,0.6319328563074813,0.9404263399470252,0.0003442614303628267,0.5967932922223419,0.31598241506263597,0.03193329309222277,0.0399640576308663,0.7938467152519401,0.2548420999668346,
0.580065289597029,0.4552504059837002,0.6116363990285332,0.9385060238926117,0.001330871744943691,,0.3444735610062311,0.03147476205220221,0.047305672342946345,0.7844215163960945,0.19199738156915083,
0.5816769108967296,0.4574829411022894,0.6144507886630456,0.9350518818394001,0.0034955335145610542,0.5702533081697009,0.3266658773492685,0.033056246792139476,0.055702196099728096,0.7852511902792311,0.25350916907221244,
0.5841392401125293,0.45310335727947,0.6168705568860698,0.933705719933268,0.0020032768707560875,,0.3161385039561171,0.031874092979683494,0.054228135560050454,0.7872181199908306,0.2106716318301463,
0.7034152341488191,0.5628273572817438,0.7286404976574644,0.9411699869280112,0.0008432688440268829,0.7019432823097955,0.30255311613643193,0.03067300423064235,0.059262314257895674,0.8571268936933308,0.40533180834611693,
0.6577612325875016,0.5191165789884181,0.6834747879369875,0.9373176287124995,0.009021917861692546,,0.417935035208699,0.10158524071163025,0.12338013541182809,0.8250035870065768,0.3544838279577638,
0.5416974792526908,0.41261569037003665,0.5800903599425209,0.9324243772456953,0.0017586528747106547,,0.32268234684510566,0.03565948968513905,0.05047821648400869,0.7639928267797702,0.21641372173739845,
0.7169258972920286,0.578668964168178,0.7321544363514719,0.9346161524861389,0.0010709999265612103,0.7115446171356793,0.36552874908748473,0.03533946496386564,0.053250398686222264,0.861954836711277,0.27868438431211834,
0.4719797476272698,0.33816108571281145,0.516647685570458,0.9343105821777963,0.0006358833432217483,0.46314250778985033,0.3125856017028142,0.024027388494957738,0.03223268226967848,0.7285166573150953,0.10749965565502718,
0.5670269044189151,0.43196564491431655,0.6009324966352815,0.93450753624384,0.0024163530615262593,0.5588328244454462,0.33696225535664076,0.03689681503013629,0.04799904652446628,0.7791924634165274,0.20852310875792357,
0.6245378898347154,0.48988342125193274,0.6503347768187472,0.9383102769160013,0.0005325723463842374,0.6194586807681256,0.32152263176783713,0.03301200990528119,0.04683721098565821,0.8109390167437657,0.22677430143767782,
0.6018157319871253,0.48303795947000444,0.6332873935808924,0.9375336146362243,0.01043791662463278,,0.35147378186470407,0.05494784556828867,0.0751127170887,0.7970377877271253,0.3098530441776099,
0.576952100399766,0.46817680953192436,0.6094300575957389,0.9323514739991555,0.005706422775437033,0.5652989117572682,0.3715051754187289,0.042757810444362346,0.062264036363191326,0.7860623245405032,0.23585035741282412,
0.6995005181916344,0.5795155342716373,0.7175869809162907,0.9393238877229487,0.0018243686152888173,0.6927612474171368,0.33366526117923834,0.031775215240369116,0.045903202062933995,0.8486350831298178,0.2524325025180454,
0.640541546008739,0.5166449947283968,0.6654485317892487,0.9406837803399983,0.0016688492323440522,0.6346197759104292,0.3348866130035553,0.03691871435533565,0.04882279723187305,0.8158994674934591,0.25669214498483717,
0.5250699545846342,0.394861411535354,0.5658807281750787,0.9342931033698165,0.002802966737097736,0.5169128219369149,0.3412633599427306,0.04456215208222843,0.056477691923183616,0.754355285843378,0.2112596764230869,
0.5400863983941383,0.4263000859396541,0.5782704949755332,0.9347161515899302,0.004953569871890106,,0.33701417496863434,0.050894242836600614,0.08382591293207935,0.7611124869045343,0.20810300582500352,
0.5402542435374416,0.40015434868674754,0.575987405944533,0.9353737586718546,0.000580765119974804,0.5325059420129453,0.3321945623252584,0.026214468532154433,0.034925591191258216,0.7667598451484648,0.20137455492487277,
0.6476682464927715,0.5050317642403911,0.6764732307558657,0.9376561669510158,0.00045003668144955175,0.6435519344713043,0.32750422482183117,0.03785825103269787,0.05279921105286585,0.8279805630831897,0.31155530946925747,
0.548697378369634,0.4408325870811232,0.5851330994900574,0.9335448999085391,0.004229626098952908,,0.35002993125581927,0.038552726344268616,0.06564082543092768,0.7665859450310745,0.21777673720632865,
0.5574770979131851,0.41502653505036463,0.5894844603803222,0.9368565956829249,0.001381155645632227,0.5482897262005584,0.329190664115875,0.030223126567592958,0.04348426031002922,0.7739577673167602,0.1872189264934306,
0.5742332923984538,0.45019699937993796,0.6075121671617141,0.9357880169051095,0.0041881580367130996,,0.32338513709223987,0.03703442166661648,0.058311677099039595,0.7820074561380045,0.26863856361367144,
0.5619968516140633,0.4197660927968396,0.5971948224457178,0.937209206616609,0.000686404974541977,0.5569521302631029,0.3242370783221494,0.035332205119436105,0.05150505518594675,0.7723636040019696,0.22083573298523546,
0.5227852563442471,0.38055175388522117,0.561419046478515,0.9359187082206365,0.0003192857016757909,0.5166918660000152,0.31200565838300937,0.021269242210596822,0.03172551272604408,0.7536364719169967,0.15118004750909977,
0.5753375443783159,0.449498865068599,0.6060168827967626,0.933746394328228,0.0012139925885656284,0.5680485150141174,0.33682905627474563,0.034899459744819894,0.06337521830785948,0.7841531980024528,0.25499333802663066,
0.5306428803673412,0.394969157889053,0.5685757444538339,0.9379054261798307,0.002291086295927693,0.5226668203269321,0.33229752411157154,0.050577403539997415,0.10065372445877951,0.7488860827669306,0.23658876260033163,
0.6979444405072065,0.5913074893570242,0.7191227979374162,0.9425125914403543,0.004338942199751724,,0.3570451040248912,0.04419594272310008,0.055549607265062695,0.8488866829169575,0.3406617139563383,
0.5786445470605701,0.43866619745158525,0.6100528402826235,0.9352480850800934,0.0014187588920819146,0.571251472718969,0.3193398374687301,0.02735298884040679,0.03998002549890336,0.7878272562908697,0.20963013541048625,
0.6123371513102075,0.4690260199796487,0.6374053597935182,0.9379092211427777,0.0004512713695131944,,0.3424686545665397,0.021820392644535364,0.02861652354302543,0.8069088374471871,0.22442539682166496,
0.6159811284156362,0.4971036252045005,0.6447761003084832,0.9360849289323414,0.009630716838201037,,0.4076117878852605,0.059568047716876446,0.07939767175623665,0.8070644223640129,0.26549958372823224,
0.6979154244326778,0.5402986528429253,0.7160888280548416,0.9362450403058812,0.0013745892602588826,,0.35033300438548665,0.03962605417098261,0.05613915618713539,0.853523167101501,0.28463625772776907,
0.6787345139523256,0.5539571491127909,0.7006387506004067,0.9421941960587241,0.0008078037479245876,0.6747983116587452,0.3198955161702156,0.03442114485375362,0.04884809709089403,0.8344267577399308,0.27159552524945546,
0.5637353941594564,0.42785283636696314,0.599321124912071,0.933598253880879,0.0011888359162485717,,0.3135915159306545,0.02958092804508485,0.05075139024577492,0.7741108945251765,0.20068210363597105,
0.6224368931697678,0.511167717954594,0.6499154466112528,0.9343267525909846,0.0016542148376916586,,0.34708188249327226,0.027817691638668547,0.04562503583467346,0.8084921193585174,0.25264240574861746,
0.5908024005193621,0.45723707006878334,0.6219962256672747,0.9370823425663511,0.002108392365379497,0.5814395971667058,0.3328214014623492,0.02950953899540179,0.042588723751413114,0.793267958421226,0.19124635112900604,
0.5280482745011957,0.38141151328476147,0.562183771822712,0.9386226535585354,0.00042213899908286203,0.5192445538783165,0.3537576733611525,0.026238407158281716,0.035437551163612906,0.7615448705914848,0.20374249246490592,
0.6363362195030292,0.49849361627821115,0.6607331297419182,0.9366071798734739,0.0006018018668959026,0.6295359026331974,0.3367549429814094,0.021529049270304752,0.03378601369987274,0.8175711869904919,0.2276741642681836,
0.6324454221150672,0.5008455361596514,0.65758251513328,0.9354656395886717,0.008367465452081843,,0.3567772059309207,0.05928801014628819,0.08445417519078686,0.8147973953120168,0.3120688736122192,
0.5115722754579239,0.36604303711601555,0.5545412912237623,0.9390915590410304,0.0007345566182035256,0.5083042785333541,0.31673447068001365,0.038694938154629335,0.0648914017851209,0.7416015733269693,0.21659058365964803,
0.5549775327011852,0.43902907937624064,0.5904927804482921,0.9365295637569625,0.006579934558975767,,0.37250333588453605,0.05231687392889594,0.06673338714869213,0.77022949419263,0.20033517951957933,
0.6935723360645012,0.5507782454001724,0.7109539767957648,0.9409188133327403,0.00037339860985136406,0.6887831727804025,0.36045325146184143,0.022981125439631364,0.029583303503285713,0.8487185055371151,0.2392697635739451,
0.6552929134000481,0.508238887688567,0.6792968023293868,0.9380941586926331,0.0005013850205788842,0.6514946582558375,0.335630219819342,0.031036358636991883,0.044611377497603064,0.8290485541395644,0.26708520450123324,
0.6031172167443751,0.46633654566178584,0.6311628260510623,0.9357665534837499,0.001256016640791371,0.5960092117799051,0.32735702633079455,0.02627433668528355,0.04218665323053219,0.7992837791280138,0.2253123425987426,
0.62679502551727,0.4993739944585856,0.6549260565430387,0.9376834613373152,0.0010158536935111055,0.6215124832851817,0.33042402001236654,0.0336811213271702,0.047656568010283853,0.8087196763186311,0.26219496635663664,
0.6310037806278981,0.505120435955782,0.6567995964695486,0.9392092657330734,0.001247113761664851,,0.3196573643449299,0.02841893372285508,0.043572507584123586,0.8121241598883325,0.23018162693154906,
0.5424730710686609,0.4051862003647661,0.5822500218184615,0.9337477452657152,0.0036132737629519123,0.5345922671915422,0.3262527902204652,0.04324644044167903,0.06775071086082304,0.7639919466015725,0.22417524296321983,
0.6572977502580819,0.5381767281218,0.6815179312085181,0.9424276662182941,0.0005048426708817177,0.6529469105193213,0.3458090452127962,0.03256163319289987,0.042580226303811,0.8235332210901518,0.24159848552203406,
0.5866658209799726,0.46759398861698465,0.619013558382071,0.9344192352767324,0.0025242914678523676,,0.32718235588100436,0.03795990170850097,0.057721704512762206,0.78760331892859,0.20571458422029426,
0.6578978040682338,0.5268424542565129,0.6809175271776994,0.9374770858968406,0.0013149986218669767,0.6504371792883091,0.3086348898054218,0.035146729850039166,0.05623586963843936,0.8258254217061093,0.2769491556026347,
0.5397074495420932,0.4134415480031899,0.5758825476172866,0.9328929555982922,0.0016465761186243387,,0.31276214691264353,0.03389299431818643,0.0630817133205358,0.7597942802602141,0.20750929485227484,
0.5868599877038979,0.44697241885830225,0.6174855583485751,0.934585622755974,0.000930055736106241,0.5797136672889223,0.30970024780546807,0.030205213908577746,0.04578206839662647,0.7875050457110591,0.2302436783272967,
0.555280008619138,0.4189046976365501,0.5917157673802044,0.9339004511100523,0.0017734716214989985,0.5476070573645871,0.342136550737182,0.050897137980756825,0.0761861315544242,0.766961521733998,0.23200276835224537,
0.6403565696839143,0.49030466259298106,0.6670667290317757,0.9378268715128725,0.00044989687832559864,0.6354271068845257,0.3302932592446796,0.026410253317954855,0.03811157110084361,0.8212141493536997,0.2583730928351994,
0.5965609958795932,0.4485460144436484,0.6234757844596485,0.9338775408436208,0.0008433201831050644,0.5891555570207784,0.3237415478197541,0.028353519664949856,0.0394175581482458,0.7968643623076466,0.22026506258104045,
0.7040720912500068,0.5511746536182701,0.7245602681516635,0.9372576671753565,0.0015180255038818053,0.6975230720864802,0.34258557563699554,0.016770647769454833,0.03763778136089939,0.8612654651102004,0.3037827973065073,
0.6442140432753115,0.48881223218290054,0.667906824391136,0.9412386326275118,0.00027039880424922807,0.6408505112698863,0.3287545463883703,0.026603387565377012,0.036488700745518965,0.8194712982045158,0.25363591322063933,
0.5860642284530797,0.4436703711926369,0.6202060883439008,0.9354482583270451,0.0005444778468230096,0.5822495322101172,0.32092021950719457,0.027637506298601053,0.04457772996962998,0.7879464488817705,0.2496009912388543,
0.6474832702628247,0.5178005905373336,0.672018103853541,0.9370211685421032,0.001610669296265352,0.6410077066559405,0.3521728996910853,0.04038361146673736,0.05285162961970735,0.8243128796788309,0.2900983214272143,
0.6204777087845713,0.476918283093793,0.6479091496894908,0.941454783998663,0.00025168206481236254,0.6175660274292039,0.3354269715273645,0.0275254536422892,0.03460019849960023,0.8053135954845447,0.2286774200067287,
0.5072797100466481,0.3644676489793896,0.5486973425423839,0.9357169752757621,0.0012507508037235655,0.4994732474965989,0.31911108038885105,0.027534067088585402,0.03475403403807038,0.7469445843357865,0.14554920040541242,
0.5415354425978379,0.3896542039284821,0.5778859313584567,0.9320154565779308,0.0006457178062291143,0.532701416548592,0.3266576699669242,0.025223745226136695,0.031883136560202446,0.7672233524102805,0.1648594000421961,
0.6413581639586541,0.5055914251386243,0.6649947245517134,0.9379600528513138,0.0013257976099909031,0.6352762504188819,0.33334740169743277,0.02723359751346437,0.041298968690254206,0.8218690473657762,0.2665381663068035,
0.6280023515449638,0.48407051754544955,0.6572734380244789,0.9367736802399134,0.0027593819296312994,0.6200925048757238,0.34064116695840596,0.04061616938618861,0.06726239173583587,0.8153064675752557,0.2716036427886328,
0.6275313483373312,0.5090490838889261,0.6548738246292354,0.9355246511219661,0.002431370409678019,0.6203099722285121,0.3237291968508136,0.03563021949132166,0.04453552740138342,0.807767854847718,0.2457296981802202,
0.5979153879753185,0.4662169492559772,0.6267535226038458,0.9333602957174238,0.001366600819465283,0.5874479603546536,0.32082693098608983,0.03263429267096389,0.05020304703592379,0.7969005607023358,0.20341947469188398,
0.6329329369672058,0.5304709532354702,0.6609136266066248,0.9414099294090935,0.009968330415872757,,0.3680307559674377,0.05898698846412569,0.08524889701197669,0.80958448193151,0.3496836796131058,
0.5950582676903644,0.4509186009514267,0.6263142467015078,0.9388872016697888,0.0006685110008711178,0.5906574750150521,0.312660184993742,0.029014093432116844,0.0479717036229275,0.7975708840830202,0.30539860454512235,
0.5444430521629743,0.4038531510427829,0.5774281828183926,0.9378505315034507,0.002047777937748414,0.5386212402485743,0.33336489258902674,0.03713486471159896,0.0458713203280035,0.7653245980067876,0.2003645993649775,
0.5935474738667287,0.455903571237324,0.6236594588779084,0.9324900970249893,0.0006553531949815772,,0.3129884821393825,0.0313721727168859,0.04453056797533,0.7931850426662534,0.2342889575142459,
0.5206816640273185,0.37507756194771025,0.5583259354158281,0.9360926619929147,0.0008212453571797462,0.5141846776011624,0.3220237740529452,0.025980534581986608,0.0359559901277694,0.7563764586509066,0.16018590844726535,
0.6812878402313721,0.5361476881905485,0.7026348944754907,0.9413351148102244,0.0010223890716176906,,0.3357499110881678,0.03835054295762353,0.053078528722820734,0.8409539594223613,0.32277513902496396,
0.6179373705123649,0.4945208288210885,0.6476923991203601,0.937408179793934,0.0013392233243626234,0.6098615866365127,0.32409469236028743,0.03761804594929119,0.052318881047653684,0.8024226612338398,0.2602331320237411,
0.7059806223597729,0.5650049206225164,0.7236795190700946,0.9401577319850962,0.004714606142076219,,0.3871630206720235,0.05622608705626229,0.07517272733009103,0.8554025889483027,0.3464536340107348,
0.5407824129885551,0.42788242784306746,0.5796471392794454,0.9346346376255168,0.004244099393498427,,0.3520527493989971,0.03463366015411017,0.07420872806015426,0.7603618108690355,0.22510164309726943,
0.5734001439886304,0.4333981205856678,0.6035592665293134,0.9387146870844064,0.0004878554526332522,0.567978760921879,0.3167319639233544,0.028270816718815536,0.04451414666450271,0.7816044591286964,0.21387261725038942,
0.6847475523094868,0.5533230265741919,0.7043501061075351,0.9391475417921339,0.0007663770533401102,0.6774380502432935,0.32640227767272106,0.033461655770631225,0.04585145852611626,0.842272065263928,0.263352758169296,
0.9807599799092767,0.9062754122204456,0.9763315996792302,0.9627568658708628,0.0015112375083632618,0.9803094571135927,0.5831891340726477,0.06207521949937809,0.05108229335930142,0.9936307919610056,0.4859267096510011,
0.6052840928072291,0.46497963433934236,0.6333545703712213,0.9365459609063552,0.0011390816735617154,,0.3222733138961205,0.030311561831735792,0.04851192380279054,0.7987371179415977,0.2617342979369273,
0.6290532971629749,0.519024679972021,0.653648503555278,0.9322683919068665,0.010150033920514308,0.6165524361318413,0.3679398426363399,0.0503704998666556,0.06624772615754884,0.8121197198928745,0.25675934020598606,
0.5855381345636617,0.4552418608436748,0.6179090944313524,0.9336166529515767,0.00473723062814388,,0.37869854404371367,0.06210920113954093,0.07696592528650334,0.7886677416508007,0.27003043637112845,
0.6090185978515265,0.47596134296175713,0.6407474704722095,0.9353300668181959,0.006431270126646745,,0.3825667261598731,0.07906634423143391,0.11822330324470086,0.7986724232324666,0.3305615013886804,
0.592845616018435,0.46164055129712533,0.6233171934083557,0.9397771073281164,0.0009339589328931601,0.5851808502960295,0.32206118131447264,0.032102368413554676,0.042018228734637786,0.7914378640571802,0.23083609106735192,
0.6272432723256472,0.5022089923919678,0.6533713284438796,0.9404642558323971,0.0019865471844163827,,0.33097698426773015,0.03897234728259362,0.05892815637332066,0.810935616607476,0.2668503879022927,
0.6751024579999703,0.5379659499527757,0.696077830433317,0.9414534472451489,0.0012663743968065386,,0.32546729588264217,0.04278633458683516,0.05620877039452189,0.8355284034467876,0.310049189129577,
0.5753001984978584,0.45201180987214234,0.6088099513354724,0.9360399247434454,0.0017111871955165657,0.5666784603170765,0.310937430236248,0.034552408708559454,0.059831763843073794,0.7814788131706771,0.2594289664025876,
0.5959136337568148,0.4643469352541311,0.6305713817674077,0.9360797485404646,0.001147631597167069,0.5890264477909323,0.3346537370907243,0.028122065604879815,0.05003292110408272,0.7980724067512743,0.2549599679416578,
0.6146207607041728,0.49627142777923633,0.6404650104004891,0.9374493843004271,0.005321788261119175,,0.38367475839395193,0.0521490635860011,0.07272563157133147,0.8043304334016227,0.25580472811958005,
0.6277124055982529,0.49137743410388857,0.6527908726997164,0.9377027688774989,0.0007101479809365089,0.621590065705133,0.3236538613297457,0.027700257810248048,0.040377707366261194,0.8139285083401865,0.23853455673812568,
0.6232655295498702,0.4804853391472128,0.653586198060193,0.9334953836319833,0.00028924124654571335,0.6186796069735392,0.36035399497105464,0.02958529278192495,0.036473460027923676,0.8141332271899119,0.27171874007075303,
0.5658447943095944,0.4254908439107174,0.6012144156368459,0.9387252590850469,0.004570649816858082,,0.3449179249204721,0.04475206542806994,0.07194369981600802,0.7797462544341796,0.22166956537247226,
0.5470835155602741,0.3830010024759963,0.5883868685351339,0.9315271989622746,0.00045306189456929515,0.5415926212196444,0.3171806099516826,0.02263096449986771,0.0299516523654376,0.7755664220247602,0.18520824392907045,
0.5935516384052245,0.45676049216369724,0.6244404206449644,0.9331083322260659,0.0026109608286217644,,0.3526872730427868,0.046577711878442375,0.06101695165192564,0.7925559131128067,0.24205157525997936,
0.5125637776178547,0.36782056204060903,0.5505447951031578,0.9328175781251877,0.0006301005233324974,0.5055230449641498,0.3245954971027616,0.024584301223202668,0.04030659461381275,0.7505764146750188,0.15349483324745017,
0.6335534521178664,0.5000679212371315,0.6615035040696758,0.9406775895424553,0.0013692509009488674,0.6285438798767934,0.3508494290587616,0.028241568752022935,0.039881180735379045,0.8157372109526126,0.2475141109794212,
0.5981873227692621,0.45332674258765576,0.6262335674415103,0.9333697522274247,0.0009370144493023595,0.5894808053226527,0.3364152457485668,0.02853475755220677,0.03862265410457338,0.7946037733893138,0.22587708551729094,
0.5631164592757135,0.4299972278507347,0.5973992482394149,0.936149908593943,0.0007056356143126477,,0.3196420009192883,0.03109800250693207,0.04673954168522489,0.7743791915951718,0.19632595303574496,
0.6267833325496349,0.4846547285527079,0.6518949087012706,0.9404984350249399,0.0006669516393770506,,0.3070751045582732,0.027430585280932184,0.03955126020531486,0.8137646258739198,0.23903062874679526,
0.5707897248580036,0.44338064907590763,0.602853691090645,0.9376048834828855,0.005161219322125167,0.562324500147032,0.33904778565815197,0.0457553951011064,0.06068356150949314,0.7810937703399761,0.19888787487922055,
0.6024814187078644,0.45602798578727083,0.6314766776678528,0.941188157547574,0.0015798085136767648,,0.30919794018163244,0.037769758712482025,0.0612300503796473,0.7976387173534133,0.2633425191420656,
0.6094138602287965,0.4835631769260822,0.6368987111820082,0.9407829750822706,0.0011494382944983368,0.6021275899798301,0.33417591601969976,0.03439374810344347,0.05354869751825278,0.7988186275585001,0.2359671256777463,
0.668104059878968,0.5296934478598785,0.6883317497235811,0.9344172152161153,0.0016927845566099481,0.6614056332003386,0.35075398032673677,0.04216474206743323,0.045112967004682515,0.8343604799908672,0.21245986978557996,
0.613927153743316,0.48117115919521786,0.6438722594944525,0.9371820982965001,0.008598284365028531,,0.35702022096718466,0.056249406131250755,0.09198235186598899,0.805263522075453,0.2972567009211164,
0.6957488104511196,0.550540552086522,0.7143815647409936,0.9380401703551297,0.0007784804083894232,0.689853782092578,0.33791315418224527,0.03476311679729868,0.04792710310183003,0.8504189454672069,0.2706467353966727,
0.6127577521514319,0.4477484209458314,0.6399685564467951,0.9419377264467981,0.00034593528355136963,0.6105655975263352,0.3269372267671488,0.03143260477444891,0.042151179988610066,0.8053701095602958,0.23456690284687282,
0.6600294790956301,0.5474701394412862,0.684688260530195,0.9372227008848585,0.0024203920456169763,0.6529594944542966,0.34308087942194776,0.036022660476398946,0.049214855138792785,0.8243351558697503,0.23243528815553574,
0.6006184475126412,0.46907762940204467,0.6318617336433419,0.9334855197278372,0.0013534347491688757,,0.30090605068430043,0.032711384857725366,0.05046289986568775,0.7944529743991574,0.22793800668560088,
0.5454791146357628,0.40493875313269334,0.579346156035455,0.9347990792660582,0.000333085829703198,0.5379615909777943,0.3176898508477761,0.025564856722819745,0.039232673618192666,0.76684563169815,0.14437120801042952,
0.5307225935147234,0.3884369491884583,0.5662611764338136,0.9349032399029685,0.0006118318250211608,0.5230358286546605,0.32185939303243477,0.022909711187474674,0.03403079576438188,0.7606097897230448,0.16935378187057476,
0.6307599980336619,0.5086420777804629,0.6580545693541966,0.9393213556070288,0.00239836782323486,0.6243265581585504,0.33972361792265277,0.04109185703240151,0.05215771318175305,0.8105785741119597,0.23383718315411944,
0.5110524350897252,0.37768658972478497,0.5501679157790532,0.9329845149366512,0.001605683244519711,0.5025363332668181,0.3285332635735362,0.040593163961437875,0.06578485191820732,0.747651416994803,0.1742335435235052,
0.6482120181230038,0.5354906759914175,0.6750841075597637,0.9426984324260359,0.0046241382176042045,0.6401619357903244,0.35377058229878283,0.059565646097879794,0.09085658573141893,0.8146379946672273,0.34174841167090153,
0.655322795853459,0.5099235508003874,0.6801709539648867,0.9382400336396183,0.0010670682068013805,0.6507096580158915,0.33236136662546684,0.03794139779501619,0.049946853635949036,0.8292001406367502,0.2884692012854969,
0.5784789837958385,0.4304482490640879,0.6111635604720539,0.9360009975814721,0.0013942873546616786,0.5705809970827825,0.3255854148321871,0.03349491991400621,0.04618734950443261,0.7852504272163322,0.22447085853602508,
0.6148993335100124,0.4790037026132783,0.6412471691983698,0.940123075666904,0.0006977572445781813,0.6082853278008999,0.3290560991785545,0.02865410719357361,0.03799582907773598,0.804707029256288,0.21776283055146503,
0.6107658121561053,0.47495701643983496,0.6397912497357304,0.9359504341680308,0.004739663073164546,,0.32303928765813206,0.036694506899738265,0.057875766283152795,0.8027833275307035,0.2579727892447006,
0.6818998875883399,0.5537117468114469,0.7036156591267403,0.9423446266059993,0.00041522476257587084,0.6783626062025192,0.32659047492835896,0.028639029894491026,0.03280148459197502,0.8396776997967248,0.20207227995091767,
0.7080061790530999,0.5678225317656165,0.7259032425461802,0.9400601872163642,0.0011714413225322059,,0.3698802709554047,0.05057552787843399,0.0679227250389216,0.8535100634971243,0.2688784406555516,
0.6699991583677022,0.5422928049451011,0.6905234563410881,0.9382596126770947,0.0008644582849481754,0.6641001276355772,0.3280208038079348,0.03389867182540843,0.047119068695070834,0.833589652464076,0.2417826588472583,
0.5488419346636265,0.4101476358194887,0.5834270756790904,0.9339373061608537,0.0014409771947075595,,0.32606291892064365,0.04000437849753627,0.056919919014970566,0.7694159618371518,0.203975797411947,
0.5225370202847874,0.38851076401983514,0.5606167182156647,0.9345113108618545,0.0005434881842279141,0.5172829659947822,0.31230223574955357,0.025356913629861883,0.04309941479955317,0.7540495911925662,0.17473336903238587,
0.5923921073988703,0.4540337675770902,0.6217831354806713,0.9367265376478242,0.000744403820785354,0.5847893590498349,0.3299899477633135,0.02714733739836978,0.03836898614641329,0.7925144264459787,0.19729862837257617,
0.6450021671856816,0.5150640771447826,0.672567668784481,0.9417183075412324,0.000213431838864339,0.640862598978332,0.3093110402862496,0.019585045024648834,0.028194985527387684,0.8192337282013598,0.20595488769645043,
0.6947811679462896,0.5726457296668168,0.7152942438552642,0.9397655273379079,0.0006344119952709457,,0.3365240180347824,0.032715218403337666,0.040881579556688766,0.8457544582951739,0.2325259275168537,
0.6484003679575193,0.5287898166701068,0.6733372983316709,0.9396535468998218,0.001472443199392648,0.6420944746247286,0.3577410791135351,0.03130298234525423,0.0338179971342216,0.8199773424294098,0.24173527056240063,
0.6379485977679803,0.4902787970756583,0.6626443771144445,0.9387765588852846,0.00022206245217569267,0.6324714541704889,0.31423589873585434,0.02349100445218542,0.03421560610417332,0.817056635985384,0.25183273642160603,
0.6448165038113006,0.49083670702455867,0.6706424700540307,0.9376542110376246,0.000500300003972011,0.6395274052596429,0.3224980972184421,0.02249254667971028,0.03620842053443938,0.8238395138483863,0.2899454209632338,
0.6270983126649008,0.5002766599165104,0.6545298034476087,0.9355352098099937,0.0027824544496886663,,0.3376403015972215,0.04926498708115671,0.06807439017860187,0.8057757257908715,0.2808023770148355,
0.5645036620437786,0.42621718472835685,0.5984854034934894,0.9346764407839547,0.001499689319570479,0.5547457246237104,0.3367136846374272,0.03721895208398267,0.05297347343030656,0.7776594595653018,0.20127009738499288,
0.580607691887722,0.45665643437060766,0.6097412541642256,0.9351370258151026,0.005129830422312802,0.5721716771690817,0.3740079917297863,0.045583076685805315,0.05656730352459023,0.7884776634042658,0.21187597890991333,
0.6399140635928999,0.509063051808999,0.6642969734040802,0.9396158840061393,0.0009045614082688562,0.6329624261720013,0.31260981076399813,0.027710635525616176,0.03745719951038017,0.8143012511568006,0.21540366061047633,
0.6083559394768413,0.4705906497177912,0.6363893142362697,0.9340314918649492,0.0013667497978508542,0.6005022735877528,0.3315456693694937,0.031097246792261838,0.04812111138593203,0.8029577820843244,0.22876473472975054,
0.5976493257341989,0.4594239666325885,0.6279106990356148,0.9407891117977544,0.0008676736378815433,0.5922537839957656,0.3246717721310187,0.032385502974026335,0.04313943024874906,0.7930076902827361,0.21344764944089903,
0.6407970444185226,0.5014567544496752,0.6651595825329831,0.9386599308216029,0.0011045076781011636,0.6341334645316943,0.341516827165339,0.01847841909218995,0.03674084389706207,0.8189662520011068,0.22778786283794086,
0.6794673448567323,0.5594095151469131,0.7020130445246823,0.9368702446304985,0.0046209526332637585,,0.35330305123601685,0.055099758832718365,0.07453423347441498,0.8372678820308991,0.286396948936578,
0.8588513060016729,0.7412082366937915,0.8605206156957435,0.9471110086515783,0.0008561760392399929,0.8562159650938458,0.41890851050058764,0.04254850907650026,0.04680376291526748,0.9338131070510485,0.35495885902460556,
0.5955812566796191,0.47262585654273365,0.6262678746606252,0.9376558305155949,0.004270746973628294,0.586525279133535,0.3390335475863972,0.046609316923306714,0.06417237980407642,0.7928373022135018,0.22152736497133496,
0.5883247137701509,0.4616153482070137,0.6188740947489039,0.9384989113675166,0.0010751906355265187,0.5787678418440714,0.33572114420980653,0.030757131008238087,0.0600622323223923,0.7896360525042007,0.2479627844296954,
0.5382835451959975,0.3943938447086391,0.5714475500187688,0.936039592882928,0.00048471384440527493,0.5313413038686622,0.331981904045307,0.02099894340194291,0.028993332120263924,0.764996918612504,0.17324838242915536,
0.5816953378627369,0.4598011118744012,0.614095629797666,0.9357622471751391,0.003468620142478235,,0.3478371313202877,0.03527927270121757,0.05513210436968251,0.7840269278391434,0.26905387290252375,
0.6244918031261792,0.4903700831058532,0.649507684705512,0.9356167200345226,0.0009892887778718891,0.6178910835070055,0.3466213572665014,0.042887257533941674,0.06622596734408609,0.8079635720791893,0.24210181055378382,
0.623173873817247,0.49607105317256805,0.65071309995145,0.9380193972192575,0.004968953006075353,,0.33482606593206343,0.04136341341386845,0.062404555461975056,0.8080089848684794,0.2541809190714792,
0.5540876066446176,0.42919827578973885,0.5911670267863925,0.9331794040716249,0.002006221179032907,0.5452418246170369,0.3139995105979119,0.03693429026944681,0.05825207511254651,0.7710516838336304,0.20740731747585517,
0.6170422125060839,0.4837937214035513,0.6452853362039127,0.9351834314063469,0.0020888012755688507,0.6100837914914171,0.3408516405023412,0.02827526230552218,0.03875505937882705,0.8052040267605812,0.23488567499814286,
0.590482045630381,0.4578505678511077,0.6199873325486035,0.9380356423114536,0.0008904336823014948,0.5839439279024432,0.3483818235985013,0.041341474905188136,0.05475209894681164,0.7905843657985385,0.24733930389205716,
0.6095712679438182,0.4673336775658557,0.6387135179183838,0.9361272244397597,0.0026800029568828866,0.6024198961275697,0.3121508454510571,0.040312977157754684,0.061670206698767854,0.8012501935314962,0.2543110376291592,
0.646961303665183,0.5060841983889678,0.6710819968645163,0.9376299945885377,0.0005500276451793174,0.641573916631891,0.34012502338981415,0.026303013776786968,0.0356703069108736,0.8242062029330905,0.2358513712765049,
0.6477321904705939,0.5117600836279189,0.6709440462620512,0.9415898284381026,0.0020573606372737458,,0.3141644991005503,0.02827410975193615,0.040610480803389734,0.8224523611209522,0.26897449782055255,
0.7203243184624298,0.562586431002927,0.7341133162778201,0.938076554525661,0.0009045730242551972,0.7151029451283807,0.3463404697228589,0.043862252925714745,0.05500915551802369,0.8639231071114043,0.29782082572139157,
0.646789365221539,0.5177997929451973,0.669900192017694,0.9402404766192598,0.0002403718067082931,0.6406281519093294,0.30549836098475147,0.024307222368678293,0.03266386873648388,0.820689357960622,0.19692036378339237,
0.6003817126567682,0.48119469072017435,0.6324053168870676,0.9385739451324357,0.001352981265572128,0.5934276418875672,0.3263392966715927,0.033617086908728444,0.04388666522126009,0.7930648552126157,0.16226019268921138,
0.6711966068858354,0.5208587739254696,0.6964547944868604,0.9374225689467242,0.00040071951538900633,0.667967537822752,0.31872115086253444,0.021448738969032197,0.03749197780444413,0.8431401510251643,0.27419412147095357,
0.5503032731642153,0.4236820796784017,0.5835621553565928,0.9362556613736482,0.0016860259331525158,0.541286316643932,0.34011533556547163,0.04198694096583537,0.06348752896779573,0.76743657660677,0.19881929556296693,
0.5299859591447369,0.3822030859934296,0.5657537822303583,0.9397589205886554,0.0006093566630005462,0.5249897941140765,0.31313518252261013,0.02717324332342004,0.04196350739491474,0.7569774468841557,0.18760677410310758,
0.5931944286351928,0.46589054692592285,0.6263210790649638,0.9357153144474072,0.0026372030569691163,0.5849098394100346,0.33758455641229834,0.0279603199595831,0.04197598450297293,0.7923336090441379,0.21630110954317439,
0.5559517923935581,0.4353914054763979,0.5932628422862066,0.9343008644063113,0.005882967023580582,,0.3171129456695945,0.04168843126822692,0.07314244989078078,0.7693527928127051,0.2551785623939489,
0.565299092647062,0.4435403287553727,0.5999174621060478,0.9364411157870643,0.0042290316247919225,0.5560384801971662,0.3384222617937218,0.050156564977649344,0.07579890798483323,0.7722853600174235,0.2839007313554339,
0.672465612736505,0.5384907347905797,0.694573502514249,0.9378583677646684,0.0005092983555516151,0.6668110350331086,0.3526241488561604,0.02596504242083234,0.03648933717875975,0.8338149418037698,0.26905073445919864,
0.5932406632495199,0.4624078782626817,0.6238616556448128,0.9335896376494368,0.0024072471800571393,0.5825539385948629,0.3194853172020518,0.0329797048347213,0.05722937064341839,0.7923546293429212,0.19314747792788536,
0.6183120370021237,0.4877956586558119,0.6451267321082708,0.9368246960469403,0.0020679061854267074,,0.3581838930906786,0.02381274835169798,0.03252133752249307,0.8092749159700077,0.22981197013360216,
0.6247621229680402,0.47689023929316726,0.6502159819913039,0.9403391127094295,0.00022180742061713677,0.6218468600596893,0.3176223045710756,0.023959460704015906,0.032185603138766505,0.8114012260036488,0.2232298551879862,
0.5535347256122566,0.4170550136917118,0.5870963614610961,0.9353813689322976,0.002400710512655713,0.5457076250693729,0.3594665808440105,0.04489405785639781,0.05117990377362781,0.7724415135151163,0.16664594591961213,
0.643384416956816,0.5098770688542564,0.6674710500314783,0.9374465808579786,0.0014836803544224092,0.6354450314385652,0.34825150486465134,0.03236126531904567,0.04038586050273093,0.8202309498232917,0.2573032528027112,
0.6803244649139932,0.5340664058762262,0.699911186569592,0.9414228823378261,0.0012039943343877554,0.6764544534219463,0.32686703315261295,0.04882263851395901,0.06965514903196782,0.8378063304404341,0.36011763527536134,
0.6435086304210806,0.5046429065823738,0.6683955308161894,0.938574592913182,0.0005701812440383168,0.6396387052961446,0.33390034309061295,0.03729701853800336,0.049538558657420254,0.8222245917649665,0.27405884028723915,
0.6497952374044432,0.5085320565638115,0.6750258583361427,0.93996081619387,0.0006850968351473108,0.6452765358185223,0.32906301189742965,0.03571538280681036,0.04959864365878029,0.822566454257312,0.2962025772514032,
0.6585824685525797,0.5130259890491673,0.679748220067503,0.9407050220306469,0.0001508217277925604,0.6548624125469426,0.33354474442667614,0.018263505004728797,0.020144758182387295,0.8289463764252323,0.21892890482822375,
0.5481996292485007,0.44165217401571377,0.5853327606667217,0.9348561659312976,0.008869452999411056,,0.38872295993061773,0.05615584355073487,0.07957396234858154,0.7649082282898525,0.28023746281117884,
0.5659652372006458,0.4392754845600885,0.6001811938325308,0.9355813706407164,0.0028237756155558556,0.5546602826308414,0.3245443034182484,0.03338195530027288,0.05786501776523227,0.7777463956146018,0.2118276236097016,
0.6425753122553847,0.5225154877653658,0.6671177106362155,0.9362055840786949,0.0009374815998025007,0.6356837825156257,0.3092010095156235,0.02601768228178621,0.03993294112458427,0.8172683699257771,0.24625475797811686,
0.6434337725079615,0.500350923970382,0.6669543243770578,0.9361160700393422,0.00038047898030771175,,0.3206779072250487,0.022656253035661388,0.03347784859124074,0.8213185862756376,0.23015176791029138,
0.5884698142922627,0.45045449103268265,0.6177366284429379,0.9359903657153001,0.0014600949759041445,0.5809948798768203,0.3248695901790004,0.027617637916446083,0.040520222329818396,0.793593077222174,0.23268738441179493,
0.5688813360118353,0.44194896592001726,0.6024657880022474,0.9350841005796195,0.006669113405195447,,0.32683064172225634,0.03864543366617428,0.06368188501866046,0.778245228614452,0.2288568962031578,
0.5636821078977997,0.43464016653169724,0.5972855523762362,0.9374939026677765,0.002504455835720253,,0.33692710462296077,0.05631508227858142,0.09443490472660106,0.7689881795642328,0.23892409634082126,
0.6481277340127924,0.5087498383093583,0.6717471203617172,0.9357385542247344,0.002152422684471107,,0.351459696191003,0.026854945226503467,0.03859390112668216,0.8229383746417835,0.24032607576089202,
0.5794010877457805,0.4462994817853297,0.6112049056780771,0.9363284201710848,0.0026351567489599718,0.5717015277156573,0.34852677634705603,0.06225974300017187,0.07889616830981132,0.7800282125699486,0.25434192611993034,
0.5927684400362233,0.4658990445002211,0.6232884572132192,0.9359761406842798,0.002988823332925636,0.5848568889408066,0.35625971136368456,0.04988421363881454,0.06677414776356914,0.7917669021297958,0.2658510591474995,
0.5259148061621736,0.40355902895373247,0.5642979411101477,0.9332366160673651,0.005969925119642211,,0.3499110503347537,0.05420621564092352,0.081251085264769,0.754669685339986,0.2618802443085801,
0.6084211959585734,0.4657598508390855,0.6392436095443751,0.9352466675982334,0.0017800066954321916,,0.3191631960564664,0.03238016586554207,0.051403645503764285,0.8055443109594418,0.2385198070814455,
0.6790890516751468,0.5286503233978835,0.7003382266137974,0.9360651477322316,0.0003775611956393805,0.6740915400005866,0.3513470863365796,0.033550883747721284,0.04320429352962707,0.8430791766669982,0.2783533062224154,
0.6509169639068841,0.5208198494192514,0.6737062594560133,0.9379591317179244,0.0028981687612437295,0.6437191033085786,0.32438765699923305,0.037882985498886905,0.052377267689878756,0.8207687456534407,0.2815027596202915,
0.7308336409077683,0.6175909820479989,0.7514181781008377,0.9464250298329634,0.0021587408083565706,0.7255270515751576,0.34056625871224305,0.03364551763421313,0.046610226225196776,0.867176687081412,0.32358948318812036,
0.5279572617692337,0.4130587351776735,0.567937269318778,0.9376047354500411,0.010473270101222107,,0.37152709062244366,0.060579359785697943,0.10381475402993028,0.7504633354573341,0.271963932757633,
0.6667264599760067,0.5363237597231426,0.6893128878283807,0.9418615896661816,0.00032013146788246793,0.6626089999791692,0.3224149961190355,0.03352887210357778,0.042255553039388466,0.8311861814570406,0.27653435694503253,
0.567014565766872,0.4475550826856874,0.5994141076376742,0.9382774729316377,0.004716757733919163,,0.32492735692624847,0.036049796801361285,0.06085414909673132,0.7757496488783783,0.24791495006948128,
0.6191871418166494,0.4856511081282096,0.6453839399422528,0.9387613120621597,0.00048137952712647684,0.6139849066790849,0.32636089749759384,0.030462672182375177,0.04247859332868933,0.8065631010725743,0.23021935268241656,
0.6443372576209946,0.5082699757972016,0.669589797311374,0.9349638072530455,0.0012182300461721543,0.6390710375669956,0.3469276936154759,0.03623629759583897,0.05237009336586366,0.8231499063083674,0.25280096766447246,
0.6303304429141292,0.5011079794231708,0.6573174572277504,0.9382584284874511,0.0011694894980939174,0.6239132114259308,0.328465631135687,0.031204079190453142,0.039475044498929045,0.8133439396042311,0.2302700273446842,
0.6563909704885305,0.5382581242315553,0.6804904341308067,0.9392302551716364,0.003446465455201709,0.6479643566185581,0.3689902623316781,0.0347148235963658,0.04871332531772713,0.8287521049239281,0.2721095735832738,
0.5345057034835593,0.4193059955513599,0.5754891554554908,0.9331136877007423,0.003960241735089603,,0.34270184571608436,0.056988593337837366,0.11920502460536701,0.7508631460721888,0.2308009152953658,
0.590677525305814,0.4550041882751823,0.6188965677299776,0.9343971690024514,0.0026641718091284256,,0.3322688573420365,0.043654627303167236,0.07380012121229976,0.7927787563312095,0.2069734303004026,
0.5710727934794845,0.4294469178677341,0.6033315723401437,0.9338048886366966,0.0025234914585678322,0.5620536189897692,0.3395407709021949,0.04011417327478948,0.059393590525701916,0.7818890584823939,0.2037162846128217,
0.5513439029962787,0.4068083012538515,0.5904789680825017,0.9330810937716288,0.0009903528178361717,0.5450894009669418,0.3301152964315693,0.029004942290237548,0.039161751389133595,0.7726223784582883,0.2154733782117044,
0.6500288075681843,0.516744341389679,0.6766644633597728,0.9377784948337279,0.0003924534634172887,0.6465923259249599,0.3180117285881338,0.03266057848652647,0.040468531045385336,0.8231724803097593,0.2585660930536491,
0.5991030332513692,0.48547760034057846,0.6292401818367527,0.9345576861611424,0.004885022397454895,0.5890070812303433,0.358055104057595,0.0443675779985123,0.06049734887327975,0.7954437386951431,0.2457207442330854,
0.5721539759168772,0.42854574128212436,0.6082393274182027,0.938043484424889,0.0005012696438778127,0.5648850011695971,0.32703635630519995,0.015024546206663672,0.025811352832212205,0.7815170665083974,0.2262471753165319,
0.6093197269821604,0.4760744256542438,0.6367867518918149,0.9359074334078059,0.0013061951433004882,0.6035294216902675,0.34660212012998065,0.028915344368075996,0.04361238035847237,0.8031043864937712,0.23227446589832543,
0.5682664918641978,0.45385754394797445,0.6032872310708292,0.9334139670197366,0.006679311056512834,,0.32997037417099184,0.04327516736468681,0.06690986253575298,0.7783634380774744,0.22050182821802572,
0.6851479381260672,0.5512929318208774,0.7060048136363731,0.9392049692413522,0.0007716167348064247,0.6816026193899294,0.34164860382907114,0.03933692100266783,0.05247350567092875,0.8434052796376321,0.298048700485826,
0.6424430253421689,0.5158784863315232,0.6688211277162495,0.9354201975685482,0.0020321494121800453,0.63506394465207,0.3113515380083765,0.03777281008478348,0.052121074998858735,0.8175656640027054,0.207567669087355,
0.6722319909328253,0.5357067562633067,0.6931081409765016,0.9357817602387147,0.0005021250457145806,0.667442555915151,0.334217192989868,0.024941281450290446,0.04009812708661557,0.8353907828666478,0.24385860554028957,
0.674938730124711,0.552656166810769,0.6962179566015111,0.9400439765440908,0.0004255980618094821,,0.33654115988109634,0.028598118654586394,0.035194875804308155,0.8335260866158222,0.21290826404641028,
0.6192777847272407,0.4913720586016832,0.6480697107863082,0.9380898055045616,0.0008747171630124395,,0.31455513589672973,0.034862852363447806,0.05068027071481971,0.8063598761312788,0.19553400215255667,
0.5521125155857702,0.41228805320745804,0.5856875303456696,0.9380829030555781,0.0003177972318371347,0.545749876787413,0.3296625097322167,0.014953219692966918,0.019221067245908063,0.7712386618605512,0.1797746716530156,
0.5910977213570838,0.460863215707284,0.6249977039957448,0.932804490531479,0.0021212742874491823,,0.3127522243793169,0.03566506137894001,0.053053220379093616,0.7917222697913489,0.2385637051264333,
0.6054978619877225,0.4624612887153987,0.6347367425929211,0.939275655600378,0.0002657673906564781,0.6014158682937466,0.3350917146529088,0.028444151742736394,0.03669614494038749,0.8019416502065428,0.2239205229723649,
0.5043546449940389,0.36904941342167824,0.5446850817309749,0.9391296253694845,0.002241219243854413,,0.29597639066660814,0.04144575687504556,0.07963303903117956,0.7375214813173344,0.2677999695387006,
0.5761265175112108,0.43290752484453837,0.6071718031687852,0.9339415484265592,0.0005790686729427785,0.5691675129440408,0.33144023832345637,0.027207071975882582,0.0363372545796289,0.7838786585753648,0.18547584246813642,
0.5999352353756925,0.48430718699124925,0.630679746609934,0.9383375131578412,0.003906424151683124,,0.34922731935982493,0.054313631545749336,0.07934426959902592,0.7897855549177754,0.27692907085185825,
0.7672875797918929,0.6498723001847442,0.7804415472884186,0.9488035157914997,0.0075962357655310064,0.7621528157992742,0.3553629591719453,0.05993447503594319,0.08652234709894562,0.8870774364017451,0.5230179759608006,
0.541618015315024,0.40810412131990087,0.576739587330367,0.938192806055759,0.0028393264377162323,0.533824467712841,0.3325635687177508,0.03694221532905133,0.06222994132815332,0.7642671814814682,0.19977763507406465,
0.6635936844867065,0.5413949925637787,0.6860138627973357,0.9407098445287955,0.00120957061701006,,0.33453335516451244,0.03342936889614157,0.04738851523630435,0.8285022336329774,0.2373671545940939,
0.6151828276664527,0.4812728594998781,0.6422044945269705,0.9344445555161286,0.0029823284234446242,,0.31909405542926206,0.037226653010381035,0.05569538999334417,0.8015053327427569,0.2340549390089771,
0.6000203768355702,0.443756002020653,0.6285854880223362,0.9416734146807132,0.00029817188506187114,0.5966512824245888,0.30939971074734834,0.020917204601099377,0.028053564412288887,0.7963728991199671,0.23892889367071166,
0.6286536532862986,0.5020116450181805,0.6560865263073316,0.9361627280341986,0.005212260325535122,,0.3706089430346773,0.07201323271796331,0.09753974932650936,0.8113966504404534,0.30584171911745095,
0.5759983020128358,0.43905750714814973,0.6079617229713018,0.9377714505833744,0.0014556067548529845,,0.33448012211766937,0.029608146426600434,0.04196156789977566,0.7827713647993612,0.23031040674485145,
0.6664738630321603,0.5512277846448339,0.6890914958340214,0.9400291017523411,0.0014168689316029805,0.6612973097811272,0.35297661343681375,0.03579574995879131,0.04359252038407229,0.8290809407554983,0.32660517154249574,
0.6144066776862122,0.4915922324703214,0.6429076563222311,0.9373250804269109,0.0018954146257430056,0.6065504021544936,0.3345126151318127,0.03568621624626395,0.05176893177676639,0.8001524909428566,0.24586634444138838,
0.5835520043001025,0.43138945734978584,0.6150148853215954,0.9393872733025024,0.00019368985868057858,0.5792410409171423,0.32008104441363,0.01558647183321068,0.028187977059909032,0.7889189543397533,0.18024132212519964,
0.6737185263282502,0.5293736992512414,0.6946780372484432,0.941581144129387,0.0007334403178208968,0.66906228874715,0.34878889309854855,0.0350203901988468,0.042817965609348085,0.8364427421683824,0.24427497476054874,
0.654014874064761,0.5221025391718951,0.676342685248288,0.9390576189993981,0.0030149589842523184,,0.35332172513784466,0.05804471638299723,0.07373959950464169,0.822253716036729,0.32303928942454707,
0.5637718016280667,0.4191062057894211,0.5988556486777714,0.9382731307675213,0.0022124729230553306,,0.336981362421497,0.04809121538266014,0.07620054392874938,0.7742656078707146,0.2796735487452638,
0.6061116390219174,0.4714065053512116,0.6327645387723839,0.939695045496347,0.0003883917608963825,0.6007629547340042,0.3294819806163963,0.02319816161106919,0.0350771088388466,0.7997694150852057,0.19794473174321506,
0.6476992896201595,0.5222255899719236,0.6737988975485439,0.9371391757820836,0.0006602090568341183,0.6410370125434391,0.32586690394668966,0.033344771795121714,0.03949744685204603,0.8218123219482116,0.28422055020214804,
0.6310497173251752,0.5001041366625372,0.6572656957042731,0.932181358989712,0.0019001341056658991,,0.3396558164715202,0.03780271572427473,0.055544645772126325,0.8121135294155144,0.28081800580156685,
0.5034610581098176,0.36960810130562005,0.5484053861720132,0.9383361597818284,0.001614979137155935,0.4981046270947627,0.3185180678886558,0.03625911203334356,0.05919371553220244,0.7423912608938061,0.19617982700856373,
0.597653023870388,0.4587970479601829,0.6264331892940623,0.9368397579181899,0.0003563788479609313,0.5932314084093958,0.3260423171423962,0.028894399695611292,0.04120745260049203,0.7982211127813175,0.2193947018470041,
0.6419792418115333,0.5006870872748227,0.6660137693245812,0.9415644481388727,0.00040609952636532263,0.6370509097045683,0.34132363274265914,0.02661097627421825,0.03555504399069303,0.8201503079924165,0.24205570135065482,
0.548130047793875,0.4326384566010832,0.5854616425701588,0.9354444763206263,0.006998068983077243,,0.33760536919203704,0.04500797553401008,0.07602643445916582,0.765060507425739,0.21615187737720024,
0.6245901177514056,0.5041508695182682,0.6520938200205583,0.9378287128454209,0.0011597439295312475,0.6179911855139798,0.34891445951512234,0.03170770016437448,0.04517131094327042,0.8091418836897192,0.24329786006310775,
