mse_unsharp_otsu,mse_unsharp_kmeans
17680.242874145508,17687.91084798177
11454.081064860025,3063.9801737467446
21837.869252522785,921.1995086669922
13143.622477213541,1530.4645589192708
9322.834635416666,3077.2220052083335
11819.893122355143,11732.001261393229
12096.315958658854,2178.4925333658853
9027.662780761719,1605.9852854410808
11046.060429890951,10624.348637898764
11050.521016438803,12370.50560506185
12195.727930704752,2525.9090779622397
20148.63710530599,2697.711970011393
10429.122049967447,9719.010777791342
11527.91286722819,1425.9261067708333
10268.217402140299,2546.0392710367837
16407.090108235676,15857.023981730143
13892.953776041666,13351.897232055664
14462.906997680664,14460.196970621744
17013.405436197918,16532.63316345215
12756.252298990885,1265.1157989501953
11951.045506795248,3077.561192830404
11365.99520365397,12165.890914916992
13610.342885335287,12651.11116027832
12325.444839477539,5160.986190795898
15444.609898885092,1965.9879099527996
9149.441350301107,4178.7497151692705
15219.751291910807,14840.92650349935
15536.05753072103,13022.462158203125
13000.325795491537,1889.1207275390625
11529.036972045898,10667.038853963217
12901.609171549479,11329.83642578125
11597.0095316569,4016.9777475992837
12937.18000793457,4627.620956420898
11158.943990071615,1339.7928771972656
9642.393681844076,6558.652913411458
11664.429387410482,3023.0759633382163
10344.795633951822,12667.142379760742
12643.720687866211,1416.216557820638
8297.699193318686,5794.526921590169
13975.967468261719,11633.145278930664
10944.838877360025,2422.9661814371743
10327.869995117188,11149.16997273763
13672.741826375326,880.1134745279948
8309.553548177084,8528.81201171875
7042.114995320638,441.02093505859375
6353.9205271403,2764.7866719563804
8799.758326212564,2050.5281524658203
8056.77826944987,7975.019958496094
11604.36148071289,2464.3333791097007
16623.93111673991,5430.646169026692
10134.753473917643,579.089853922526
13908.117396036783,15568.927663167318
11184.256159464518,10102.130310058594
13570.451985677084,2033.3560638427734
13531.67399597168,2075.3794453938804
21937.462203979492,21981.38881937663
14667.472127278646,14140.991536458334
9382.677047729492,2152.3722025553384
10296.99634806315,11715.900207519531
14561.242584228516,13791.648813883463
11093.821299235025,1452.3731791178386
14080.165623982748,1324.0060424804688
9970.543151855469,4503.495666503906
12248.138921101889,1797.1139272054036
11007.921081542969,10482.275314331055
12677.118642171225,12846.866353352865
10975.734375,10807.18825785319
14977.04551188151,14294.668757120768
15008.812088012695,15560.28264872233
12051.137410481771,1460.1776784261067
9156.461293538412,4049.9502156575522
15185.976089477539,1007.8303476969401
8727.970962524414,8682.291468302408
17380.168619791668,1321.0955403645833
15133.73220316569,14996.529963175455
12807.842478434244,13057.953404744467
14223.510431925455,1725.3826497395833
15396.07573445638,2024.0924530029297
11948.662958780924,12682.96359761556
17884.841995239258,18115.070037841797
12795.999811808268,13400.523554484049
14497.20307413737,14363.55298868815
5439.6646067301435,2400.6407623291016
9388.838404337564,3474.039825439453
10913.899627685547,2119.331069946289
12515.200714111328,13211.74116007487
9946.24600728353,9812.562016805014
14921.348444620768,15388.693674723307
15852.934153238932,15833.215194702148
16002.430516560873,16329.80868021647
10944.495198567709,11489.171946207682
9743.326919555664,8550.541458129883
10638.908579508463,10657.93034362793
10055.789301554361,9806.615198771158
11527.36117553711,2769.109100341797
14109.268951416016,504.69182840983075
11383.791356404623,10851.983596801758
18418.25306193034,995.1980845133463
25429.005793253582,3577.0691731770835
7053.0865478515625,2271.1617838541665
9257.979700724283,4424.636617024739
8216.51619974772,7937.140533447266
10554.934066772461,5929.036122639974
12840.739705403646,12386.188481648764
8926.32937113444,8901.93537902832
16110.451400756836,1459.709228515625
13742.926259358725,13720.796854654947
9964.805084228516,9552.988906860352
10478.645284016928,2221.564656575521
11465.075709025064,11239.096918741861
11072.662521362305,10739.885289510092
11343.236938476562,2393.6810709635415
13525.86279296875,13566.374059041342
9661.815312703451,9211.573440551758
10338.509948730469,10228.143173217773
12035.015864054361,11752.04889424642
10709.760248819986,3461.637690226237
14109.98898824056,13743.19662475586
10252.69408162435,9924.096755981445
13128.746231079102,13111.237874348959
9264.704615275064,11944.584335327148
12823.829493204752,1628.5509134928386
7090.498194376628,3267.0809326171875
9135.087381998697,8926.295527140299
11863.87055460612,11460.193583170572
9356.22536722819,9167.830754597982
13203.182459513346,4458.289621988933
12592.539031982422,1276.6001230875652
11176.062637329102,1954.2924143473308
14972.539774576822,14945.275843302408
17781.246744791668,16790.319595336914
11007.902338663736,3637.770924886068
17249.072341918945,17591.265055338543
12059.666407267252,2225.452677408854
19817.983957926434,22003.06622314453
11843.885833740234,4147.707534790039
16474.561126708984,886.2097218831381
11703.678304036459,12063.483947753906
11952.669799804688,2153.4876658121743
15115.414413452148,1679.0084126790364
14888.98817952474,14171.367940266928
11579.480941772461,1804.1177469889324
11074.153315226236,1556.766881306966
15076.436442057291,1016.3486378987631
8282.924118041992,8249.917231241861
17171.574249267578,16975.99247233073
8300.293329874674,1968.2015889485676
10724.439905802408,6865.422454833984
17608.599029541016,17768.736134847004
9157.730463663736,2880.2391967773438
18792.042551676434,7416.822428385417
13003.697606404623,13028.50106302897
12657.381154378256,1475.7109273274739
12266.948582967123,12146.468627929688
11844.485895792643,2848.034184773763
14464.309961954752,1084.6445617675781
12596.18596903483,1924.0430755615234
14064.960077921549,13419.47272237142
13301.020690917969,2462.2948150634766
13538.153635660807,13473.572072347006
15782.709889729818,758.4912058512369
11082.134969075521,12555.01670328776
10292.53229268392,3510.6944173177085
10686.306605021158,2144.3318634033203
16431.976313273113,16578.459381103516
12349.294225056967,2170.70724995931
10679.612935384115,2682.4984232584634
7527.026875813802,7731.711029052734
13777.345072428385,1268.135986328125
7734.786636352539,4649.135640462239
11500.754826863607,12385.75080871582
6804.826873779297,8485.400873819986
11726.378239949545,1828.2873128255208
17398.74706522624,17544.899688720703
14392.212707519531,1347.1656951904297
9287.548955281576,8876.488591512045
14780.762730916342,2105.5786641438804
9712.682754516602,4622.164072672526
10733.1447652181,1255.9573211669922
13812.327916463217,4436.131596883138
12123.556660970053,11495.921351114908
10469.504633585611,4409.976577758789
20362.425567626953,9178.341588338217
9640.195134480795,9385.776524861654
15641.228825887045,959.7689463297526
16230.842107137045,16156.02858988444
10454.486826578775,1377.7073923746746
7825.4648996988935,3104.0375315348306
11799.91155497233,2775.966522216797
13371.143102010092,12610.013356526693
11945.924942016602,9584.738082885742
10644.623107910156,10503.441884358725
10172.095586140951,1778.3494822184246
8779.065246582031,8697.41330464681
12780.543512980143,12651.257893880209
19725.936116536457,2675.338862101237
16346.059478759766,2967.3652852376304
16016.670944213867,12765.545516967773
12149.968587239584,10614.022135416666
14550.572285970053,13458.498321533203
14120.351857503256,962.5500030517578
10908.795313517252,2537.8335622151694
7864.42253112793,7266.309946695964
12336.691518147787,12905.41236368815
12552.667861938477,2339.203353881836
16294.39801534017,4894.389338175456
10160.77581278483,2903.758987426758
12127.562464396158,11520.33735148112
12427.249130249023,1434.3626454671223
12002.093078613281,12691.067754109701
14749.723327636719,2899.2922159830728
13285.903442382812,2022.875493367513
10072.016169230143,9156.954401652018
8060.67941792806,8205.314595540365
9861.2568359375,4402.9370676676435
8495.248931884766,8917.867039998373
15023.242045084635,1739.5079854329426
10783.015680948893,10714.628616333008
13861.115763346354,13917.710830688477
10127.382639567057,9879.276209513346
10934.406331380209,10889.824249267578
10226.8798828125,10789.251983642578
16721.216217041016,3325.408976236979
12138.468012491861,11115.942810058594
10837.813786824545,3652.2513376871743
11029.919443766275,11031.996795654297
13711.073303222656,1897.0764058430989
12175.086018880209,2024.4576263427734
11845.87570699056,3276.602350870768
11484.768513997396,3072.111114501953
7920.194193522136,3354.7555643717446
12881.968795776367,4170.157892862956
12763.058609008789,12717.180079142252
9316.103612263998,9095.445658365885
12786.45839436849,1310.4925893147786
10637.135609944662,10126.788070678711
14417.39328511556,15667.942886352539
13014.784362792969,12657.28401184082
17377.414576212566,14823.387700398764
11274.687789916992,6631.432322184245
13081.14023844401,12734.737752278646
10745.845443725586,11075.083307902018
10742.512232462564,10664.60270690918
11238.895034790039,11537.286209106445
11854.078496297201,2781.7997538248696
13441.055297851562,13560.745442708334
13225.656621297201,2276.0160319010415
10947.267761230469,953.9972025553385
11048.822931925455,10638.942286173502
11170.500854492188,1237.7976989746094
11517.904780069986,11280.766784667969
10503.418431599936,9597.202952067057
10850.61516825358,1737.2651265462239
14776.401611328125,14285.87639872233
19996.074793497723,19856.22817993164
11713.284657796225,13740.40219116211
20188.775314331055,17325.544367472332
14192.537063598633,14011.126607259115
12879.53010559082,1210.4025115966797
10750.29379272461,3853.390874226888
10908.585596720377,11318.119379679361
13581.752522786459,3904.203084309896
11200.572082519531,10619.151479085287
13145.37289428711,1155.188212076823
14121.859024047852,13924.577117919922
9934.978530883789,9103.483947753906
13165.739613850912,12887.58913675944
14929.076482137045,15605.29872639974
7117.213612874349,4582.862279256185
12583.211135864258,12341.886856079102
8450.781773885092,8474.13931274414
12461.45718383789,7485.401545206706
12843.362909952799,12963.201009114584
13074.171468098959,2904.136016845703
13728.265462239584,2256.5543416341147
12997.632954915365,4901.39301554362
12064.796157836914,13316.71255493164
10918.100555419922,4157.135670979817
11560.135930379232,1160.155008951823
13113.639785766602,13248.768239339193
14005.775848388672,14419.741592407227
13419.34944152832,449.6151835123698
11132.45681254069,3527.722915649414
14628.870173136393,14334.975143432617
10159.865498860678,11018.757334391275
11580.58701578776,6165.953918457031
26834.493738810223,10201.315358479818
11881.405629475912,7124.612869262695
8181.8538869222,4937.853968302409
18152.8994140625,774.7960713704427
12431.696446736654,11190.730509440104
11438.983708699545,1590.9280293782551
13080.97694905599,1372.2360738118489
15960.471822102865,1339.519790649414
19374.769454956055,12347.100748697916
13107.321365356445,13895.420806884766
14258.815979003906,4863.607757568359
12639.082728068033,12567.712727864584
12299.884048461914,4378.716735839844
13758.461725870768,1879.2268778483074
10830.743453979492,1144.5049387613933
17027.77846781413,1159.8883717854817
11763.237055460611,2248.6393432617188
13385.404037475586,11189.315602620443
12477.284871419271,1349.8472086588542
13337.938888549805,13300.942647298178
13327.58682759603,12750.585123697916
14949.890462239584,1496.8617858886719
8877.683898925781,1399.9378306070964
13159.276362101236,5459.743275960286
18877.22031656901,18625.638778686523
13968.899790445963,14049.752395629883
14556.199778238932,14452.893697102865
9460.975794474283,9800.541392008463
15224.680648803711,1103.5576070149739
12584.82248433431,3803.3521474202475
9850.35797627767,3044.8923543294272
10295.488489786783,8672.18301900228
11511.492045084635,3953.394704182943
13910.089772542318,2112.3982137044272
11965.673202514648,4114.459884643555
9342.389729817709,1415.4431966145833
9068.96880086263,940.5590464274088
13148.33366394043,13681.37483215332
10379.497166951498,3761.5528004964194
13022.61343383789,13005.977620442709
11478.649393717447,11174.160807291666
12355.67962137858,1266.918477376302
10492.203506469727,10182.008931477865
14145.394510904947,13799.540542602539
7792.870966593425,8573.190607706705
12550.050964355469,2134.30322265625
14823.0954691569,2299.116449991862
9068.595545450846,9176.728652954102
13837.9453125,3703.933624267578
11581.640604654947,3304.0645751953125
13034.083811442057,13657.715255737305
10787.817464192709,4028.338373819987
8273.663564046225,3400.4938761393228
12878.649083455404,4260.238271077474
10989.387812296549,1950.151372273763
9424.479146321615,9529.785741170248
12531.038121541342,2708.1819661458335
10586.238744099936,1747.4230550130208
10574.77825419108,4513.150166829427
10048.356455485025,9507.776565551758
10788.474182128906,10800.03879292806
9683.278925577799,2809.1555836995444
19027.746454874676,18838.819564819336
12669.958755493164,13265.711044311523
9115.79062906901,10180.066009521484
9033.351526896158,7934.142420450847
11441.351699829102,11331.807459513346
18189.33563232422,716.4386240641276
11388.95160929362,1123.4681040445964
13039.872594197592,2340.114735921224
9187.384592692057,9376.112813313803
10928.448277791342,1191.5211435953777
13077.450327555338,12820.245742797852
11063.347986857096,7414.828191121419
9153.390401204428,9003.02904256185
13936.06201171875,13757.30217997233
9620.836853027344,9100.43586730957
5622.020161946614,5738.639078776042
11307.917465209961,1922.6387125651042
10238.303181966146,10732.265970865885
16356.137135823568,21553.74685160319
17429.046305338543,8457.56342569987
12104.390925089518,3785.961380004883
11518.453603108725,12681.898620605469
12728.756240844727,2352.246378580729
16559.998443603516,1029.2853291829426
11356.424458821615,1118.8955586751301
11177.354949951172,9188.143025716146
9781.191858927408,1096.6612294514973
16868.92135111491,16638.49383544922
10898.70822652181,2103.7408854166665
11630.96233622233,4481.305918375651
10244.49365234375,4227.547119140625
13942.438293457031,14516.981623331705
13641.431523640951,1733.4432322184246
8087.482676188151,7548.00910949707
8671.235051472982,10591.701787312826
12359.170527140299,10930.299840291342
8592.346623738607,9538.63015238444
11456.115946451822,2871.9011739095054
13727.637242635092,13535.114044189453
10104.104787190756,9906.071731567383
9181.309473673502,8979.762318929037
13107.315180460611,2240.630132039388
14793.709075927734,14009.392522176107
9805.194559733072,9929.8947652181
13010.13265991211,1441.9352925618489
11687.202407836914,11898.61127726237
12600.133819580078,11472.941029866537
14186.40185546875,816.5885060628256
11107.060501098633,3127.4706064860025
8740.748123168945,8774.200820922852
14408.461430867514,1612.762227376302
14492.995229085287,1238.688232421875
9437.123362223307,2634.6751149495444
10651.329574584961,2192.5091094970703
10783.737981160482,8738.24811299642
13630.888448079428,3390.8304341634116
10411.641362508139,7903.868235270183
16651.42223103841,16346.732777913412
14538.775990804037,14083.172495524088
14077.90569559733,14208.940460205078
10247.931849161783,1071.6000569661458
14648.620569864908,13946.314336140951
6086.292587280273,2454.3192240397134
13238.278625488281,12622.139277140299
6464.311625162761,6489.240514119466
10856.698969523111,10276.684936523438
14901.79411315918,1501.551010131836
12827.307947794596,2650.216756184896
11119.626744588217,2815.542928059896
12342.697947184244,5397.6598714192705
12446.422892252604,4446.946390787761
11486.094731648764,10646.275772094727
14957.917465209961,1074.1088205973308
11112.042332967123,1724.2668151855469
15129.793467203775,1310.6697031656902
11565.38990275065,11939.231730143229
15075.55913289388,1166.7137603759766
18132.962295532227,17495.27814737956
9669.862823486328,9220.194361368814
10620.563003540039,11858.325678507486
9656.052307128906,2304.936365763346
9193.129231770834,8446.22509765625
15077.133102416992,15527.31694539388
15265.877436319986,5301.955744425456
16740.86390686035,13593.39133199056
12182.314717610678,1651.023228963216
12394.785669962564,1305.6394144694011
10992.135925292969,11136.681269327799
14993.80507405599,5350.386540730794
13365.482208251953,11662.148310343424
16275.58041381836,16105.828898111979
10219.811299641928,5848.88996887207
10914.352564493814,11070.441757202148
14977.226608276367,14926.436620076498
11320.451629638672,11249.108637491861
11068.345611572266,12307.473383585611
17072.588312784832,17015.70653788249
15311.797805786133,2903.4153035481772
15743.233606974283,1994.5122833251953
18217.538798014324,2182.247141520182
12717.247111002604,11924.046096801758
10850.619684855143,2725.092946370443
9732.650970458984,9869.528182983398
10794.294250488281,3170.112075805664
13140.204310099283,12715.848983764648
14516.763783772787,1710.6296641031902
11977.0993754069,12039.164184570312
12134.252914428711,4605.01671854655
15445.152689615885,15108.966125488281
10985.02133178711,3457.1296997070312
10728.102005004883,10332.297342936197
10599.29453531901,10409.233362833658
13342.806945800781,10458.459355672201
9844.444793701172,10938.526117960611
14338.8058980306,13753.33326212565
11878.071207682291,10200.886352539062
8920.562917073568,4182.916961669922
14149.453236897787,11058.332483927408
11667.7917582194,12163.031682332357
12091.904556274414,12283.639063517252
10495.420939127604,10764.919072469076
13316.240407307943,774.1559499104818
12478.794204711914,1014.4750264485677
12488.98329671224,11855.420542399088
8285.877370198568,10081.623942057291
17603.79480489095,17362.875554402668
6514.603922526042,4235.440068562825
15387.365173339844,15018.164489746094
13086.064453125,10974.626174926758
12970.813893636068,13101.184702555338
12104.953048706055,12560.66542561849
9225.937184651693,6986.157587687175
11791.600962320963,1878.758056640625
10926.559916178385,10654.780766805014
12621.244110107422,2631.4016927083335
11944.75102742513,10397.051411946615
8173.388763427734,959.2880910237631
10420.58432006836,10247.747965494791
8632.980728149414,3363.5029907226562
11805.342910766602,12208.251256306967
13981.035720825195,5073.064030965169
17965.789174397785,16824.443934122723
17224.120666503906,17059.25604756673
8837.014017740885,4414.695780436198
11329.071334838867,11099.957885742188
9993.11306254069,3044.9115091959634
14181.005798339844,2110.295944213867
10024.66591389974,9743.599436442057
12446.498413085938,12055.044270833334
13719.886815388998,6022.298751831055
13889.014729817709,14100.619710286459
11054.076243082682,1165.3936767578125
12468.484237670898,12203.234446207682
18958.762858072918,18756.184666951496
6294.583877563477,6056.987375895183
15969.503529866537,2729.7936248779297
14905.98040262858,1183.0896453857422
12816.139897664389,1670.3487040201824
13582.040598551432,1463.5608876546223
10678.882853190104,10688.795654296875
13704.005355834961,2836.4088033040366
13153.123942057291,8091.364980061849
8186.4979248046875,3822.7476348876953
13347.729787190756,13572.617192586264
11746.527938842773,3960.464065551758
12621.132563273111,2693.473230997721
9375.991460164389,1876.5535380045574
17048.844314575195,2691.8430836995444
16091.67990620931,16145.437042236328
11281.97681681315,8913.72076924642
14280.460235595703,15484.507624308268
9068.075693766275,10221.826731363932
13795.763305664062,2612.8938903808594
15143.10161336263,15853.113189697266
15102.708724975586,1377.1106414794922
15373.30751546224,1690.3616282145183
19972.537704467773,11382.397145589193
19796.018305460613,19895.723810831707
11328.80490620931,11223.916163126627
16141.361933390299,869.1439565022787
13941.647867838541,14401.622233072916
14291.421310424805,14117.074549357096
11105.109303792318,4567.727513631185
13306.499404907227,3727.881876627604
10596.124974568686,11328.910568237305
22287.480611165363,21608.22492472331
17462.430918375652,2970.791219075521
13285.927449544271,1439.1125793457031
13012.748453776041,10139.65705871582
10307.149978637695,2289.548573811849
11129.882456461588,11120.070317586264
6839.796483357747,7355.437093098958
13357.200556437174,12817.811141967773
11521.618347167969,7144.735188802083
9867.787165323893,2649.958307902018
10042.391555786133,5676.778467814128
12261.849258422852,5079.463516235352
20670.651580810547,1594.4779001871746
9437.349848429361,6121.422805786133
12016.67768351237,4014.7489624023438
10835.810989379883,3149.3609771728516
17103.945912679035,2581.6163431803384
12003.236694335938,12492.84504699707
12209.566228230795,11884.458389282227
6354.243759155273,6510.823389689128
10365.255727132162,11299.28532409668
13987.349212646484,784.8645477294922
8232.58928934733,8623.998809814453
12084.46181233724,12248.955327351889
8299.889358520508,1737.4676259358723
10230.577697753906,3055.461868286133
15874.175816853842,15685.865926106771
16044.660588582357,856.3279774983724
14736.386093139648,1078.1243591308594
9332.074905395508,9819.581415812174
15969.799407958984,1808.071024576823
13066.063603719076,3179.6629587809243
9555.421696980795,3069.2476959228516
12652.366078694662,4812.565653483073
12125.304646809896,12557.632436116537
13910.28020731608,2386.455235799154
15871.289347330729,1422.7074178059895
7861.542633056641,8569.15077718099
8349.8137105306,8332.108774820963
8366.619435628256,1579.8437093098958
17958.565643310547,16809.137725830078
12879.870646158854,2600.2129109700522
12411.238235473633,2448.741887410482
13080.444625854492,2716.7291005452475
10662.477172851562,11326.539413452148
12302.956303914389,3328.655034383138
14538.191975911459,2590.301030476888
11219.93256632487,1615.4551442464192
18358.668009440105,18198.54473368327
16527.56423441569,16281.577621459961
17698.630599975586,18253.918080647785
13904.606430053711,1410.2302347819011
11274.611557006836,10880.244954427084
13983.10346476237,1846.5629272460938
11092.169453938803,3387.4573923746743
9776.523529052734,9387.817352294922
9164.622909545898,1016.1487274169922
9759.199564615885,4383.228861490886
9867.841211954752,9273.861211140951
15159.474294026693,1112.2206471761067
18076.91264851888,17985.46533711751
9360.114639282227,4831.113235473633
12847.38564046224,12745.893310546875
17716.150263468426,880.3634287516276
12059.859639485678,12019.334650675455
11048.37277730306,10318.459645589193
12939.691421508789,1400.0127766927083
10858.763239542643,9686.917877197266
16416.46871439616,15966.939768473307
13967.762517293295,1596.5116628011067
9907.44970703125,2338.776168823242
10791.160400390625,5982.587600708008
14700.212346394857,14026.76107788086
12629.48280843099,13708.99028523763
10548.904927571615,4663.446039835612
11441.049611409506,11137.216471354166
17941.686757405598,17306.089803059895
12582.452123006186,4073.3479665120444
10429.640772501627,11469.531077067057
14754.878702799479,2014.226526896159
11935.30478922526,12767.725219726562
13848.930623372396,11762.446563720703
17900.35090128581,17008.028238932293
11937.37001546224,3967.0645904541016
8093.686121622722,8181.869939168294
17051.2533976237,385.7653452555339
10527.268987019857,11359.048853556314
13737.391128540039,2776.399586995443
9568.8547261556,9552.743479410807
9890.374852498373,4850.18234761556
10916.240605672201,10347.44473775228
10960.242156982422,2659.8513539632163
10332.794336954752,2404.337387084961
11752.185745239258,9186.321268717447
16631.667205810547,2803.9622853597007
14822.02432759603,14749.229380289713
12385.774103800455,2305.5660502115884
10852.203491210938,9023.164235432943
14712.117594401041,13890.883743286133
11104.545913696289,8028.070994059245
13924.097361246744,13663.689137776693
10795.533218383789,12073.17670694987
10322.634607950846,8498.294438680014
11456.739588419596,13538.695068359375
10866.427861531576,563.6118876139323
7105.036275227864,4994.707962036133
11459.216247558594,3395.2427520751953
13536.409790039062,12922.130091349283
10973.147944132486,12532.917739868164
14812.975540161133,5458.798258463542
11839.86090596517,3609.638168334961
15470.05215962728,5231.421147664388
12049.742401123047,1306.8333536783855
10320.027989705404,10139.110722859701
11284.709828694662,3747.2271677652993
7412.42882792155,1286.8516540527344
13198.944620768229,12781.311019897461
9430.641031901041,10014.303904215494
14497.896881103516,1734.3348795572917
10955.730005900064,2013.9593149820964
11293.936182657877,11172.28374226888
9736.651575724283,4453.487955729167
11721.310526529947,11188.823084513346
9440.164433797201,9390.115753173828
11418.95095316569,10561.461151123047
17895.420115152996,16326.908543904623
16016.966252644857,16251.261413574219
20054.13739522298,19697.262237548828
13284.044514973959,1656.3848470052083
11245.187286376953,11555.752385457357
11937.179168701172,11705.915837605795
15636.981114705404,3099.7490590413413
4909.02734375,2472.0631205240884
12005.062362670898,11834.345464070639
10545.674977620443,1420.4011993408203
11925.378219604492,1784.9697875976562
17076.36870320638,2076.4349670410156
11653.884460449219,11139.170715332031
10732.72112528483,8352.598317464193
11017.987116495768,11738.17310587565
11502.090540568033,2032.8664296468098
9445.682601928711,2793.5118255615234
11558.44985961914,11292.582509358725
19359.901779174805,1208.8795572916667
6752.1080322265625,8387.123184204102
10496.47711690267,1061.1909840901692
14863.597493489584,1304.2648417154949
10877.133173624674,10676.056818644205
11568.225758870443,1462.0518646240234
22266.82489522298,1567.5148366292317
16400.795608520508,464.20705159505206
16017.911010742188,15041.985336303711
7418.07475789388,1527.9142761230469
12420.808415730795,12348.792826334635
12848.687143961588,2033.410405476888
9721.284550984701,2683.821767171224
9986.290959676107,8199.19733174642
5596.2107493082685,2696.509577433268
11339.800237019857,11476.445358276367
8437.25823465983,4186.812779744466
12116.393361409506,3913.968938191732
11258.882074991861,11398.941955566406
9278.785471598307,2921.428716023763
13604.345036824545,15441.69115193685
12250.946080525717,13353.650263468424
12067.302266438803,2998.426671346029
11788.451705932617,4610.180068969727
15830.214787801107,1739.0429941813152
12154.891860961914,12575.586781819662
15691.521631876627,15221.45955912272
11642.822270711264,2522.169016520182
9843.268493652344,5105.366226196289
10085.153411865234,7963.327814737956
18553.89840189616,2954.124842325846
8070.3691965738935,7675.104563395183
12710.26432800293,8536.391764322916
14482.07568359375,14573.92291768392
12635.380381266275,14289.287623087564
14526.487197875977,14029.58821105957
8817.803771972656,5828.553904215495
11666.482228597006,10181.848795572916
9087.974950154623,969.4030202229818
13398.421371459961,4098.217458089192
10241.417419433594,10097.779098510742
21696.725006103516,21089.6209564209
12178.699183146158,1159.248779296875
11743.67763264974,3496.996576944987
13129.18739827474,11156.171595255533
10826.718795776367,1832.492884318034
11438.93352762858,9103.949493408203
10354.912450154623,10323.846201578775
13030.295135498047,647.7628682454427
7633.457239786784,2535.4469248453775
10419.986694335938,1127.6077829996746
17220.470789591473,15998.978424072266
9215.68008931478,9535.449457804361
10463.453303019205,12609.467549641928
12760.262456258139,10599.409301757812
13603.21283976237,13562.79052734375
10917.797551472982,12197.828430175781
12278.279637654623,11318.40054321289
10025.890874226889,9480.924189249674
17883.350514729816,2229.366999308268
11291.030832926432,1799.6932830810547
13519.366694132486,813.4088795979818
7870.3188883463545,7664.730107625325
14547.180669148764,1315.7246602376301
21965.85031636556,21182.197875976562
9835.517267862955,2415.4357299804688
8761.896367390951,4992.389343261719
12700.811019897461,2459.8480224609375
9504.223185221354,4590.246068318685
10280.225682576498,2227.673314412435
11394.885208129883,11030.744115193686
10794.794209798178,12546.14567565918
14559.348114013672,1891.8101399739583
14317.727905273438,3130.1243947347007
11808.729278564453,11747.55950419108
7972.862416585286,7435.85656229655
13918.22119140625,15065.52919514974
13546.897364298502,13319.594843546549
11623.793253580729,10887.556259155273
11606.170104980469,1391.2808024088542
8663.889851888021,8174.715586344401
13443.791198730469,733.4112396240234
9350.986246744791,9241.281611124674
11416.744893391928,11108.475128173828
12824.113149007162,13413.749786376953
10840.624516805014,11078.637278238932
9715.79677327474,2598.8631032307944
9645.951365152994,9405.547536214193
9891.412709554037,10598.661997477213
12764.491882324219,12964.177983601889
9845.134892781576,5129.559702555339
18281.547653198242,18412.982294718426
17368.00515238444,958.2030944824219
9477.119196573893,9109.515441894531
6383.4227294921875,6843.35764058431
15668.329467773438,15694.699966430664
10012.517639160156,1812.2476043701172
12429.785837809244,12595.248026529947
13635.811452229818,13258.516189575195
11762.7722269694,10949.803848266602
10256.31992594401,3498.39453125
8206.485107421875,7135.5116628011065
9648.058563232422,8363.14119974772
15764.114379882812,1044.866734822591
10514.484395345053,3696.2820790608725
14269.873479207357,14207.240061442057
10367.162302652994,10669.5026957194
12304.599512736002,12412.41244506836
10267.415817260742,9507.26047261556
11579.822158813477,5841.038569132487
10235.215250651041,3732.5364430745444
13956.844385782877,13303.267949422201
19200.925516764324,1015.9695790608724
9960.211013793945,10358.55751546224
12025.822647094727,11643.422983805338
10103.1330464681,6776.062856038411
9644.971649169922,5007.663904825847
14125.364959716797,12177.037124633789
14195.474497477213,1314.7353210449219
11328.040649414062,4181.78938293457
8799.4228515625,9816.382166544596
13337.131200154623,2414.5153045654297
13789.69883219401,743.2877655029297
11274.372817993164,11375.505783081055
9543.176045735678,10003.764017740885
13324.80990600586,3814.125493367513
10277.408198038736,2593.086664835612
8084.795455932617,4029.1894022623696
17377.179712931316,16806.37677001953
9555.844192504883,9796.58757019043
11208.283772786459,11023.668553670248
14323.376419067383,1175.557378133138
14470.744425455729,2017.4441477457683
14418.294306437174,15116.30231221517
11777.135462443033,11535.487248738607
20153.475387573242,19996.731608072918
15415.333190917969,14935.398081461588
8434.89837137858,2346.4563802083335
12802.556676228842,3758.4340006510415
12698.69588724772,2849.729451497396
8859.583719889322,8914.472513834635
20125.853001912434,17622.345993041992
9094.408518473307,7385.1984303792315
12362.574508666992,12619.781616210938
14635.168914794922,804.7401224772135
14334.846267700195,5721.421839396159
19256.17689005534,19057.749588012695
11353.856475830078,11111.398951212564
11546.939544677734,2138.685043334961
16855.51010131836,2182.547780354818
12802.335474650064,11408.029769897461
12570.004572550455,3158.4202575683594
12377.73932393392,2507.907760620117
21883.192896525066,1072.3157399495442
13088.959864298502,14557.164815266928
14542.443491617838,14251.854934692383
10008.741806030273,1763.303746541341
12644.812484741211,12936.839599609375
9509.402837117514,3229.7365061442056
11249.15028889974,9424.153849283854
8390.966084798178,7793.90727742513
16399.257161458332,5151.225646972656
11572.58583577474,10942.848526000977
11485.080393473307,3993.912155151367
11277.154067993164,2013.4856770833333
8499.134938557943,10929.249399820963
13369.423817952475,1068.135965983073
13645.215255737305,1431.0980072021484
12497.716593424479,11816.430541992188
11090.961013793945,11264.511596679688
11689.092905680338,12019.339533487955
9748.916580200195,11215.815938313803
12941.321156819662,14619.44748433431
13473.564834594727,952.2110900878906
12131.83235168457,12147.95566813151
10567.110590616861,1867.491978963216
12847.327987670898,12712.088267008463
9119.465616861979,9047.484395345053
13628.69834391276,8837.230921427408
11590.91562906901,3671.535415649414
11752.373224894205,1024.1431223551433
15310.501291910807,3039.8604431152344
11190.426712036133,4116.970082600911
14058.377065022787,2252.320785522461
15260.496215820312,15504.07069905599
12656.198740641275,2923.8923695882163
12478.540852864584,12691.578618367514
19145.883590698242,1517.8798116048176
10752.863489786783,1490.3077392578125
9899.476933797201,10318.581420898438
8434.332260131836,2386.087646484375
12258.122919718424,10639.23641459147
14868.965174357096,1519.5876566569011
16111.884979248047,5992.421854654948
13652.362950642904,2648.0551961263022
13810.041158040365,12488.67707824707
18168.866587320965,17674.35036722819
9260.015335083008,3667.988077799479
11120.772018432617,11502.99284362793
9236.177607218424,1097.4068044026692
10055.411727905273,1659.3140258789062
10406.975453694662,574.2562866210938
18396.827565511066,2323.791071573893
15346.10971069336,727.5502421061198
13463.102183024088,905.3672281901041
8929.449849446615,5841.484710693359
14181.184707641602,1935.694330851237
11939.14018758138,12467.59321085612
10989.455622355143,2681.040496826172
13090.328938802084,1655.791748046875
13022.736963907877,1732.4596048990886
9660.9601949056,1560.7190195719402
12417.535079956055,11006.528498331705
16225.178675333658,16379.038686116537
8747.629079182943,1422.7279154459636
14664.588785807291,13394.688059488932
11583.263290405273,3583.244094848633
13704.160146077475,13422.341929117838
17255.897364298504,2345.6247202555337
13920.93792215983,13340.895385742188
11679.094553629557,11482.836654663086
10791.710266113281,8051.676244099935
11054.93906656901,8345.879755655924
14847.73688252767,14655.663335164389
12820.208297729492,13265.531229654947
13207.714167277018,4003.0408833821616
13499.190892537436,13485.408320109049
13635.776992797852,12739.07730102539
10661.87636311849,10337.877446492514
12959.448638916016,1604.1912027994792
14617.385040283203,5753.651189168294
10090.922587076822,4012.0004272460938
16426.147638956707,1243.2167663574219
11707.978485107422,3962.205551147461
11252.868682861328,10300.471471150717
10664.424504597982,3425.0110626220703
12472.602264404297,3308.750289916992
21364.038497924805,208.2791951497396
13998.015014648438,15419.76230875651
9460.92751566569,1212.816655476888
16584.54659016927,16291.53362528483
11511.125834147135,11458.95337931315
20636.25063578288,4804.328552246094
10527.447514851889,4064.8374837239585
14605.257064819336,14260.780832926432
9723.0954691569,9290.705307006836
12026.966690063477,13546.641525268555
9812.138188680014,1960.6255849202473
13100.928654988607,1347.5161844889324
15141.688059488932,1874.4535217285156
9454.013448079428,10334.00136311849
10398.659072875977,10601.372477213541
11527.229120890299,8870.744257609049
10319.893590291342,4463.811177571614
13373.69418334961,13285.599344889322
10155.26405843099,1648.3731282552083
13302.934834798178,10826.505533854166
13674.339192708334,1093.2871754964192
13041.454432169596,13129.645009358725
10481.433420817057,3990.814295450846
11508.959411621094,4542.438268025716
10834.100708007812,1241.5135548909504
17004.90786234538,16757.84701538086
10210.226923624674,1162.7632344563801
12014.023966471354,11971.03466796875
13277.41958618164,3039.8685353597007
8689.857376098633,8954.81510925293
8090.317052205403,3789.331069946289
10228.594690958658,9743.669662475586
9344.375813802084,4919.703903198242
6011.593470255534,7465.578369140625
10384.157887776693,1433.1097208658855
8836.106592814127,9074.227834065756
13477.649912516275,12828.580520629883
12223.676274617514,2755.8692779541016
13904.162424723307,1351.662633260091
13504.70166015625,831.3218027750651
7940.922622680664,1730.4723866780598
16038.836588541666,1815.4809315999348
11917.58585103353,2422.9239603678384
11533.02645365397,1273.9102884928386
15480.244049072266,2933.4735005696616
8351.651473999023,4307.823354085286
16992.796096801758,1950.2435557047527
13292.300872802734,748.5010274251302
14407.276224772135,2539.3704528808594
14793.827977498373,1545.7636210123699
11378.361963907877,2281.9031829833984
11461.165171305338,11637.65229288737
15958.294576009115,16236.345169067383
18026.295186360676,17689.756434122723
12401.997182210287,2529.6465911865234
13149.193354288736,13331.142105102539
15592.055735270182,1871.7691802978516
6207.530970255534,1571.8905232747395
11669.790817260742,12052.741806030273
9441.712153116861,9878.49469502767
12301.93563334147,2988.5029805501304
16188.543075561523,16314.379084269205
11934.031967163086,1027.1853485107422
11256.044611612955,2811.3909505208335
11570.244801839193,12546.44671122233
14167.31884765625,13661.458836873373
24175.366785685223,23536.223200480144
8434.990524291992,8711.243764241537
14415.46689860026,12525.728505452475
8209.009857177734,5823.018732706706
12788.901987711588,12176.1337890625
14031.825139363607,11081.316401163736
9246.618041992188,2402.6240895589194
11723.797922770182,11959.309046427408
12093.056070963541,2723.5436045328775
11356.369506835938,11737.706359863281
10504.70393371582,2459.6748555501304
20030.198084513348,19980.698486328125
8119.406575520833,9825.870361328125
9811.912292480469,1699.4816487630208
12084.52481587728,12062.036326090494
12241.081741333008,1862.821253458659
10649.687764485678,2490.651657104492
10968.419092814127,2030.348897298177
10081.43002319336,3508.895207722982
10192.91317240397,3112.5589141845703
10559.042780558268,10175.213134765625
12186.903971354166,883.4776713053385
9513.159927368164,10991.245346069336
8545.103876749674,1931.8629099527996
23230.331044514973,23393.399154663086
11863.594065348307,4826.532867431641
11443.825424194336,2504.038340250651
12802.115193684896,12728.695449829102
14182.12766011556,3999.4390970865884
17656.601857503254,1604.718246459961
19864.489451090496,3282.759251912435
11095.797602335611,11266.792475382486
7904.274724324544,8631.240707397461
12866.301986694336,2306.561264038086
13516.64040629069,13891.663838704428
15894.804275512695,4708.839564005534
14175.829132080078,13999.269943237305
9365.572682698568,2018.0736287434895
7952.58523050944,3518.5528615315757
9928.607050577799,8667.206654866537
17733.38862101237,17472.113021850586
10755.526041666666,6826.898569742839
15184.765329996744,16253.573277791342
15257.445276896158,16244.150833129883
10079.325698852539,10759.349182128906
15725.65858968099,1363.1094665527344
10977.827651977539,431.4212900797526
10548.718454996744,1188.8988037109375
10492.247131347656,10629.21533203125
13080.918212890625,14035.452606201172
12996.058944702148,857.8387807210287
11643.743128458658,13250.787114461264
10614.94607035319,11902.06223042806
11840.414301554361,11647.886413574219
16392.975240071613,1544.2852732340496
12425.258641560873,11975.34750366211
10031.25222269694,10988.404973347982
17650.414576212566,1835.1023457845051
15609.961008707682,15497.288014729818
11607.493794759115,11775.117477416992
8774.480209350586,8363.714782714844
10789.06729634603,10834.158213297525
14044.108337402344,2806.837371826172
16362.006663004557,16081.91414896647
10953.023559570312,2421.9525604248047
8682.341532389322,8202.240748087564
14955.495620727539,1770.0099283854167
15335.192606608072,15242.599161783854
11178.912587483725,13074.46620686849
10533.074956258139,3410.2804565429688
12323.349573771158,941.0665740966797
8324.151545206705,8237.17172241211
10247.412841796875,3990.3359018961587
6023.9668528238935,7259.827977498372
11340.683965047201,3947.326014200846
14777.882334391275,15773.92783610026
10884.30126953125,9163.211563110352
10991.066752115885,5011.810567220052
14741.155014038086,14255.798212687174
10541.816513061523,10570.168411254883
14818.40651957194,521.097646077474
11810.220006306967,12107.729008992514
11297.51410929362,2853.8248341878257
12582.867955525717,12573.896642049154
13383.188385009766,1407.452133178711
12317.335800170898,5167.457743326823
13312.73087056478,13993.662658691406
11819.411661783854,3492.096893310547
18040.274037679035,2539.532460530599
16920.668970743816,1364.9298400878906
9563.92219543457,4055.244603474935
12751.171193440756,12466.693552652994
11257.906102498373,8304.97812906901
9871.936030069986,10298.413045247396
12141.417460123697,12003.675765991211
12243.241368611654,4195.172210693359
12855.681365966797,12142.074096679688
11801.643391927084,11075.89883931478
8910.96137491862,11291.292195638021
9705.575007120768,10041.082489013672
14033.739741007486,3371.384490966797
18267.445281982422,17234.403732299805
11681.233418782553,11697.960439046225
11704.762725830078,7012.984776814778
10010.383865356445,10235.43618774414
16513.65022277832,1612.4330037434895
17057.472569783527,10259.973805745443
8057.488169352214,2044.8125457763672
8281.16431681315,7848.414596557617
9849.269220987955,1229.6709543863933
12144.790776570639,12206.451843261719
11709.9963277181,12250.91574605306
11558.44295756022,2430.2084757486978
17080.756490071613,16132.375106811523
11357.929494222006,11133.452540079752
14132.890965779623,1331.1133371988933
14889.203165690104,4107.290766398112
14999.67422993978,14973.34477742513
9432.465449015299,9562.508346557617
18406.82452392578,18200.82974243164
14251.576299031576,14335.551869710287
15115.018931070963,14515.237009684244
7994.515716552734,8994.148417154947
11086.175455729166,2834.708465576172
11722.725784301758,7020.508127848308
13413.236536661783,2054.0998179117837
7316.455337524414,3918.1773630777993
12062.834172566732,13227.53391011556
13038.342737833658,12645.606185913086
14015.78799947103,828.6364491780599
12534.242090861002,1492.5335388183594
13213.97944132487,13453.695348103842
19122.829879760742,14486.229319254557
20782.684997558594,20746.131876627605
11247.960210164389,10549.414093017578
14966.162155151367,14822.135757446289
11551.79367574056,12147.375549316406
11999.554901123047,1323.0641835530598
7973.210983276367,7935.133987426758
10148.319432576498,8820.646428426107
21131.348673502605,13300.407246907553
13808.37771097819,2894.6220092773438
15227.885055541992,15318.145940144857
12497.294474283854,13649.867502848307
13941.946472167969,1258.7754872639973
11621.174896240234,11826.546610514322
13988.404647827148,12631.099629720053
9830.250295003256,1765.0833740234375
9256.74016825358,2411.644460042318
14141.344294230143,13551.399068196615
10175.232218424479,3207.2841440836587
12939.383646647135,4615.358708699544
7749.479726155599,3812.249257405599
10822.347610473633,4074.8311462402344
13773.317357381186,13885.170216878256
21567.79118855794,2079.7640075683594
14822.98721822103,926.3755493164062
16015.826614379883,16161.177378336588
11079.364430745443,8893.126988728842
14444.608637491861,8511.959732055664
12961.6789449056,12108.277425130209
17581.43620808919,5951.8064524332685
15274.578928629557,468.4731699625651
12367.027669270834,12206.021494547525
11773.297154744467,8141.158203125
13855.784184773764,1256.4551391601562
10564.513173421225,4332.394114176433
14104.360158284506,14412.1623433431
16323.434916178385,16293.516749064127
16351.963551839193,526.5249989827474
6238.47216796875,6858.000411987305
9842.301971435547,9554.811874389648
15143.863220214844,1193.1596120198567
10802.088577270508,10540.735158284506
15720.31623840332,17018.772135416668
11882.834243774414,2736.428914388021
21251.73935953776,20655.255111694336
8737.747970581055,3181.9441935221353
5605.659581502278,2247.2050170898438
16854.9418741862,15949.716801961264
11172.758341471354,3027.266515096029
15280.754755655924,1011.7840423583984
18593.135320027668,18065.647115071613
13219.674184163412,13822.919718424479
15453.99575805664,14840.062372843424
11869.07378133138,3269.5460408528647
14933.743286132812,14175.930236816406
10848.981018066406,4952.09928894043
10126.865509033203,347.1906280517578
16653.468180338543,13776.040405273438
9519.753941853842,9508.340174357096
8817.221328735352,1423.813461303711
12694.924514770508,2246.8592274983725
16131.916681925455,16218.68391418457
14255.18527730306,14227.485295613607
8877.01764424642,1484.9384460449219
11678.003295898438,3113.357620239258
15700.178705851236,15580.163787841797
8852.018224080404,3555.401830037435
13959.599329630533,785.2855733235677
7228.144470214844,6966.794408162435
7543.548436482747,7054.659754435222
15479.267893473307,15336.673604329428
10086.56792195638,2029.5826161702473
10758.637201944986,985.2022552490234
13596.679723103842,13926.357798258463
7758.647186279297,7756.33523050944
16097.67586771647,15308.679092407227
14459.23941040039,14247.085042317709
11028.553604125977,11048.676401774088
16699.47863260905,16305.169428507486
16865.058868408203,16743.025716145832
12011.684387207031,9973.547505696615
10709.06290181478,2012.1956837972004
10608.107162475586,3144.6226501464844
16108.04791768392,16296.968556722006
11923.893600463867,9497.350931803385
5735.590845743815,2139.9982401529946
12724.716939290365,1911.2391662597656
13179.222356160482,12004.699381510416
13079.455927530924,1492.808822631836
14415.362248738607,1158.780537923177
18805.57009379069,18506.967086791992
10317.247065226236,2882.7291412353516
11104.284138997396,2272.5829010009766
17196.015106201172,1205.361587524414
10980.772944132486,4367.455764770508
10681.92680867513,10611.521606445312
14185.412048339844,4959.7871653238935
13796.360488891602,239.15846252441406
11714.549336751303,2722.0668029785156
25970.530736287434,25181.11052449544
23014.91330464681,5412.959096272786
10144.89133199056,2433.3570098876953
14157.887079874674,1429.4635976155598
10576.44682820638,4682.619110107422
8690.812189737955,1560.742396036784
11044.064580281576,3883.9507802327475
9957.792297363281,10055.287241617838
9698.846979777018,1197.0348154703777
9721.461720784506,9897.848983764648
14216.271458943686,13711.926569620768
17183.97559102376,2761.7188161214194
10523.161102294922,1965.1884206136067
13352.673044840494,1814.9645029703777
17647.780904134113,17232.428421020508
14923.535802205404,1174.7759450276692
11857.421585083008,2756.898595174154
16168.875991821289,15565.76008605957
12325.425399780273,12811.86041768392
12306.052444458008,7118.098068237305
10253.343673706055,6393.826868693034
12026.577611287436,14211.661026000977
16099.609329223633,2168.5437520345054
11370.29615275065,11734.215138753256
17962.37935892741,1184.5619659423828
8704.028483072916,8474.509068806967
11239.708786010742,2167.5055796305337
21794.999674479168,21884.32895406087
10246.115971883139,2115.5494283040366
10716.592224121094,13099.369201660156
10775.621571858725,10705.349833170572
8588.814325968424,3512.201746622721
9573.984848022461,4311.63254292806
5093.709386189778,909.2685292561849
19220.228057861328,847.9497222900391
12737.04290262858,12662.068776448568
13135.292495727539,1488.584437052409
9408.48306274414,5383.709447224935
12226.46875,12461.428685506186
15950.38042195638,15723.99860127767
9818.812428792318,4947.765762329102
12732.292434692383,2334.136703491211
9238.400268554688,4897.564010620117
8195.999567667643,4053.534881591797
11522.690129597982,2086.4850870768228
7287.484598795573,1824.3888092041016
15464.149454752604,18197.527282714844
7687.025309244792,6691.326817830403
9979.322428385416,10158.619237263998
14291.829905192057,1484.5857391357422
14917.41342163086,3259.0569814046225
18044.597407023113,7478.634521484375
12098.28033955892,3017.0710652669272
10956.497573852539,10718.33132425944
10798.050542195639,10751.875701904297
13007.989115397135,13336.948216756186
15508.57026163737,15515.863403320312
13148.739247639975,7559.954905192058
12930.296081542969,12799.39198811849
11980.352828979492,813.6379852294922
11372.566350301107,1678.335225423177
15185.191523234049,15190.915730794271
9904.245895385742,2959.1849314371743
10765.490793863932,10079.698969523111
12595.596221923828,1935.3617299397786
9478.197087605795,2182.1359354654946
9009.242808024088,9503.282114664713
9326.286590576172,4662.532435099284
12671.521286010742,10954.907806396484
11121.84073384603,5533.096196492513
10564.706024169922,3572.832433064779
11217.574666341146,10816.068318684896
13213.118209838867,11688.252573649088
11566.526255289713,791.3005523681641
11490.098225911459,6952.449798583984
13896.91128540039,13717.56819152832
13113.01838684082,12950.599014282227
14864.66414896647,14747.670669555664
12590.576721191406,11161.078587849936
16426.881103515625,1730.8643951416016
12727.20383199056,5238.3809814453125
14099.878931681314,10985.961369832357
10561.00168355306,10593.142883300781
12312.016250610352,3436.8729146321616
8509.35196431478,1617.5048268636067
17405.16454569499,17076.36217244466
15416.127431233725,15433.90446472168
9593.327331542969,3786.523956298828
11580.561065673828,9747.453903198242
9081.62678527832,9043.584213256836
14782.335932413736,10728.436330159506
8706.383483886719,8599.271102905273
8286.32037862142,9630.84723409017
11475.761739095053,2957.305908203125
16035.37456258138,5369.469980875651
27634.455947875977,26405.749181111652
17332.90858968099,5064.606409708659
14342.608637491861,1537.1512400309246
12323.733983357748,2327.4652252197266
9880.17978922526,3935.0755055745444
9911.944356282553,10938.658935546875
13339.44620259603,13834.987045288086
9460.030705769857,9117.984954833984
11233.276733398438,9146.825780232748
9949.440536499023,10127.397257486979
9418.412297566732,8670.914789835611
19327.129954020184,1066.1084442138672
12415.32160949707,1677.4786427815754
10230.667302449545,10395.122278849283
16359.493489583334,1100.670405069987
11930.463333129883,11962.32612101237
13218.082071940104,2789.9744720458984
15509.554275512695,3261.5567830403647
9045.653015136719,9613.300120035807
12406.121546427408,1343.0794881184895
11827.60247294108,5986.333180745442
14244.097783406576,13894.036931355795
19703.4638671875,19323.714096069336
10738.00407409668,9364.158762613932
11512.62752787272,11711.255655924479
19058.827117919922,18323.760177612305
12086.98654683431,9535.135833740234
19339.407516479492,18541.498423258465
15311.522699991861,2163.391830444336
13452.56862894694,12660.486740112305
15193.908477783203,1266.1427815755208
12115.258931477865,3885.6740926106772
9000.026402791342,3443.3518981933594
11025.763732910156,10953.048461914062
9854.680084228516,4628.496002197266
12160.818888346354,638.7196604410807
15199.158930460611,4489.735254923503
14343.317072550455,3910.5960998535156
13563.381779988607,15390.989781697592
18403.789255777996,1062.5764821370442
15258.398905436197,14677.201344807943
15082.416895548502,1634.9901072184246
10480.413838704428,2286.485112508138
10062.452692667643,2759.5221811930337
10984.078399658203,4883.429550170898
10704.547958374023,9050.163457234701
14025.705525716146,13959.11776224772
11755.704956054688,3898.9904022216797
11377.504770914713,11081.087763468424
13565.332499186197,3012.939437866211
9989.303248087564,2112.6219889322915
3709.093663533529,13043.818990071615
14717.567988077799,595.1345011393229
10229.679443359375,1576.1086934407551
13264.78645324707,13150.505025227865
8066.917307535808,1973.1111602783203
13634.147165934244,1203.4753977457683
15503.344167073568,15413.978993733725
10517.50949605306,9590.811731974283
9548.144205729166,9376.41317240397
14058.52944946289,13118.929560343424
10259.019185384115,9315.729227701822
12841.775685628256,12809.114954630533
31881.299850463867,31145.311004638672
10541.351913452148,11834.640752156576
11557.430099487305,1645.6243743896484
13523.156814575195,2684.397633870443
10305.694783528646,3410.380686442057
14154.236506144205,15641.479161580404
18532.372472127277,989.3455047607422
10386.848510742188,5179.512115478516
10307.984176635742,2844.337575276693
11521.32965596517,6090.660405476888
9801.449879964193,1046.1667938232422
14395.019622802734,14800.291198730469
11516.04551188151,11506.293619791666
12054.976501464844,3405.2891235351562
11898.176340738932,4385.6885325113935
13403.416687011719,13477.777221679688
14027.49403889974,12341.022603352865
7120.174952189128,4151.7061106363935
15545.926350911459,16364.989466349283
10748.277689615885,1103.4854736328125
14467.54758199056,14623.560251871744
9492.56239827474,5208.848459879558
11992.007741292318,3886.6517384847007
11543.622965494791,11237.696477254232
12833.05657450358,2035.8210550944011
10071.124821980795,4239.2484181722
13511.751831054688,12897.607549031576
17384.86408996582,17215.405848185223
13001.500106811523,11739.607554117838
7805.033213297526,1541.3351389567058
9448.242212931314,3874.8699086507163
15958.116017659506,800.2232411702474
10973.266225179037,11689.14771525065
11043.119450887045,4895.820617675781
13763.577987670898,614.767832438151
41022.82005818685,2806.226577758789
22649.990814208984,3026.520751953125
13478.133977254232,3078.7942250569663
16857.614924112957,16469.74922688802
17106.95606994629,17280.743204752605
15591.05575052897,1485.2824605305989
12566.665542602539,3331.084772745768
8658.202239990234,6542.5783131917315
7773.72580464681,7890.987798055013
10904.96408589681,11087.099919637045
13912.412180582682,1317.146489461263
12149.96603902181,2806.703913370768
11221.432001749674,5733.293935139974
27587.693252563477,26708.728576660156
13554.354934692383,1846.1486206054688
11157.866978963217,2353.3331349690757
11464.088628133139,11881.464965820312
11169.548324584961,2693.502466837565
8709.190775553385,9116.823425292969
11847.72910563151,9922.486780802408
10440.09407043457,9639.608510335287
7724.5800374348955,8189.441930135091
8705.33587137858,9157.732050577799
15554.402750651041,3074.7753143310547
19053.83417256673,17808.315231323242
11337.201807657877,5240.392593383789
10396.498509724936,4223.450444539388
17710.04871114095,17656.325271606445
11734.712239583334,10074.826059977213
11995.235783894857,12475.646311442057
13183.740921020508,2067.731216430664
19777.32162984212,19668.930638631184
9460.773198445639,4702.116622924805
12526.104248046875,12137.166152954102
20535.705505371094,3023.8809661865234
9843.30869547526,11365.784261067709
14515.25776163737,1718.4446461995442
13455.71457417806,3439.213907877604
17674.972279866535,2776.0285847981772
12567.227127075195,3800.7692515055337
9294.698654174805,4391.116836547852
13647.614329020182,1126.0209503173828
12591.348007202148,12683.352035522461
10811.309819539389,2330.697453816732
14155.415873209635,14450.104568481445
10576.815460205078,7809.837331136067
18851.375966389973,18794.084889729816
15670.673090616861,15674.374104817709
8071.830800374349,4074.915013631185
10663.22602335612,1524.9584655761719
6207.665456136067,3324.662180582682
9463.466654459635,10038.160909016928
15447.23462931315,9845.149236043295
19203.838811238606,19547.845291137695
8647.966817220053,8981.754801432291
9939.783762613932,2646.8160196940103
10234.768325805664,2095.2406870524087
13540.187998453775,11856.703008015951
12481.391789754232,1813.021748860677
12816.893376668295,5589.868916829427
11272.741500854492,3557.42236328125
12863.527943929037,718.5719706217448
21282.49089050293,20226.246963500977
11104.589940388998,3061.659093221029
10879.928105672201,11649.984344482422
22937.276733398438,22887.02705891927
12162.106404622396,11799.285329182943
12368.169209798178,3474.486282348633
15968.131998697916,15738.203353881836
14846.24592590332,8955.623774210611
10429.335810343424,3305.0482177734375
13434.059778849283,13304.157740275064
8582.096211751303,9878.310455322266
12964.032475789389,3180.828867594401
12292.04898071289,2506.7964477539062
15424.93694559733,1536.9104309082031
12735.428080240885,1271.1056365966797
15130.830291748047,4386.332865397136
13224.129811604818,2233.3639780680337
13453.444966634115,2375.800003051758
12663.220677693686,12318.694524129232
12295.35440572103,3713.4302419026694
7204.254038492839,4143.406509399414
11889.05071512858,2705.8978322347007
9638.97726949056,9233.87565612793
13906.04958597819,703.0719706217448
19492.22508239746,18664.02717081706
8832.289621988932,8881.956685384115
11175.51742553711,11455.91042582194
11209.861399332682,12840.247060139975
14302.442260742188,2926.8870442708335
12673.65244547526,12537.826166788736
10269.431142171225,12246.049077351889
8061.506245930989,2422.484588623047
10604.8747660319,10644.43637084961
11974.51372273763,12687.002110799154
19160.97407023112,17532.589782714844
8923.512736002604,2556.828903198242
10911.875442504883,9388.78216044108
8782.202845255533,6828.263977050781
9783.940694173178,9888.292424519857
9460.902267456055,9899.0778910319
11587.285303751627,1980.0074157714844
8114.732803344727,1772.3682912190754
10014.626190185547,5028.574157714844
14021.958638509115,4059.071278889974
12423.853393554688,4768.724060058594
9575.58780415853,11048.01649983724
11313.352091471354,1560.2721506754558
15016.869705200195,8297.298909505209
16450.163838704426,16355.621103922525
15239.484497070312,1641.705571492513
12590.163126627604,1183.5983479817708
8119.112782796224,2724.833730061849
10225.652659098307,4014.8766733805337
12416.721165974936,11992.383834838867
11696.571660359701,11915.875493367514
16733.21790568034,16286.954839070639
10142.56763712565,3088.4188232421875
15074.738810221354,1970.4544118245442
11921.016270955404,3997.075698852539
11193.186594645182,3070.8699391682944
11355.92593383789,2706.8488108317056
10558.134902954102,3750.62890625
15582.897186279297,14457.958567301432
9056.158798217773,8707.995702107748
11663.118881225586,2435.6316986083984
12982.395233154297,12558.419596354166
12932.091120402018,11719.53948465983
11922.04621887207,12682.902969360352
13382.444264729818,1889.0099385579426
6457.194305419922,835.5351715087891
13990.441314697266,12437.3742574056
9981.195185343424,1588.1580149332683
13742.366333007812,2071.8888956705728
10025.446823120117,9178.739776611328
10175.71817525228,4723.581715901692
14762.38633219401,15122.720611572266
11517.862345377604,4846.501398722331
22252.117126464844,21793.49068705241
12882.448048909506,12635.338150024414
11583.650446573893,3543.2806447347007
11599.19563293457,11473.845423380533
10377.868321736654,9927.028076171875
11071.656422932943,4352.821436564128
15309.792266845703,6132.809219360352
15189.248524983725,16519.51779683431
10596.79339090983,5452.144215901692
14410.880187988281,1480.1503448486328
11000.32964070638,10831.480107625326
12567.88889058431,12094.175084431967
10226.158040364584,3451.975641886393
9993.710138956705,4134.9735768636065
18639.19541422526,17901.99985249837
14604.507853190104,11472.58619181315
11503.617635091146,1676.0826975504558
17645.520838419598,1028.0673166910808
13404.715911865234,6101.807281494141
11025.993881225586,1386.215611775716
13375.48171488444,13507.040974934896
12039.941029866537,12918.524286905924
11107.935068766275,10792.456939697266
9911.346755981445,8520.678731282553
12835.037724812826,11809.471796671549
14460.334467569986,2318.436757405599
11798.816802978516,1414.3480733235676
9167.541788736979,1306.0868072509766
10095.046747843424,9692.380025227865
10600.58132425944,8675.686879475912
18885.586247762043,18873.20948791504
13301.848780314127,2430.355382283529
11303.042617797852,1913.4887186686199
11077.08096822103,4816.441146850586
8312.05625406901,5805.075276692708
10021.107299804688,9814.542277018229
8125.866780598958,1865.443323771159
9989.336369832357,3321.062469482422
10958.561126708984,10344.19346110026
14671.072138468424,15820.921635945639
13515.406941731771,12963.337697347006
11423.410339355469,11894.383346557617
14565.917587280273,1141.1776173909504
10327.488133748373,11355.20920308431
9783.838205973307,9654.724980672201
13509.42153930664,909.1190287272135
13346.375442504883,13492.788798014322
15689.93091837565,3466.5060373942056
13403.443862915039,1018.7617340087891
12508.8640238444,877.515869140625
11103.275665283203,2297.498362223307
13019.13239034017,4630.007720947266
10903.927205403646,10883.651178995768
7023.053436279297,7362.278600056966
8303.819218953451,3202.121826171875
20378.520985921223,19889.877833048504
13505.291997273764,13182.877059936523
9903.829935709635,1582.4483998616536
10613.8859761556,10248.290171305338
10476.340957641602,3166.655039469401
19342.96139017741,1834.1781565348308
8290.033696492514,7851.824788411458
23851.11356608073,1587.2388458251953
13540.312337239584,13784.722345987955
13069.338241577148,3178.380528767904
9991.314315795898,1644.6526387532551
8956.182500203451,2147.8932088216147
13820.61661275228,955.9077911376953
9812.792129516602,2988.041951497396
11287.49799601237,11097.0168355306
13570.271916707357,720.1365559895834
18784.315185546875,2490.0160319010415
13389.92398071289,13114.335708618164
13739.661239624023,1566.9518025716145
12439.517094930014,12598.57411702474
13790.190521240234,3095.6382344563804
9909.029261271158,4234.0808512369795
9093.746871948242,5119.2976481119795
15470.372380574545,1709.5303955078125
14924.695988972982,2270.8428751627603
13088.885818481445,5242.042612711589
10960.864613850912,11487.736557006836
9342.478556315104,9729.716171264648
14969.906829833984,3958.1416625976562
11216.88617960612,7581.284673055013
8409.432444254557,8268.379725138346
9111.005228678385,3010.968007405599
13030.524342854818,2164.689153035482
11892.720464070639,963.610341389974
8075.6047922770185,7959.379150390625
13402.863525390625,1085.0003509521484
12611.359497070312,1343.7938334147136
13217.954427083334,13272.028849283854
11170.875635782877,4081.7307637532554
11069.715489705404,2610.251719156901
9631.57428487142,3978.9557495117188
10581.426666259766,3190.824193318685
13209.475891113281,1882.3624013264973
18257.926991780598,2814.473673502604
18977.738408406574,1385.1095631917317
9407.470428466797,2507.0834452311196
12543.632573445639,2617.042938232422
11111.729227701822,3685.7712198893228
11228.837605794271,3219.9869435628257
10490.121973673502,10458.993453979492
15412.467478434244,1403.6873423258464
15448.575139363607,2153.505864461263
9043.113672892252,1322.3253682454426
13249.738240559896,1061.8482411702473
11097.59856669108,11580.198425292969
10919.894831339518,1198.6763509114583
13092.533762613932,1195.7898610432942
10190.152994791666,3062.721506754557
13929.058583577475,1169.1856028238933
9972.046178181967,7410.531865437825
8784.013137817383,4180.193649291992
9999.146153767904,12927.866002400717
21338.56478881836,2020.3842366536458
13272.078709920248,1287.1754760742188
10480.81908162435,9903.837097167969
12229.018483479818,12219.365737915039
10864.397216796875,10659.452275594076
10409.215169270834,10336.745213826498
15469.749994913736,15603.088999430338
15796.90584818522,13817.920623779297
11355.835891723633,2422.8250020345054
9028.245427449545,11252.267288208008
17812.571863810223,17530.860092163086
20616.62060546875,7090.676055908203
11789.577158610025,6838.711039225261
10544.504353841146,10479.523279825846
11612.17552693685,12629.702524820963
10402.155685424805,3914.2742614746094
12598.57725016276,6587.270787556966
10521.563451131186,11308.570505777994
10207.83430480957,10936.040369669596
11869.166956583658,3360.8490600585938
11754.392959594727,6202.515294392903
9672.608963012695,9361.34353129069
12132.595321655273,11537.746719360352
11861.62973022461,12420.51358540853
15659.165506998697,16445.545908610027
12338.833399454752,12477.825174967447
16568.75391133626,15690.554087320963
11568.566599527994,12355.929000854492
15986.486806233725,1979.098856608073
13795.334065755209,16633.091573079426
16677.472239176434,17721.955047607422
9272.973993937174,2113.167678833008
12699.365585327148,1524.4829355875652
15387.98446146647,15841.27072652181
13875.300506591797,1123.3179524739583
15308.245091756186,15446.27092997233
12295.96149190267,1622.238764444987
14077.046478271484,4951.037979125977
9952.791788736979,5820.8267822265625
11145.87191772461,2937.2065938313804
12880.951731363932,12551.291712443033
12739.597529093424,12671.013631184896
9586.038599650064,2469.334676106771
17993.687021891277,3723.2101287841797
10329.652384440104,10892.94524637858
15706.666681925455,12959.31379699707
12686.69010925293,763.2072957356771
14954.152643839518,15042.205774943033
15924.08114115397,15808.736211140951
13862.748194376627,1217.5656026204426
7730.796635945638,2063.089859008789
11524.52904256185,11292.258036295572
9660.528432210287,1841.060078938802
11636.273462931314,11988.041208902994
14340.209106445312,14292.881779988607
12003.455337524414,6509.891774495442
8920.353754679361,3846.686925252279
12861.31977335612,11951.583104451498
10505.08309427897,10484.459025065104
11124.941197713217,3263.2167205810547
15550.465957641602,15300.091105143229
20087.337697347004,19920.35875447591
17989.306243896484,17678.220169067383
16687.413208007812,15012.174926757812
14946.965438842773,1779.9364827473958
12530.474466959635,2236.1849110921225
10303.659357706705,10208.03815205892
10276.094751993814,3565.162322998047
13614.381286621094,13197.36008199056
17982.087600708008,17604.00798543294
15813.052113850912,1016.4552154541016
10389.83827718099,3437.4901021321616
11774.746073404947,11636.413731892904
10891.977228800455,3863.867619832357
16333.31548055013,15680.982930501303
13435.289866129557,4021.1747233072915
8468.28278096517,980.501963297526
8294.637720743814,3337.5401560465493
11244.37489827474,3663.7495880126953
10254.70051574707,3312.2378845214844
18567.42632039388,17407.67709350586
10322.619700113932,783.2933349609375
11448.684936523438,1661.7915496826172
12255.644266764322,13159.867991129557
22418.02715555827,21274.17888387044
11681.78923034668,11319.26480102539
19434.370447794598,18798.366256713867
12875.948852539062,12321.639831542969
10475.640828450521,10524.189570109049
15839.41237894694,1408.1864166259766
12687.13973490397,12096.12419128418
16043.893793741861,896.5359700520834
9198.614588419596,7931.848475138347
17453.433151245117,16719.478352864582
21033.76692199707,15725.30099995931
17673.759704589844,16770.453114827473
14161.698608398438,14990.37636311849
12622.57790629069,2286.4354451497397
10522.210973103842,1727.1141306559246
9586.712799072266,1257.2584737141926
12870.105478922525,13040.08669535319
8349.327117919922,8111.834401448567
8575.669092814127,8495.929718017578
11037.03049214681,2970.7911071777344
11957.44711303711,1984.3071594238281
7476.089279174805,8757.455749511719
14164.5419921875,10900.620366414389
7752.145395914714,1830.701675415039
17004.639602661133,16861.699676513672
9370.888580322266,4456.639821370442
12116.261856079102,11336.753885904947
8954.313049316406,9398.385437011719
11614.378850301107,11495.688517252604
13446.145055135092,13100.321080525717
19169.556218465168,18903.601440429688
14565.17830912272,1313.364278157552
19619.966400146484,19761.481287638348
13561.733428955078,4627.269454956055
18595.97248840332,2744.365956624349
9823.942977905273,8755.424540201822
22071.5615234375,1934.6135559082031
11291.475728352865,10784.226704915365
13567.755752563477,14146.81607055664
11607.59952290853,1527.6781260172527
11821.92599995931,1943.8831888834636
9286.290583292643,8340.12744140625
9900.175776163736,9311.547988891602
11672.221333821615,12734.506484985352
26000.332901000977,947.4073791503906
11695.153330485025,1326.206069946289
11070.421356201172,11302.41119893392
9695.517130533854,1699.4485117594402
10926.171503702799,1959.5987497965496
12638.831344604492,1591.0229237874348
11134.95783996582,9375.104253133139
11686.564936319986,3866.9171752929688
9810.285024007162,5105.178120930989
12301.696512858072,13070.456024169922
11244.67475382487,3973.517105102539
11134.547510782877,11120.126032511393
11551.30039469401,5932.355855305989
8355.807907104492,8322.967997233072
13640.324279785156,13080.276870727539
14299.165766398111,14756.504079182943
17449.17273457845,1834.5950266520183
11244.274449666342,12949.80403137207
11341.612813313803,11591.60952758789
13427.413579305014,13306.994064331055
18236.46181233724,732.8715413411459
14716.987620035807,15725.814982096354
11076.66073099772,1091.2284749348958
13253.99631245931,1889.6766204833984
8015.606028238933,2319.418904622396
11047.642552693686,10438.388422648111
10271.937159220377,11654.299692789713
10921.974578857422,1974.6555786132812
6309.255116780599,2047.9752502441406
9666.343139648438,3650.161061604818
13070.587458292643,13507.172220865885
11501.479721069336,3599.0769958496094
12714.1984761556,5260.33772277832
9892.910781860352,4216.130956013997
10118.807133992514,10124.13161722819
8814.326034545898,4133.866734822591
9328.661499023438,8841.168533325195
13103.756561279297,2548.148381551107
14422.495361328125,6623.5578206380205
17834.171157836914,17598.45376586914
7446.691970825195,7728.159820556641
10699.299931844076,4387.809020996094
10728.881378173828,12699.817520141602
5561.658864339192,5590.779429117839
14199.2971089681,13772.139663696289
16398.293197631836,2690.2135213216147
15909.655212402344,738.0996704101562
12356.158106486002,14555.56396484375
6034.727060953776,7316.745025634766
17090.86962890625,15978.178619384766
14530.62831624349,1510.7138773600261
16267.179484049479,16130.282221476236
10465.88239034017,4369.0890553792315
9904.926396687826,9754.070292154947
9804.281433105469,801.2934315999349
11570.126607259115,6292.830535888672
14980.389343261719,13128.060465494791
13334.345250447592,12039.91561381022
16348.512842814127,1388.1981506347656
19065.278701782227,18749.33758544922
18674.26469930013,18151.376235961914
14050.542536417643,3066.0969746907554
11671.995071411133,3297.8996785481772
16260.887324015299,4378.173782348633
10816.609792073568,1924.8385569254558
11199.364247639975,6393.284322102864
10008.069844563803,2271.047063191732
9839.280242919922,1777.5377756754558
10338.341334025064,10951.281270345053
14442.239888509115,14242.61833190918
11998.9619140625,3279.095616658529
13355.987925211588,10766.564529418945
12283.586405436197,3489.7816874186196
12723.695810953775,2325.292984008789
8965.274663289389,8044.0161692301435
16078.272603352865,1191.7936909993489
10193.475448608398,4969.126795450847
16896.1912689209,15842.898635864258
12396.299748738607,12818.385386149088
18615.125513712566,16902.87920633952
10374.155614217123,9700.051401774088
12800.915903727213,8354.377578735352
12975.23616027832,2119.910110473633
16108.725733439127,15356.37767537435
14634.787846883139,13891.193074544271
12652.588083902994,12118.270833333334
12103.679880777994,4701.947392781575
4817.844106038411,5291.78547668457
12614.580780029297,3291.441202799479
13637.260330200195,13357.292561848959
13396.257685343424,13402.251744588217
10219.096252441406,9351.254063924154
6616.861429850261,2283.855397542318
10779.729115804037,10469.698115030924
14960.150548299154,14211.049977620443
11753.768920898438,1057.4799194335938
14093.533645629883,13796.8620707194
10508.051417032877,10308.875371297201
11989.128036499023,1744.279525756836
11239.383946736654,2014.3914642333984
9392.119822184244,9995.221338907877
13978.510859171549,13648.896153767904
12674.829391479492,13485.786361694336
18376.874471028645,2981.1434733072915
11160.343678792318,2860.3563232421875
13589.895233154297,13596.454366048178
10066.545537312826,1512.7546132405598
7818.626419067383,1325.3403879801433
13357.341171264648,12245.777369181314
11082.815587361654,10793.617151896158
15116.052357991537,13636.48991394043
11080.036987304688,11312.364100138346
21105.584889729816,2525.343007405599
12472.27262878418,2220.7093556722007
13363.033350626627,13006.892033894857
9346.956166585287,5960.615152994792
13741.971705118814,1355.1140543619792
13681.241139729818,1304.7004801432292
13288.910985310873,12872.25341796875
16293.429514567057,3765.3229777018228
19217.961029052734,17646.101231892902
17148.521413167316,14618.47354634603
12580.235193888346,4554.252939860026
11796.128784179688,1793.4514567057292
10431.931722005209,1525.4175771077473
21585.50830078125,1266.994873046875
11912.977869669596,11465.435241699219
14730.90096537272,14411.202540079752
12801.750971476236,1812.6590525309246
16553.651713053387,16174.33930460612
10776.117899576822,7665.705591837565
9298.548049926758,1937.7564290364583
18846.071538289387,1315.0061492919922
10348.605158487955,10547.231012980143
7346.480382283528,7739.093943277995
14018.945841471354,2483.2499338785806
13210.12277730306,13584.878087361654
11170.624165852865,1623.0951843261719
13066.505091349283,812.2822316487631
10068.524058024088,7636.474182128906
14030.498179117838,4294.604487101237
10233.354141235352,4536.490936279297
7830.406239827474,6674.614420572917
7099.252934773763,9049.389536539713
11659.808278401693,11308.278350830078
12962.782196044922,13478.354288736979
6592.811803181966,6323.725006103516
8991.515446980795,1343.7142384847004
13162.70768737793,3063.156494140625
16266.801244099936,3780.2345072428384
13939.611974080404,3860.682200113932
13050.492736816406,2449.223866780599
8348.068176269531,4221.966466267903
15645.006088256836,1814.453389485677
11704.99469502767,9228.078079223633
13410.212310791016,2655.8566538492837
11635.666142781576,10361.459233601889
9896.041198730469,9355.254287719727
11076.683664957682,10763.58600362142
15627.684936523438,15418.161743164062
9410.448669433594,4509.9830983479815
9752.658025105795,3368.373280843099
14192.310760498047,2254.317408243815
8508.871032714844,8410.601003011068
16475.90528869629,3011.6762034098306
17512.03714497884,2630.7100982666016
21431.78921000163,1302.530797322591
12005.657994588217,11622.738077799479
10332.13784790039,6606.545389811198
9062.825149536133,2213.180145263672
17489.951817830402,15362.416717529297
8613.671101888021,8124.985076904297
10859.873774210611,862.9052429199219
10488.082422892252,4761.873301188151
7329.173431396484,7981.144668579102
13731.808217366537,1672.2586161295574
11462.393702189127,10861.398701985678
13405.16608174642,12578.18234761556
16514.809967041016,16194.173517862955
14636.942392985025,3382.8863830566406
13616.1560160319,2284.861333211263
10610.86262512207,9015.858571370443
12195.900502522787,12447.822291056314
13759.252070109049,13984.92399597168
13069.664118448893,13114.484319051107
22482.42153422038,550.1269938151041
11730.33962504069,1252.6593831380208
10025.202718098959,1867.856928507487
16711.26616414388,865.7435048421224
10206.617772420248,9841.531158447266
11762.727518717447,12882.28362528483
11799.840235392252,7838.126383463542
17995.43408203125,857.7477162679037
10704.36441040039,2247.8009440104165
12365.323364257812,1094.5809733072917
12080.205729166666,3416.3882802327475
12926.262634277344,2172.6375172932944
9525.988622029623,1695.778060913086
9337.749954223633,4509.149642944336
13103.43505859375,13583.879414876303
7805.522776285808,8764.19204711914
14502.68645731608,15414.365849812826
15831.277135213217,16175.245300292969
13544.660700480143,1823.6061096191406
8982.795033772787,2500.9161173502603
16529.852905273438,16099.690872192383
9017.611511230469,3873.6395009358725
9022.964686075846,2539.3707224527993
13452.424392700195,12584.171803792318
11190.917755126953,3211.423182169596
18186.572504679363,17606.732991536457
11873.379786173502,4310.710601806641
17468.42645263672,17102.24848429362
9336.156392415365,9934.090194702148
12133.753346761068,3905.4883168538413
13605.805541992188,3485.9334513346353
17210.61903889974,1535.458724975586
13404.426900227865,1188.5000101725261
14041.907465616861,13503.023818969727
11842.084833780924,11735.977330525717
16507.539204915363,1858.3567504882812
11197.291849772135,2549.6822662353516
15901.3366800944,3135.368077596029
8905.159647623697,3355.2422078450522
10973.113749186197,1036.5240020751953
4800.016362508138,1950.3573252360027
16461.0035349528,1038.9674072265625
9468.628682454428,2891.8577016194663
11684.845036824545,10875.786214192709
6617.818918863933,3860.099207560221
11507.421040852865,11478.48649597168
8597.50188700358,8011.097162882487
21612.618815104168,906.8336283365885
20658.99680074056,1054.7780303955078
14230.16397603353,13803.227869669596
12407.690943400064,12055.847351074219
9877.520360310873,10216.077875773111
8908.28345743815,8534.100224812826
16149.132298787436,14614.347640991211
16332.529576619467,16406.061645507812
9753.151896158854,9577.295766194662
11610.440770467123,8723.491129557291
10437.935877482096,10500.823115030924
13679.54035949707,13729.811513264975
12038.733561197916,3834.3846689860025
10881.939666748047,10897.591588338217
8818.796839396158,2710.4942169189453
17461.060780843098,1298.2106475830078
7259.218297322591,8103.03032430013
10825.67930094401,11647.984725952148
13988.365315755209,1005.6350758870443
13685.75674947103,13558.72482808431
11296.43276977539,10943.176091512045
12954.6599222819,2758.522933959961
15032.970021565756,1278.2979787190754
12059.85311381022,1390.5696055094402
11593.783162434896,8927.891886393229
14792.304407755533,3599.783696492513
12178.456293741861,3264.9388682047525
18037.68800354004,1599.9512481689453
14549.86952718099,2229.054458618164
17996.49334716797,17683.051686604816
13031.578821818033,1981.3595428466797
17707.165110270184,484.51573181152344
8960.071014404297,1974.700703938802
9184.747751871744,3938.2231953938804
13764.083196004232,990.7166442871094
12353.820119222006,10407.545389811197
21039.70068359375,20676.440556844074
11697.473490397135,11617.360951741537
14746.21224975586,9874.065790812174
11940.83876546224,1659.7366333007812
18728.20182800293,18514.391001383465
12530.762954711914,1748.1680603027344
10969.29557800293,3852.1363220214844
8305.474202473959,3438.283289591471
11811.463684082031,11820.577138264975
11821.39291381836,1175.8112233479817
10350.993967692057,2161.935287475586
7845.091410319011,10396.193450927734
10822.002583821615,5508.816045125325
20345.939254760742,20483.263422648113
11685.358647664389,11443.127833048502
17474.316060384113,17312.5350189209
15970.24203491211,15793.773585001627
13367.01227315267,1204.4455973307292
14279.774210611979,738.3175048828125
7208.562515258789,7130.6826171875
15986.150700887045,5778.742431640625
9808.229553222656,2123.7908833821616
11920.49262491862,6603.756317138672
10619.40298461914,4188.779657999675
15483.32834370931,16505.27862040202
11562.176600138346,11919.458892822266
18173.069529215496,2955.7323455810547
12352.99146525065,4179.014572143555
12279.116511027018,1244.3040059407551
11590.690928141275,11439.51602681478
15663.742111206055,1671.0035196940105
8714.393310546875,2742.13058980306
11973.233561197916,10195.378875732422
11039.232243855795,3019.639073689779
10568.753260294596,2121.312271118164
14542.912216186523,14393.984436035156
19360.5375773112,19201.632298787434
9741.741460164389,3642.6428883870444
12514.776499430338,3507.2342936197915
11810.171625773111,1201.009516398112
15452.233612060547,1457.478739420573
8689.073506673178,7723.026662190755
11103.322525024414,12311.200586954752
7411.829528808594,7880.562423706055
17458.79916381836,2056.085215250651
15501.101135253906,15090.14985148112
16427.308008829754,16240.26821899414
11573.40463256836,1853.953577677409
12873.498087565104,4813.8628336588545
13638.068634033203,1366.2033386230469
15875.187662760416,15560.684549967447
15352.077362060547,15818.024337768555
9306.074559529623,8967.930643717447
10823.041219075521,10746.045160929361
15498.870432535807,1652.7581532796223
9697.699717203775,10103.170588175455
8314.10237121582,1825.093282063802
12879.699396769205,13086.053400675455
14359.24653116862,14206.039881388346
14211.348139444986,13919.23551940918
9132.379552205404,8310.631851196289
15717.592885335287,15956.864400227865
22731.840087890625,21728.08076985677
19575.78876241048,17940.619893391926
11860.664326985678,1789.5657653808594
9532.90200805664,3355.7967122395835
12132.988845825195,12437.202372233072
10983.445454915365,4092.834721883138
14093.006022135416,3069.8870137532554
10647.669596354166,9569.689727783203
16238.136555989584,16663.749572753906
12816.46785990397,12996.876815795898
7915.521169026692,2233.369700113932
12922.274993896484,2886.9789428710938
14177.705805460611,4101.133224487305
11834.997355143229,6113.18424987793
12457.330551147461,12940.066177368164
12371.569071451822,11700.21127319336
14528.843571980795,15228.444544474283
12791.639841715494,4088.5804443359375
13396.5615234375,1040.721186319987
12623.938669840494,3104.3945668538413
11381.590840657553,12192.658991495768
6212.896774291992,2159.9668782552085
13898.20719909668,14243.140823364258
9127.290262858072,1768.6591898600261
10240.241943359375,10029.999755859375
9050.438115437826,9655.318181355795
11422.895299275717,1542.1326700846355
13411.73952738444,1958.9357299804688
14622.005249023438,10156.076568603516
7850.668558756511,1590.6824798583984
12999.417027791342,2100.753219604492
11106.508229573568,3598.087656656901
15005.12897237142,14704.91384379069
11214.598993937174,7260.190099080403
17078.200113932293,1141.9340108235676
8335.295552571615,5157.606913248698
22171.638717651367,22145.335866292316
10717.055775960287,3203.807332356771
10866.954447428385,793.4858856201172
7589.841272989909,8711.16463724772
14747.811492919922,2182.484873453776
9869.832051595053,12329.832138061523
13097.907089233398,2049.161448160807
14559.811243693033,4552.553705851237
10097.744043986002,10223.526087443033
11985.331446329752,1486.4647216796875
11968.741994222006,11414.096272786459
11955.192677815756,12886.523106892904
20018.157251993816,2053.91259765625
15189.525797526041,15135.89045715332
11348.360387166342,896.4176432291666
17098.789103190105,1261.4673716227214
6491.4845631917315,7383.6842854817705
13049.751368204752,13417.98772684733
10038.987920125326,10176.344706217447
18412.160517374676,2842.433308919271
9478.917104085287,12949.962498982748
19122.646372477215,19268.094446818035
6026.578262329102,665.4269358317057
6300.7590738932295,643.9453277587891
9415.343872070312,9337.685455322266
10462.354131062826,3144.9761912027993
13879.268590291342,12046.942352294922
10062.226440429688,9512.023493448893
22801.105341593426,22457.3701171875
13323.504877726236,1077.5933125813801
11254.269373575846,3977.6917724609375
14139.548212687174,13858.501754760742
10858.799524943033,10995.274739583334
14667.258514404297,439.90220642089844
13206.048522949219,14324.933822631836
14822.112269083658,14956.552831013998
13307.382110595703,2335.4608459472656
9908.711995442709,2874.480758666992
14079.519505818686,2492.313878377279
12257.087600708008,11944.55337524414
12403.196365356445,10231.846079508463
9332.510182698568,3404.508875528971
10781.958679199219,3206.236323038737
9607.100494384766,9499.890731811523
12808.657506306967,2155.9134674072266
12657.211268107096,11949.796513875326
9124.192850748697,1563.1713002522786
19742.792490641277,2105.0928802490234
5203.978037516276,5940.335662841797
13681.09122212728,13694.675664265951
6908.136856079102,7165.711558024089
8249.137069702148,1729.102523803711
13160.477905273438,12580.192204793295
20796.604161580402,1552.3200276692708
9145.04443359375,4351.620676676433
12263.9138285319,11298.970555623373
8867.152486165365,8900.44546508789
11256.381881713867,10191.191034952799
11569.636240641275,10883.478302001953
15487.354939778646,4586.634994506836
12830.81517537435,5736.578252156575
8757.35228474935,8422.859705607096
13398.576166788736,10277.53621927897
13142.308115641275,13599.139216105143
7567.400680541992,7559.442311604817
11485.823689778646,3768.2060190836587
14577.375061035156,15255.11050415039
11130.666539510092,10918.5769144694
14563.433609008789,2302.123708089193
10951.356541951498,4936.03364054362
12715.913823445639,11120.927174886068
10899.617543538412,11748.73691813151
8945.546310424805,3223.040781656901
19483.34734090169,19300.473943074543
11264.012852986654,1919.4546152750652
7801.544876098633,8566.850865681967
13412.494888305664,14789.263956705729
16710.880630493164,6569.864735921224
9427.464502970377,6486.4069264729815
10849.84455871582,4444.881083170573
11576.03409322103,3968.885248819987
16192.538803100586,1764.6880950927734
11494.789688110352,11290.110280354818
6930.892939249675,1787.3852844238281
11147.503601074219,3079.8912099202475
12484.358189900717,1006.9363911946615
17232.253143310547,1971.6243947347004
8014.371805826823,3708.756520589193
10980.680028279623,4829.882013956706
11656.511642456055,2643.7628428141275
17432.08139546712,15731.336201985678
11689.534861246744,12983.431401570639
14476.209569295248,3482.9108378092446
10914.76961771647,11571.954137166342
11986.303141276041,2108.999501546224
12240.01774597168,12691.110717773438
12736.49422709147,379.91334025065106
11391.36235555013,11290.582763671875
12530.752812703451,1304.607442220052
10662.927047729492,2362.005396525065
14987.866877237955,15725.217870076498
9962.66298421224,5935.809565226237
10519.72543334961,9386.19896443685
14183.34282430013,5054.459874471028
20180.705291748047,20433.15934753418
12568.09396870931,3325.072219848633
11807.209630330404,12069.793360392252
9252.98715209961,8835.634913126627
7975.508850097656,7108.557291666667
13277.039647420248,12847.904586791992
11907.461858113607,1526.7281290690105
7912.291188557942,1281.538782755534
12422.690032958984,11506.584284464518
9837.255187988281,5371.5382741292315
11694.61653137207,11775.50868733724
9260.690485636393,9442.97092183431
11621.757329305014,11937.09548441569
7841.865651448567,7451.724578857422
6559.805491129558,8653.987055460611
9697.175216674805,10285.844665527344
8863.372797648111,2705.374008178711
13122.340927124023,11057.545873006186
11171.606486002604,3440.7965545654297
14981.980611165365,14294.554672241211
15541.152369181314,16124.310546875
11767.756551106771,10714.103810628256
11301.543497721354,1649.407506306966
9677.986612955729,9656.979944864908
11901.529317220053,11448.600392659506
9929.110916137695,3656.269068400065
7932.838979085286,2500.5845642089844
12802.704294840494,12450.766784667969
15813.161356608072,1210.6182250976562
13804.749928792318,13658.20469156901
14203.001958211264,14575.635630289713
12079.523880004883,12006.884394327799
9782.411382039389,10576.545389811197
10297.346466064453,2899.908650716146
8490.006210327148,1828.1342671712239
12107.525283813477,11503.876352945963
14459.906000773111,12281.218078613281
11347.07958984375,10757.329549153646
13659.872838338217,11041.557825724283
10825.763514200846,10025.201400756836
