psnr_gaussian_otsu,psnr_gaussian_kmeans
30.713044068753284,30.75022919602209
30.467695831293394,29.90851912548483
28.922200455651907,33.34062904136982
30.256916160270883,30.335119262046653
31.77377084949365,32.13671436444369
30.68650922762545,30.82368891887353
31.10727372010231,29.738641657149742
31.100225366305594,30.218586304623265
30.110515637510638,33.27793633688786
31.249599528764712,29.943932326418164
30.877787566995462,30.853856719448252
28.27640126268428,32.96481567907201
30.995126443231594,31.562698567718833
29.46022141549004,30.548155528036865
31.519355953395344,30.822906701377786
28.79527103445951,33.62142923619125
29.14797403512698,33.70721549883918
30.08985095626747,30.117831115799873
29.403863303211587,34.38134709430214
30.440960274796304,31.431949498860938
30.334760760255534,29.257730402097103
31.19267799521201,33.598664289282716
29.87127000684695,32.47252495106928
32.21991173044537,32.434839951504976
29.60790203471379,29.604275213677575
32.63972105957044,32.23597339749239
30.58319033891344,32.02927813279668
29.51225775382667,31.357426383630415
30.561594590466825,30.850204460864084
30.39771971007946,31.242924815408077
30.011160818267353,31.160671040197006
31.163224869867797,30.353382508233523
29.537986866643603,31.00935574639909
30.401416577170565,32.83997329505526
29.745342881667504,31.28421164793364
30.491660263603066,31.771699468336678
32.37037618472106,29.62023445369667
30.30085407934456,31.914437441455135
31.19022251499283,30.74820157176727
31.682672553150656,32.46373132575947
31.293077574008244,32.85835693569429
31.60385193388308,31.208885690987653
30.572006223117917,33.97487508582705
32.25852753889613,31.61546934878045
29.50329537839041,32.532926817180304
33.157071964639556,29.837773734370494
32.011915600209555,31.86789835796918
31.574384437791494,31.73328616854161
30.726988757434704,30.91289597192028
29.72249771861457,30.874336574628785
28.819351179686777,29.69568041111379
30.831829052190898,32.39137813069951
31.564917594772645,30.60180216733608
29.882312344465358,30.208858814874926
30.43029208716883,30.806108902286006
29.08940962384368,29.104848494656466
29.89871012802697,33.56638473632727
32.600364540614855,34.5000007494201
30.988827906616727,32.469011721848304
29.74497448433778,31.881238724071245
30.21361064427683,30.73149471887763
30.342601343109376,30.46297493099576
31.439215212913403,30.715586043212237
29.62972398896527,30.205191151956203
30.476962343740418,31.1900875798066
30.748804552823866,31.53545821843511
31.33405180054234,31.297287887428553
29.682998610101578,33.07220513986691
29.883759064150613,29.534115526126236
29.936131758978707,30.090669497931664
31.473476524719253,30.60559106346856
29.605680596418765,29.670666100529584
30.609545485366368,30.716727372294944
29.24400683931211,29.293719197909304
29.11102144974027,33.19939988055667
31.059041603919574,34.339221243368854
29.825424517337005,29.682314971866308
29.61892454918089,34.045818544469164
31.01584853764416,30.823999791927776
29.2449802732844,29.119140830364266
30.88979907868648,30.636128010845876
30.2836776437547,31.79463931790517
32.00841537292108,31.19506418888447
31.80393183936612,31.429244982174982
30.695213245110402,29.994966510077177
30.79395313353735,31.38072203668461
31.082934646625503,31.416151421663976
30.709572681419512,30.684884981449578
29.837740682209485,29.712306243137377
29.987529052145106,33.332906062256505
31.13860421091971,31.933413329930946
31.17602728174472,30.017847457099982
30.824523439520263,30.691098827096262
30.962038790434676,31.381589992776384
31.560458778025286,33.01422641833439
29.52610691205281,29.449387448796458
31.231204306977464,32.208495302782495
29.243150340788247,33.04548176114641
28.55860787222025,29.071271120375826
31.876577178730564,30.927243173932503
31.823533013764358,30.205175481783847
30.835400002023242,31.038726428486893
31.400719196329764,32.317712118984815
31.013598680315525,30.834841281432826
32.04805533096269,31.978995928863192
29.332710473704132,29.704186558498968
30.194093745680448,31.360781214405336
30.884046495850697,31.097699119584682
31.17409353929098,31.11551435772131
30.36153037767795,31.39190902520134
30.908203361422125,30.953896563042953
29.962116032366826,30.959102711609596
29.944198265694077,29.965835402479627
29.222905353298316,32.14722932389494
30.955025245747095,30.67374486878957
30.37809707154205,30.619565446429075
31.385119630916023,31.503149420377795
29.532581804594606,30.001480417733806
31.164626940638684,30.075356442363713
30.496095236776576,31.011494061465157
32.489125017125076,32.60311151819579
31.00905231786015,32.65249240542004
33.736949770706865,29.522160934112094
28.648747163910038,28.950216769966488
30.31073678376299,30.944142535473112
31.156900972216537,31.16588372637869
30.36749142804046,30.6076625736393
30.33911946273779,33.5576288677713
30.56837234115243,31.19474884636457
29.946165313441536,29.996605697086615
28.854612582874903,33.46018156497869
31.23854229531823,33.04221309991099
30.110188096409072,30.07594720090525
30.643827237721872,32.2345024714793
29.68596586805699,28.961855183724268
30.4092553549513,29.106623547931953
29.829023372359288,32.429672241358965
30.148432255612963,29.917272314970656
28.80966208075168,31.34856495319962
29.571208613197637,34.44628882304498
29.164323998568747,33.27630574068937
29.88893052011302,29.877338645447598
30.78589868045967,31.13245668440286
29.159453020789485,29.63948785245213
31.533166186370263,31.704198078442623
29.118306940718973,29.39120395497662
31.647583253902212,31.408303010185588
29.08350632416311,32.680062709860245
29.609098712373548,29.484953410672418
32.129704270627684,30.08728430259891
28.40790078152149,31.542214631680082
30.073625419169915,33.13928281995571
31.144887795480717,31.677217955070308
29.694609407692457,34.32827795612038
29.89492542237285,33.24562521464002
30.379737312894434,34.49490451771222
30.888480886821,31.3190723769239
29.4989244836146,31.738189171178156
30.56462079217205,30.0680268697249
30.430843500014156,30.468342447732134
29.281356846939698,34.449856344089326
31.756745281279137,31.91864468019011
31.157471661797032,29.30904221786461
32.01846275471453,33.79880114208075
29.966056845882747,29.476365720972304
30.193513335300047,30.796571081492722
29.920492146951247,30.538441838496052
29.306426083157184,33.480375008822115
30.363076102961717,33.26164202189234
32.97160212784297,29.62858648203649
30.801171508756973,31.71206425413687
34.735422691715975,32.146758159458855
30.24701623344498,31.649098136721147
30.641926256819314,30.587830281273828
30.114338195466726,33.37979896127815
31.272460845400225,31.496677373982255
30.144416979242024,31.701886141748904
31.99756943182895,29.637465509946544
30.52181177733233,31.30769659659762
29.546365054621457,31.042568861601584
29.439616697839355,30.210827532734335
31.807563049491407,31.742591794714713
28.619284224544987,32.151292034758676
30.932270502712285,31.12615670597026
29.573993884296982,29.797901231117912
29.322438660128675,29.409644734977256
30.36739900350097,30.530213073935283
32.944908551795734,31.669330266650597
30.643287110660214,33.54020675550355
30.164896479651837,31.18759694673487
30.514529499057478,32.02975894805225
30.495575838279166,31.325407049043605
31.274106805462555,32.373922569330645
29.91846667846727,30.279435790652464
30.43600278832969,32.454761170247586
28.22305525637394,29.92948376471255
29.05545295428441,33.030303388441126
29.325793873854728,30.31004534919905
30.82961905355175,31.231525465349094
30.054913720523416,30.57703188372901
30.61434790838536,33.6422704975415
29.09022971771463,30.319372015094373
33.16439954588109,33.906672618340664
29.77594123704879,29.786451166156063
30.8130378248173,30.432683549808726
29.741533240958336,32.82823664128629
31.375046547810097,30.15415027404282
30.391451617186913,30.85781666403925
30.174944613067094,31.772863285134395
30.12233128655259,29.95412108097868
29.400468263292602,30.205302981645904
30.25580408368296,32.15176313381279
30.76718189650208,30.700838269671976
31.569671598049865,30.279487597238255
31.57283927280357,30.59905449501878
32.2011936573452,31.79937048780886
30.36834922160118,31.0211591823209
30.797997603176288,31.26767589376126
30.05098394389711,31.844966723291588
31.084734453497113,30.72447221188673
31.026386401486473,31.416548686584047
31.958485806684102,31.190717164259652
30.44457748789904,31.95293689222426
30.594516686126212,30.480646487617395
31.31760023177045,30.525267340045666
31.043270285803835,30.96043192287634
30.455206927252192,29.88453139640515
30.48151971569844,30.510009195974614
31.630947401685425,31.31580708861504
31.36024543822129,31.17450087602764
32.34196267023125,29.704889517990075
30.637025596876217,30.997121852828574
29.451700109077656,29.473352256215808
31.053524693955794,30.498576564360604
30.108440698829753,33.13582113419016
29.368027362495702,29.837699449173147
29.87988756593715,33.83956168257678
29.99516365491319,32.778033974480024
28.987327858990135,32.76772113820832
30.109005321199746,31.85346549350955
29.146739631511135,29.40081566748765
31.307761784053,29.84263645086085
31.457791147412934,30.690870605962438
30.430779727601475,32.03233902165181
30.735447209084516,32.49113750052216
29.903412346359957,29.913760795994424
30.399825860766946,30.269214458361358
29.777296147233034,32.3360222798283
31.39437823076863,30.614126815407552
31.602862246715006,32.881632952714305
30.469757091325768,31.895139935609556
30.116493069685536,31.003158097579515
29.964424766373725,30.483312641534482
29.86609613852552,31.652994770678685
30.144581340150886,30.23608560032855
31.10387294610945,33.28813982758178
28.389205163254104,29.52999123780325
29.8189482841722,34.98691330270464
30.346084177836335,32.2893608492811
31.1789052228378,29.230036005634652
31.06918822663387,30.680061970055192
30.42691536701829,30.373141561883497
31.24970008771249,31.576393583813577
29.90302597547222,33.3493874648526
29.58925448937159,29.879370459423914
32.25247242318075,31.51896941432161
29.568402367049245,34.2641621465268
30.497612662659492,34.935877562195515
33.993311276181196,29.458241250332037
30.012650088337463,34.294960453188985
31.713663797755896,31.499043293181487
29.3040372537002,30.939204351210883
30.152397064393487,33.05918292236311
30.31332142496696,32.6740064162123
30.34916151586623,29.94353260974222
30.628967343052018,31.024417070459485
31.01309677314619,29.663191199368217
29.63888761544659,31.302655337854976
30.40606391122796,32.434668567345554
30.184499586779015,32.23063996887284
30.398017175432205,33.501068215758906
29.276734516295036,34.65125046555836
31.380339705472366,31.729814657126376
30.229620841136406,32.993708262468104
29.293131118044965,33.69316890146793
29.463235986841454,30.376586003091532
29.418875404826473,32.25196288587169
30.434723374015874,31.542858140462393
31.61775939054314,29.730806275709575
28.793424491382545,30.254660232016466
29.972441426378886,31.566487716537573
30.842459574661653,31.558615055067687
29.867255751382253,30.218819946575245
29.25808976852214,29.459872226592072
28.564456212941714,32.68819109160129
30.267654083920608,32.53080118680957
29.91130741652608,31.985371799422943
29.98694748898604,32.952158649483856
30.59448980780248,33.59491370513895
30.43839702274201,30.149477792189625
29.827956201910595,32.20469761497641
29.96145469542235,29.468447770814585
30.909231858086486,29.726520664510012
31.243694642681447,33.69296695173911
29.61659950047054,29.78978643751632
29.768032536048867,29.80185510682231
30.725407917089377,33.89501856898012
29.632418451951455,29.91382640271826
31.647234275165292,31.594962176747465
30.41512159080723,31.030641707790938
30.199885757241066,30.363500479751014
30.20889624142678,30.120273746455403
29.866722027460774,33.848760403756266
32.75490671550466,32.647622969155655
29.727793236895494,29.60641153798152
30.960393782360732,31.044083716925925
31.805248465037916,31.346852088476986
30.763998701384295,30.232578017077035
30.546363375189106,31.933875163337824
29.93684884500783,32.835211527429436
31.152742568580813,31.267126921784516
28.87182001248126,29.47823668022358
31.4382126650524,31.01623400111583
30.558836686350787,33.39647596648311
31.60168857549663,29.686582761294595
30.04187365975077,29.8827372167193
30.18373759009172,32.58071275440712
30.193219252427944,31.533193747411282
30.30364085793802,31.239986072068643
29.87963941321079,33.39620938407844
33.25462659064657,32.827389099053896
30.01889102128306,29.798751847434083
29.66935506475506,29.74538132492862
31.89641353795842,31.678370721977647
30.110388102613133,30.606180423362744
30.645361706856804,30.636206670040384
30.53357085027293,29.94429585909675
30.778174468209464,30.363507497644378
32.26042563980077,30.753296449242615
29.899381893802286,30.58591477128211
30.942009688631437,31.38354784959305
31.754900804232363,30.817514262288086
31.013177846530084,33.256611456088024
30.427224959088747,31.8638224103682
31.610759977299455,31.73066216046291
32.366985017205124,32.71276181089917
31.62485306744803,31.718281790415105
31.43330026264101,31.712536395868227
28.94285264160299,33.95856426354364
30.63359594599753,30.404267913299236
30.626917829884306,29.51731898966692
30.73863853150855,33.667176431234964
30.33486129922535,31.110520983767064
28.906630122388375,35.090071981471674
29.84721764125623,32.339194327954914
30.112360782591765,30.702553556000908
31.623037589723246,30.483592485218335
31.11703422718993,30.890633890307434
29.836444973934995,30.067034910770396
30.021235605451935,31.645814821400194
30.17506521593505,31.69115212499628
29.787581616741477,32.23580741027025
30.733791688645567,31.337919268838274
33.695690087954596,29.295714701454155
33.367490032359754,32.41870063394535
31.86794797361937,31.305668011359224
30.583339147507452,34.855510859602425
29.073329974805667,31.751456214092713
31.304942173272693,30.477009357289255
31.150056769441775,30.812349267920446
30.808034040130536,32.53676203336836
28.795660517247896,33.24360736647907
31.34965501489725,33.528650114853306
30.224460103177474,29.800146985368123
30.197701915103504,33.192670540811605
28.807247180721617,28.996818523008436
31.00007905201211,30.75698535284574
31.180151437233373,30.87162608368599
31.431063391706825,31.774553367186932
29.789672836335605,29.64781938801975
30.122938604382323,29.557797417796557
31.214626579055217,29.83524220901557
32.16571519801787,31.223249689080987
30.27265627410778,32.60117880550057
31.28073521342594,30.25029474960124
30.621498603220154,30.528297482590645
29.2744067985085,29.496758383137667
30.619449476545203,30.90602572905549
30.818513298950492,31.08654155062419
30.351120120752157,30.524628675860548
30.17465426036917,30.761863427253807
30.585307552899785,32.118425954479896
30.326055358356957,30.186761554983754
30.22100478553512,29.9357371108812
29.59511493198372,30.642505995379217
29.782426305435948,33.996442611684195
31.11971638087267,30.810811980428706
32.31757425715423,30.009299267691347
30.181256179766052,32.852408648604914
29.644283973602825,33.38002828861167
31.897898915447183,31.331344774206062
30.446643615060086,30.51102858623166
30.998909099418842,30.921756661895326
30.340011713315732,31.145762058133478
31.03378732995298,32.667389077753185
28.90735090674376,34.86195280766944
29.453532612739505,29.820935680026462
30.4238689739796,30.372607790246708
30.484870806560565,30.61433264673851
29.25158368612746,29.79290369979475
31.696939073062453,30.30220135747208
29.905914123921534,30.15819957742199
32.14400181377747,29.697257312522538
31.82665605154866,30.739273613890962
30.25137626022723,30.915618928946262
30.140014913653914,32.4690842978329
31.231873714466396,32.51894099260162
29.233508486080126,32.71888386523321
30.650265869153984,30.882563959811698
30.522291413863382,31.499587353876173
29.659487463830892,32.71235643349691
31.091639757613212,33.33197384703979
29.949180006306545,32.136276561649844
31.973235083849335,31.935059399217103
29.551500838993814,29.805150914670055
28.587516869304082,28.95830853486029
30.352966119816607,30.946333877923195
31.92437902065764,32.089652413069366
30.49675790274835,31.162270725789035
30.938578143597965,31.10136121231085
30.836944783546194,31.233979141224243
30.278567850539826,32.26628119866718
29.176240863043773,31.80188666274683
29.51353253227351,32.96418171546579
30.838882817826317,29.55761210296478
31.64732759816887,31.868538182195813
29.867308797898634,30.800560396557483
30.72413667560559,32.169098272586574
30.66689862470057,30.87438726188556
31.83125393444717,30.65307022838403
31.343557060157664,29.886621516705866
29.94039751841655,33.31644104062617
31.191460361160637,31.24008188894839
31.10177229106568,31.8186985206183
29.45513155644582,29.414296504258274
29.90392235540657,32.98453485519968
29.315553185761296,29.6636976565664
30.008252900206955,31.693687638378258
29.792838599052914,32.25479719670488
29.32582063294334,30.64725512349802
32.08901818989986,32.104770903477004
31.292685496670686,31.467790528973374
30.107602782678985,30.2704225254651
29.919248876195027,33.06312661515743
30.601186481452757,29.866530957062945
30.29142028575471,31.13340165403521
29.91956132787643,30.12666788763992
31.20971683039224,29.99064209449948
30.887544805022472,31.069959154508897
31.24490348352097,31.016277357165663
28.97597635393697,33.48736542754068
31.964556051797096,31.19509281685684
29.620694212118632,31.81701646794417
30.368058957831803,31.133546746909133
32.303390948425886,30.05516796486006
29.57545080575001,33.12224451979307
31.265267664029505,34.42458838945127
30.43978578001414,33.90496254603859
31.62560673581659,30.20524884716901
30.143224495356343,33.663781617034715
29.75304601601392,29.472107866824942
29.44229341944026,34.083130217583616
32.24124223960216,30.280783687560685
28.713563815396547,28.855194027394965
33.7647424357513,32.1957732009817
29.496227160524867,29.713456989229027
30.500850009804438,32.05147052864963
30.327093269181592,32.221852519492586
30.97929653353055,30.84822667868177
30.77972585446271,31.938915042673063
30.199096872714414,30.310358396699254
32.45462666021599,33.76567613213528
30.62529492177537,31.02346412821433
30.18831796263656,30.088539530199093
30.221484854089418,31.51911159115306
29.830019917868242,29.962817213387225
32.38320108478484,32.21525703283316
31.240058386499197,30.465910852447557
30.037717155614885,32.04233323247769
28.817329303256244,29.453737803054096
28.913641517432197,35.07150198641441
31.941153267737246,31.601220472827016
30.440350806198996,30.469688959885044
31.07286853199374,31.40637012410855
29.730380365621798,30.077023839450714
31.57638186313438,31.903075678501022
30.730616786686355,30.80395977790441
29.375515849226026,31.10711328359434
30.10140805717561,32.514832327772346
29.85997443206557,31.886595492193432
30.05818941668732,32.346428695127734
28.702989099970125,28.88250819956366
33.538328126948514,29.104525911014107
29.684996460868348,32.41736150591319
29.868350420082766,29.957561113094723
30.41979933709794,30.45433520161974
30.153717360414248,30.306485930033418
31.069336404513408,30.99455234531222
30.32879093811818,31.575741669085073
30.402765230835335,30.22507650636044
30.023503240614705,28.986427705687632
30.243562691824376,32.09305153663332
31.211251176095715,31.280870713493183
30.051747062936904,30.365092724014918
30.35734129709766,30.756567637206093
29.26488438057089,29.912132601463803
30.536203211158906,31.428271164171147
31.027673961174038,33.391392928543624
30.17024017875888,29.61774475959618
32.94280758970581,32.55517590338999
30.251680787350843,31.563554002992692
30.392971586465674,31.740270998550557
29.714193893956246,33.50662102166868
29.577385601233445,29.655015267896175
28.623106477237258,30.893491895503683
29.65681319884223,29.494942935116654
30.79968758661325,30.891879317165976
29.321778098962426,35.909947012310035
30.740854675663414,33.64916378443729
29.63992370151483,34.48036542031605
31.180800983270487,30.449179718935365
30.560939738875604,30.87178012846563
30.970130902339577,32.03482402163043
28.068208107210392,34.6308212272637
30.392767430506904,31.115987832266146
29.98261446777938,29.947524384835518
30.111791889640457,31.158815983103636
30.67236809361916,31.304721050758104
31.241011241575848,31.41863727851892
30.72969080879244,30.47557415688361
29.147276674001134,33.22332329510989
29.945578191935496,32.072340189063176
31.09730242147679,31.032800873388993
30.880797317935944,31.03268625382342
30.14677165661739,32.12741721098323
29.019967510107616,32.98424106938774
32.481020641322125,30.101976634789214
31.83457273399517,32.2350980569215
30.951742850048753,30.827129884724407
29.1432234212083,33.29695694892726
30.637323784380193,29.48186554194775
30.000662204728634,30.67991139929484
32.3898942651561,32.16872435976366
31.067900030848072,32.55820360897723
29.49645857924489,34.08953225969754
32.34499741195655,30.524727957824783
30.933075617787228,30.930889269596435
31.358033331425514,31.03669240763878
31.514211344583266,31.390661846973906
29.492221185226004,29.75147150864722
29.209022514351062,33.225852201105674
29.341258120670545,29.85170813231693
30.613256640170853,34.994537023340264
29.100764204553663,33.41560487862654
31.126965556052284,31.12804543177883
31.193307955329534,30.98249419312049
30.381535061629606,31.063250933338914
30.920027750049943,30.63042076345834
29.51223376801428,32.13137818097955
30.107037994428268,32.393480797961914
33.25597513639369,29.94924044238727
31.507472366524603,30.573917157832035
32.504490861624866,29.9950038345745
29.19397270009659,30.118345294796217
30.746556109726427,32.57569318555434
31.521530274162217,34.34675916342868
29.857414814697346,31.95294168557494
31.490410778304735,31.843423513655516
30.099321128706606,30.671320830977553
30.161279137862543,30.162415228597915
32.028722036332105,32.584676043015705
28.897274484941274,29.055051760629077
30.179945544243072,30.32890526337066
30.738620410672716,30.013966398686872
29.399957268612233,30.327419269780993
29.806083519538937,30.4810119241594
30.31149840136541,30.062661952442507
31.26205392145305,30.62688250869719
31.515884118891734,30.399431065918975
31.01825287750929,31.138376385858038
31.038072763298015,29.65834150748013
32.288906234857635,32.29322526646279
29.73648598123356,31.901640637100922
29.090390614226425,29.15853411073481
32.3500104270701,30.66927184527945
30.006467441365267,35.54756158468267
29.564190403026743,33.77755197776887
30.537071537014032,31.487672970393376
31.341928990808192,31.3423940250982
30.952672568014417,30.534603470777483
30.94833826248295,30.311371759952287
29.74235752052838,29.954617245879575
30.427728749293234,29.73849995919813
30.806070866297972,30.66941174332586
31.120669135246875,32.54571409296987
29.514803431857686,31.957532948530705
30.547309644548516,33.02516752364136
31.39885390704373,32.65284405159959
30.178282410509066,30.747609165891774
28.6873089794297,32.86782095362486
30.99150884390641,32.864077541376446
31.228800433094463,32.59551550092381
29.70021308967588,30.460102175126153
31.07157272270047,33.89835570561418
29.982658791654615,33.25252481574499
28.54782219325252,33.47888609288703
30.625618984073554,30.920586621004
31.005352452586017,31.1069304984024
28.721575559882666,31.325295964161533
31.034936970293163,31.719820025866753
29.90379509672731,32.09443405061211
32.190967629232155,30.238536458318134
29.890759062315087,33.07355335605862
30.829799578910585,32.72620572042298
30.846134217490512,31.263533710822724
31.536520730933184,30.749919925170147
29.303221496759004,29.26888834402267
29.14090343915701,32.99956671058724
30.122119898372908,30.197811774429187
30.31488368671273,32.84992435882777
31.049524186072613,29.783307828819552
29.94131605715846,30.32106557055151
31.17828893350223,33.524123541176536
29.92614938578058,30.102528939238162
31.220317026024937,32.05551221904378
31.486207612227005,30.05605982992226
31.268787240009107,30.58003702893324
29.038850275979115,34.117668363364004
32.52924216016959,32.902751793851756
31.565571783786144,33.604031786299615
30.925038321550137,31.253456408866334
30.538804094810562,33.27133969943684
30.002818840878636,30.568442038458024
31.13582167834919,31.199171994913147
31.09108988134471,31.140128650418475
31.210323231682743,29.31144018041346
31.190604556221608,30.471267612765285
30.597798649715738,32.37220004666878
31.131200277043334,31.94402455727689
30.819954432735024,29.896861980810936
31.556509595578127,31.09563073927552
29.986231903981206,29.639889932592418
30.48186928383959,30.382211264094607
30.725647596027443,29.71068795604721
30.576607069718232,29.666952211964666
30.63473165399937,31.117323765529324
31.638723512444216,31.610808217294057
30.868208608647244,32.97913709693851
28.65301244926237,32.6843087218474
29.523551861962698,29.488228563853216
29.406040141562734,32.08136700069821
29.743991176676996,31.7400296055084
30.940433836203777,32.563971696250334
29.967543876316217,30.532772351204358
29.67916499550105,29.762879135437853
31.96240074375293,30.93802412002573
30.497420288918416,30.38272989332951
31.040639233918878,33.07918578706862
30.15253956103202,32.048544218626766
28.724025066687886,29.775062497739746
29.892596328500023,30.257203414919232
29.323028687515013,32.20021535590254
31.063798163853225,32.637755776982544
31.65213942760168,31.709971727224918
32.266066538521564,30.248666333580864
31.024638994969635,31.234112287600936
28.742003163761925,34.50252811806105
31.125624893178745,29.447054185432748
30.419208918299784,30.48927717591924
29.590514049207243,29.839633241722794
31.01016027750171,31.17005963005109
29.742608196561182,30.055370270040015
29.367877577542465,33.48749130665826
29.359398193072103,29.404971876347222
30.5889968775545,31.082072067598666
30.816118210583923,31.108898144741094
30.236163076642452,31.859180554046898
30.750883340087995,31.462245635729232
31.56582851779088,29.476716840871767
30.89087410559795,30.51948483641828
32.90874625251783,32.19180204480181
29.578652205058194,33.014529720443726
31.940229163132944,31.95637455035458
31.20168719661212,30.038401176273215
30.807034547352355,33.70341864525928
31.667844720303613,30.849194803705295
30.47085718353141,34.45500513370539
30.673893638993448,30.113038183092797
31.09013442401343,32.05214451828289
29.93721613799954,31.13956465142733
29.796651390089707,33.01915259813186
30.79840666664807,31.46586003240511
29.578433628646543,32.7451272980086
31.23851337949755,29.709023253203778
31.565355008825694,29.595458144379574
32.03021975670548,30.262484066516933
29.20280660785356,29.83318875986354
31.719426835774584,32.45090388061528
29.697269035307716,31.978976104324474
29.09292138577424,29.026121075167627
30.76814712161008,32.39451600476112
29.946241141777747,30.142289979791563
34.144136903839765,35.32285508537453
30.03976816955511,33.304604575287115
30.927386586969284,30.964709175250196
30.013786119303894,31.221932086082127
30.82631499709912,31.39087943389255
28.982555892250623,29.36622235728041
31.533545286908733,31.054436186054815
30.77780712647254,31.347270396928828
30.55233649568728,30.89691889111938
30.93465512119552,32.3948001992249
31.06516024701166,32.70647605749651
31.24943601220396,31.51799261665292
29.033101176770373,35.70677182404489
31.980961686489167,30.139431863219784
30.537366784291173,32.839590489201576
29.28379170583996,29.7352901241588
32.17742448806514,29.801124270506527
31.38898375245439,29.383796865753013
29.305351931570417,35.3724126836002
29.784115510416452,29.91686204707298
30.468328069023364,32.7124458797172
30.627325614168896,33.383847258464826
32.370204394114005,31.0458782968037
28.96896441610253,29.16277761140032
30.242718056129753,30.176083930954402
30.105412635923734,33.00080917518464
31.461649156890424,30.405620809502103
29.709891907621397,29.851156619913457
28.11326631688121,29.19804735143441
30.96957920940578,30.41982216224977
31.385750091878304,32.62768698472682
30.058817787484813,30.478789042683623
31.727496126120855,29.73409875017772
31.552612084566597,31.623955355378225
30.80576904413831,31.200250719803513
31.507418050781016,30.84000549342322
29.27684840406707,29.461160824981615
29.92547279930097,33.61593476044098
29.455756673691454,29.541098406799403
31.815795348645896,29.7844219451396
30.539509466092344,29.511832404834482
31.174770674177203,31.387281058155956
31.125296945070794,30.94984300372463
30.224293764435977,32.680099860209864
31.57014362726973,31.94787487235303
28.618240713044187,33.32576662269951
31.9773202711237,32.072942962688536
30.79692981065608,31.056704271548483
30.585064611577693,31.247144257608642
30.76304452159928,31.88178201513061
30.814510334786597,30.44729953083008
30.30240712727286,31.015705607212332
32.59441212450588,31.400648846601168
30.4454833913176,32.02977141634869
32.5024812488545,29.724738286484552
29.079374166747694,33.04160126958138
29.616214186500073,29.685544964562546
30.001609551810052,34.484949399196225
29.690099651507236,29.141958583194125
29.656700825967036,32.21128555129909
31.405493445800488,32.945664879274815
29.809914139529234,29.622935491974438
30.212981951749136,30.569818402153857
30.994007364232917,31.49689506336091
31.546767275572183,31.905337647219536
32.31389357466437,30.333551172707235
31.940640737162127,30.68973844004749
29.373366603901438,32.69982617622942
31.075565315521718,30.71059200112925
29.973859396549095,31.990896789979296
32.63037473582658,31.939702405284155
30.949496359805995,31.616615697437492
31.721061407638615,32.46367261752258
30.17871530205813,30.654473679796936
31.965302677389644,34.00466095284223
29.93558883422333,30.380468485590146
29.138451811683534,33.47856218692053
31.82370774940777,31.212810766818812
31.258613781548945,31.192153172742884
30.3125288230829,32.65248865134397
30.73943874246843,30.403317259904643
29.462107040634763,30.88670850366381
29.7435924720288,29.957069657233077
31.969090120342095,30.88063962442515
32.73432409400642,30.011936728289594
30.323125349911066,32.43265768910679
29.8178461245865,32.34157823450044
30.575866945124538,33.01266943832002
33.8780244260574,33.38574392900875
30.24341322497106,31.783321475114153
31.15873569357213,30.69348730514171
33.722972544420436,30.245470283086895
29.29204033537712,33.682377757541566
31.629337986758696,30.550298142275366
30.45804662383723,30.840317536675713
30.096172644623618,33.608569164644365
30.455163921538542,30.63200472473649
30.12440763032282,32.78960391636164
30.116831555700987,33.72121324508079
28.59755184371764,28.67560552480129
29.59193725041301,32.62775417378889
31.679200743637658,31.899668886732503
30.459250989395763,31.937564169706857
30.245549364865496,30.237518418314757
31.83726859916918,31.86837939253266
28.7473255954463,30.88975154678944
30.72761892506694,31.269195366080098
30.05652475967933,29.646436942871635
29.161224773567092,32.83448528307487
30.027177813253957,32.53265839363077
28.912490456671485,33.44851397466719
30.681000473302568,31.69496473327299
30.82599368657376,31.796503321999474
29.37987466665119,30.00454872990373
30.37287059609959,29.77920419278179
30.65050301508712,32.5113168210305
30.828998169401906,33.035803427528904
28.756497076259556,33.96111413340584
30.87593891052524,35.67479695952477
29.75132169226493,30.012272272264937
30.98173224671062,30.164824498468597
30.16533862554062,30.048421944916672
32.21421334011553,33.622715932112285
30.47659686866913,30.02406205081982
29.500611994374406,28.76836125709862
28.894469849381675,32.50568776058326
29.920215982033156,32.115991649384355
30.91902481792537,31.000964850752478
29.928701726640327,32.66189026321755
32.31117429415808,33.26609106897732
29.647374915540556,33.81365027355403
29.774993148132264,32.85997703095226
30.60234964704357,32.38909451934569
31.00336652648957,30.7640805211244
31.459266437264105,32.87605123596442
32.12833100304792,29.667292338634127
30.39013917548712,30.263357460522144
30.349201643857562,29.65454464611885
31.031110326110067,31.311116126626786
30.664265432217878,31.297869540943832
30.31076962508227,31.423215353302915
30.709128704071254,30.38280335226281
28.718332772766377,33.36550472590418
30.92429479367807,30.578379148741078
29.84753807269101,30.022020146328657
29.209612906529262,30.44706908300278
30.870846808797353,31.18329931945862
29.487575811158983,29.981285638319367
30.42551535692418,30.51063807188492
30.50094264983116,31.139775756020178
30.733520589420934,30.88409021773794
29.51970187777431,31.912517388539563
29.592478764441093,33.48960146247286
31.28002128457734,30.081980717452833
33.000703419677265,28.925126234048655
30.550860763357832,30.31202763455103
29.960998822176595,32.32824483232778
29.41653619731204,31.90111695982913
30.97393435110999,31.58789752958689
30.149929975076137,31.698576754221648
30.63882014505035,30.931137614996864
31.905162756860644,30.371382436577022
31.539095837577623,31.45718815291161
30.92499670752634,31.402548689376356
30.523328636585966,31.10471883754405
30.178984686445112,30.292695958876827
28.98898337982667,33.536547710104536
29.73420132075529,29.440236599470005
28.685787123642807,28.984323323299314
29.281324890393847,31.840153472545726
29.630721697087665,29.58160390956703
31.07904589681873,35.02662210312014
31.094695699962625,30.740352298872914
30.57360584683633,32.95661088849877
30.265725169405325,31.555497101786457
32.75523664197581,29.935400064945657
29.30733077699567,32.930181095588516
29.748338952026003,29.664641566188546
30.186123971984365,30.286325328484047
29.71761162392319,30.452643172820867
29.896569401967188,34.600594532014156
29.61188571927667,33.538226084207324
29.06236980400312,29.51319451858995
29.460012018777366,34.530605052781
30.545387654518834,32.15692236317363
30.763593270861854,29.97208531851697
30.643014117943128,29.95618443695486
29.6189796263031,33.74009685705136
30.444434111284746,32.144081957488005
30.802590143403812,32.612146986556056
29.797519270066218,29.643619858532
29.65865269783635,32.16439144685819
30.151998802288244,31.805250524186594
30.443666129744237,30.268321456620594
30.250625112630182,31.5643458080956
29.57428122567107,33.42703844267107
29.778428090711362,29.526258295159696
31.688656679483607,31.618569031255532
30.423929648689807,29.03622754684259
31.049680346214018,31.42232631282247
30.29577168621847,34.95821313127612
29.13723041574159,35.6210827706788
30.89736035148063,32.41258159707607
30.946883893054718,31.18559689850965
29.998366730642974,32.07443191474677
31.18913064325843,32.05509015938399
28.367873374265255,29.314366827456006
31.27758386257977,29.95853880804072
29.58380411225738,32.14208826542194
30.564984851925466,31.024758993759885
29.855238156863674,34.51662751025787
31.044115687059808,31.138114136921256
30.167997743138514,32.665408727468346
30.183082734187074,32.73481505890978
32.500235138237464,30.200877223369375
30.842388637530192,32.14495584253208
30.014775532919664,29.43229893486191
31.26184769057135,30.57300461068593
29.75477198782678,29.838793238909687
30.503829586444194,30.985631975673815
29.648528320221928,32.270945090757515
30.00345522936337,31.842455586604935
30.05614035453256,32.78449195518477
31.31604671419581,31.802039438882048
30.409006014755604,31.598532192740905
30.240072043696465,30.1694319349432
30.492446292313744,32.08438578470561
31.909108457607182,29.98656749968282
29.5946037226901,33.58658116980048
30.485140494595477,32.20435279176235
32.416136556529864,32.323333424527206
31.890791058062774,30.123411798077374
30.946906283779075,31.641355495022392
31.905110080421814,30.800810795101423
33.69436170949572,30.569671605392106
30.150137798088036,32.88088307744529
31.278606546807527,30.984000591217825
30.178131988143196,30.442612022488834
30.468927096078584,31.773368145504076
30.390450245175423,31.263950432706622
29.617633081987556,29.523772564330713
30.996600479618202,31.144930686406802
29.10153562064091,29.93052703556203
30.104747559639854,30.328262589347133
29.672982790302918,32.691632446227594
29.234813661024717,31.534621842052694
31.963684616890575,29.552886179782018
31.120381132534185,31.63792298459359
29.34067728589353,29.618540273444324
29.975767634641294,32.67860339333701
30.11691600683957,30.619510595422366
29.37320810718631,32.16842435718303
31.348483858353447,31.112650015344606
30.21872991791255,30.107376440713498
28.819504676813793,29.075670143436135
31.01439284168784,30.976446172509362
29.679195600511292,33.59018790184714
31.287861314421246,31.474197695739825
30.648178675480622,30.832426475492348
31.201041686292463,30.81763400332917
31.53358107106673,30.8450045919535
30.560125757616113,30.489018636678917
29.620884728855437,29.604705061775135
30.223072353574764,32.86383974392281
29.759213491063676,29.76195158068286
32.071734762266495,30.45655805164069
30.63507332867482,31.044720139688433
28.83664657613331,29.125763275478775
32.44047142043412,32.099254559924915
29.572370593269987,30.396640964127997
30.317664865862817,30.66492417454087
30.72154557120637,31.605512893966882
28.940585867035054,30.057884388357238
31.441000406126367,31.072042735009507
31.664006004043085,31.582866275040146
30.61581171041897,33.181672212205555
29.919769752649074,32.1535900318671
30.484072096449488,31.468415004946017
28.634881719640237,28.69894863751908
33.35354720223449,33.80960081832587
31.69600675959094,32.0434522513436
29.58385720244715,29.630797517300536
31.064322024825152,30.39772901719725
31.367836109087524,31.56352381401925
31.376328424505097,31.53111168902292
30.609155001335747,31.91790391902149
31.072805471920976,30.920529093024903
29.857308963731363,30.33727603442331
29.936837461765077,29.978528802377742
33.18044898849258,30.848431519900686
32.453312268118864,34.29482711793289
31.86137961539048,31.74879122774787
30.860798105633016,30.79295850676152
31.026600681399756,32.47520663788217
30.83650489110307,31.585738676145038
32.07178730952969,30.653035878338024
30.17127154389167,31.537131454570154
29.921215328631895,31.846077591864564
30.751641382095837,30.674405447417065
32.11959962098633,30.279767653328477
30.266461595770664,30.366103418513855
30.395520811123106,32.09630304199027
29.669959842602587,30.807743946696217
30.135371625298156,30.214714466006924
30.90689673469663,32.47648681743406
32.42789954397129,30.175288039427677
31.479628447772207,32.04153410977979
29.178256476971782,30.74158759735838
30.320357495535436,30.154317115692827
30.133422447190124,32.921212644688666
30.600027527673394,32.73928283878112
31.826397393830703,30.883456917960295
29.68146096997809,32.42069734754865
29.006489141657447,33.811460026678205
30.48250206994176,31.504352956000396
30.760176764430902,31.170355393949194
30.65768191769212,29.686587502104448
30.778401634234115,33.9183948710868
31.395407246691104,31.688333950356125
31.36037786590726,34.40022536448531
31.27577298467669,31.750883736947948
29.50265368705711,32.89544600935841
30.386946888920843,33.56309169313332
31.41078061674498,30.874994724054776
29.192205872791167,32.94600158776967
29.881142424736108,29.93533547025082
30.846907418876256,30.83747205417061
30.238162515296857,31.60425642409619
30.928597164868155,30.824201440113438
30.634452908266162,31.151208824767032
31.225208601108974,30.375299897059875
30.733684292714983,30.32673286554033
29.622057898424494,30.283617084018786
30.152835828268145,32.47726736545105
29.847371130539003,32.772719471011136
31.53737344490157,31.697288051766716
30.760651489525475,29.18801806634213
29.161893848632964,33.52406083275975
31.535471280535106,30.465387110406482
31.013065030540446,31.694637018489015
33.82276390819725,30.77201503820889
31.47620444049412,31.670740958421423
30.091773733073047,34.904240219800556
29.432899905473082,30.03327090688593
31.024645016335292,32.76109300198134
29.8079932069652,30.225377763653896
29.964352999957946,29.92380282329638
29.657327702851674,35.56511062163576
31.289513579822742,29.70961801172421
30.86990206844456,30.88068372810206
31.142796381928882,30.20744468400909
29.764670159613406,29.884981297767204
30.763750011241445,31.66988860028992
30.081603398631866,29.806552008974172
31.250433513698525,30.37782764932107
30.41585687638542,31.25255067917976
29.516325416383616,33.27016597647602
31.311190094639745,29.794895735993837
30.134221914338816,32.15337975446416
29.219057909723748,32.87829677054092
30.68616348241157,32.028885714251395
29.86090111974468,30.031076859890618
30.22242083650785,30.266275581247637
30.778549562684745,31.219713276508806
30.568195392462417,30.823183848941575
32.44893323488353,32.863844998974464
32.02315145260964,31.782780631397813
30.442674840412778,31.080158791079548
28.731696429249418,32.86256820835145
30.117336542122782,33.71181092430443
29.76102454550822,30.392829903442447
30.946910930925014,30.800268351242124
28.965496284595467,29.446580146787767
29.29173499994831,31.293131104232252
31.583244847730796,30.60705855782297
31.83125238081095,30.344645620855026
31.400567242343627,29.5482899942293
30.951383790246616,31.234486021952172
30.88557619077454,30.548471957778325
30.75986557042618,31.207304631616815
29.03311422810043,32.92929875430238
29.62476100612106,33.700043971174516
29.238099266194794,32.23543566738345
29.406442216247836,31.737061973452022
29.62264179915919,29.536076561816635
32.15031097472811,29.779891630278364
28.442496323108134,28.5710904934961
30.231249295907002,30.11194944321707
30.186341335427525,30.536591034232075
30.69960692342324,32.37561172730106
30.861638959751318,34.66178245995751
30.57539182678753,30.772230519497494
30.893973073013857,33.1563636355516
32.46686438148855,29.613039990496873
30.985598728180832,32.39172104114005
29.70695462361192,34.411944592488396
30.512165557371826,30.69557007807361
30.256363329639026,30.520535175613503
30.53119114947737,30.50433394848894
29.629444185159834,33.49378308424228
28.417913389529403,28.40751913898306
30.861090522148377,31.214143576156808
30.066567819698918,31.600574151651237
30.722448952049227,30.066502279180696
30.373657257954076,31.627630829471116
32.9961671709827,30.027800345165172
30.483342637484434,33.96849571614017
28.329420222973067,30.235186832636188
30.055938701696707,32.94690272937232
29.78822929211355,29.8768386828608
31.33414971542365,29.808173918516015
29.761031297390346,33.5595544158182
31.216589696149775,31.626048329687492
29.76918300523492,30.623488697904897
31.164948543649118,31.1533587874072
31.67756635235248,31.513326103897377
29.745263112986322,30.16291461016763
31.430129301785396,30.86788957681796
30.096042751806138,33.343662952651194
32.10322630453855,30.11854951719436
31.409302905846058,30.328012726948103
30.57561212009229,33.13813304956399
29.719857315401896,31.47039620260753
29.86823177919827,30.02360536498312
30.35145898015984,31.60345730963046
30.25077590759457,30.37392308932233
29.24245008397306,31.74233403634937
30.310518942632314,32.88737441389273
29.049785841644905,29.636884612241584
29.400393696338437,29.47206424745652
29.78518198363598,31.260698155564803
30.779541707591118,32.340493843150796
30.002381717774796,33.99568897573089
31.426772864466198,30.32949562530847
30.159651329727684,30.352810629247372
30.29443912465309,31.259870369979787
29.185586171944525,33.29779456721173
33.88974187980625,33.23427179322184
29.618219499252913,32.17438463406493
29.73538569111284,33.110988965368946
30.289297416919645,32.158800017957496
30.48872551742217,33.1385514943648
30.189526443082467,30.504909725324126
28.49104718541853,33.544094751000856
32.461853654512616,31.32729961601386
32.483260444470545,31.574664148965653
29.049169566755065,29.452902125063744
30.45859062347183,33.49739714055454
30.090798189489778,29.565744551349702
30.130639473717025,31.36998662103363
30.37143054119458,29.310539557474154
29.43812344462778,31.97564097657269
31.079271066107626,31.911901124916056
29.90020249179471,33.46346458265821
31.323192340931772,31.335221843038653
31.194419662147336,29.459195228107617
29.628645424212444,32.80274797173347
31.57662751565176,31.528855762206888
30.82584413326025,31.2380787617627
30.010364615756142,30.79238483426476
29.532514085594958,29.621794779486315
29.932545428023527,32.066354770906216
30.447239281851527,30.647805208734205
30.537289126160907,31.776143370351036
29.657648239214176,34.379381826844956
31.72859555435987,32.708531635639766
30.258306476313148,33.97035048943231
30.611449158007034,31.094043171415752
32.67966792831949,29.51510815067717
29.976282833784303,31.539650266090234
30.798707160970437,30.871423051878494
29.110744633816495,31.824191669422312
30.38602340983475,29.73135005821264
31.778978189494097,30.53084296311434
29.38504509891256,31.498672468999832
30.025960356376764,30.29585896236027
30.657991013535334,30.5511087408212
29.697341907384764,29.97906495154464
29.756935476775766,33.565668174965786
30.57243678836643,31.735483678758673
31.356511246303064,30.352845632562946
30.738923239899812,30.840883558734657
29.729327901924666,29.653885233930303
31.329831550989482,32.55768874396733
32.336144440214156,30.230848394356432
30.403726201762403,30.291321837241412
31.007805826157195,30.30150254132031
30.208718735500696,30.50180776670142
29.53199707668757,33.291631618668184
29.490708831622182,33.09118757808891
31.973916305963485,29.85685567464488
30.15790928518649,31.375791659625072
28.91706370422485,33.625418060848624
30.397391367728076,33.35141539030455
30.998907816749053,31.25511422927381
29.764398257304926,30.310679129603166
28.919034828708735,32.61506953031479
30.982184543100296,30.020828027884097
28.148116367855927,34.40652890498881
28.544165937099528,29.408278247611825
31.651203762904444,32.89715480072333
29.68679325823863,29.819897219051626
31.253630958066427,30.68984196740606
30.966299803356026,31.21954728259717
30.800736041659036,31.97458318302827
31.172751156625544,30.639063357283405
31.61958992620999,29.95287184359841
32.049467702271336,29.950373102957613
30.1700751971956,32.09489572014425
29.523672105310432,29.849537285285393
30.56003146005676,30.486753654651956
30.573580648292392,30.65058785413159
29.559375061725504,32.21538602690889
29.537085352118545,29.69593822606643
30.7346175595692,30.206880300661403
29.788475188179923,30.04751275744905
31.023687294042055,32.09185037765061
30.80275810577589,32.07779776471492
29.973087220618808,30.595782103298085
31.215205354669365,32.12574815160998
29.853728644693824,29.91139362254335
30.652726740149326,30.563554323049466
28.957382311212502,29.471357073171948
31.24282938804339,31.452438875673717
31.08347520791597,31.48574987885448
29.591983636748907,29.641081696678988
31.091371580505218,30.913879880270542
31.698374333315083,29.837124190973814
30.218669185345032,32.12709454637092
32.09709799234858,31.938507347936643
31.04462983370013,31.508733836459925
31.71779186984118,31.014101932660946
29.13358387047742,29.484555465716447
30.774867480302635,30.510228107815056
29.881374796819152,30.51748441899089
31.662872985092907,30.93693483076787
30.45195176889203,33.18463099700911
28.88667691336865,29.022633328109023
30.753468576883087,31.572412814277165
30.65645523755238,30.297404040403872
33.326791774915925,31.616737939910642
32.07921161874625,29.786242897777655
30.366977202875255,30.24718308517404
30.57785369671442,30.000278635509076
30.285921487612896,33.75606260997527
30.404644877024015,28.477477325152847
31.91922015177742,29.57650976762502
29.852131334262495,32.363686650148665
30.80354528607586,30.548571786317595
28.687327560311118,31.288061472449836
31.92950906266156,32.23915054679522
31.003662709621565,30.768683946079214
30.98931421832145,30.209663022065
30.784557519224016,30.653135375769267
29.722705501858297,32.56471907545333
30.64899157949639,31.80791382052332
30.051568302306745,30.159003971479194
30.712971211143888,30.51262807449617
30.680120769553078,29.75213596007197
29.66351657011437,29.62159799562319
32.229157226170145,31.066974851112384
30.21405492287686,31.142927203890054
30.41061540682357,34.48810291789185
31.31866275845647,30.962076945399836
32.22095792665521,31.98560629416363
31.152769590003313,33.30011010841305
30.516135633494507,31.527701918999803
29.952011668421818,29.97275469042073
31.586328460392075,31.62312743234238
31.279774516021114,33.778382209695984
29.304255760203596,30.249892805818103
30.120280382114593,30.29136397729126
30.567843065337254,31.43402377200615
29.83221240421086,34.1583991101222
31.539028052047748,33.69945470784078
29.823172832606733,33.227315399114445
29.349893110470582,30.128772200924686
29.18974739041074,29.579438739546184
30.074214560033536,29.435029012132794
29.939298275225976,30.61105576558315
31.390112079138245,31.348595074528163
30.786968242997244,32.4588025983475
32.61749003923939,30.802383366533668
29.12796846402308,29.32036431845784
29.2101727913831,29.198889350434072
31.99928522054604,30.348513628979717
29.90532942703432,33.075913052216286
29.472056426098845,33.055483768161274
30.05592734609877,32.457829728100364
33.16303409470686,29.244361931881066
31.4892393404904,31.618757903388865
29.188385236474282,30.5957404103439
29.48510004704449,29.995501977665274
28.631437013321683,28.98916210186894
28.831243203160255,32.432168199027174
29.764213888264944,29.909454567269496
30.8199413032549,30.583262217101602
29.397986936636986,29.454827121567572
31.89859472003921,30.254631414447953
30.05102897107276,33.7113669718603
30.458386757193896,31.204346402601328
31.24092760977741,30.444548887461565
30.699009137916804,34.01593074259942
31.584879839017074,32.205359120101235
28.437859237976483,29.092308331346423
30.31692847654121,30.59168797351997
31.905012103944973,31.79295064267205
29.313274469076653,33.51795416053851
30.232037592754466,32.33678729314668
29.535465722521153,31.563067109667905
29.369828123223805,29.62672288725326
32.36990656165645,33.400333217425356
29.985759540249724,30.585272568511815
30.746997071137766,31.720251112138346
30.123138499712738,30.32627690988673
29.16327153244914,32.85699387295222
30.832519470257395,30.183119230592137
31.266266080615765,31.025671351057255
28.58478311889682,28.92523763021594
28.65946240107808,33.5836084699735
28.576999742141357,34.1180629131776
29.83872286413294,29.711415172910584
30.403915588065637,29.916884709113702
29.944563833016538,30.06006033555341
30.938918856810776,30.60015624170495
32.57173992478974,30.079354358603517
29.30961941634703,32.91025313224226
29.208896517779568,31.141923599763093
29.72581547098833,33.05269534593591
29.87852108453312,32.22927074140686
30.421921092122073,33.24156680850963
30.18380031686199,29.719474195275044
28.975940395285118,29.05017972476943
29.65089153227578,33.909436208897304
29.5608924850336,32.46479240425196
32.0122719332366,30.66204805767429
31.125045168160653,33.26795717891039
30.970296551311478,29.65755060026515
30.969157523728704,29.854474958149364
29.61930761413943,29.60418031788265
31.073554423785783,33.476342416295005
30.707339655383528,30.786933631787075
30.58750824853305,30.452490104449097
31.038969366765375,31.76832983731429
39.11007951728401,31.509841770788842
29.447405635493418,34.77041404057627
31.67274326066588,32.46391404524887
30.791251574733884,30.85422145261612
31.258366864716486,30.491306482973165
30.04277995198397,30.122476993155875
29.62585418972274,31.950300286119216
30.983326140818534,29.30397792601754
30.696715729975004,31.058087536064196
30.273972036533326,30.82068359148812
31.852910639439443,30.616506993499748
28.87367031819459,32.860300597463045
28.181752863322586,34.48746420271101
30.621250885361178,33.67612452117792
30.7973653044196,31.729356315278665
30.410463812562792,32.61178746289214
31.451536715479893,31.863219799639477
30.402994457885274,29.69349371697474
28.979308651381682,29.258205172972872
30.843242434606807,31.673135242866607
31.23327330793721,32.12120154291918
30.321499396677144,31.336024379724314
29.708238626993115,29.980145564227424
30.298868880366776,30.061243635115172
33.1383156768683,29.632425006823713
31.03556084328726,33.79438786206989
30.636546494132784,30.4817041748594
30.085404739566428,32.61979204597346
29.83034790353784,30.909540957205735
32.809167588981964,29.09267742164463
30.250759352282955,29.588496456812223
31.051822599582103,33.85179826673932
30.12128038706657,32.127859666383486
32.65379276231583,29.953200502377115
30.189173727896886,34.02070458049702
30.687592395986666,30.94766256660452
30.2460785309112,30.632386266027073
29.93987282207079,33.822201987310464
29.16465946269801,29.562502583267865
29.25087034704928,29.40551012356314
29.95549777558905,30.367162775316537
31.035771695542792,30.176000090174
32.07284222085584,31.69314730696685
29.66042794549039,29.746738910579744
30.86120567173168,32.47286832589944
30.420047426739494,32.919561564230584
29.167038161684534,34.50632336913258
27.957291997899944,34.129490587495894
29.087657560570026,34.05477467582423
30.228796816367748,29.46649509740712
29.171818841921898,32.747244101345736
29.45018773057081,29.27394922209568
30.01932503222516,31.846150863063933
31.02402399944993,30.776828783697205
29.857943450681933,29.15438785909757
33.00223577034345,32.84502805829447
30.451114616269223,31.599990286114583
31.046499853226088,33.77215609668423
31.352414297442415,30.555247773497168
30.73762589408169,30.764319103325548
27.90115995955221,34.87501991634352
29.3115683176812,33.51861630139346
31.543381061566645,31.954155106061506
30.789383565031166,32.2967541465883
30.759071701814168,30.65128399148483
32.2355857249024,30.85828231471364
29.85443849355251,32.990210508684875
31.110589419493813,30.364021312119878
32.579344883515326,29.62545870470855
32.118267165880575,31.95425313199799
29.663299653575116,33.24878724786627
29.037780960619802,29.33847782295199
31.300731311293667,31.46446150612546
31.05054776444731,31.59116673470659
28.710627401026446,28.735043905399138
30.786535419118593,33.93589863514179
30.773555294742465,32.18904565126677
30.37302458550951,29.531351740723125
29.53016592667716,29.623953760094945
32.22368590573507,29.981598526174356
30.262560571699865,30.469544751860937
28.454843857901334,33.83748655633018
31.79553295384394,33.69765635648725
29.87636255007552,29.88061426246537
30.016370725499293,29.483073222916033
29.556185995627725,30.319716816398117
30.895717945099356,30.983858705081264
33.84681843925804,32.51705689191732
30.065812783877863,29.95233690213
30.339755663827592,32.19655220772139
30.314254040040293,29.55393321573777
29.966229087447346,33.52760451336006
30.42799491205659,31.098148346306335
28.953501055040498,29.01361855027668
29.40118766343554,34.04494506964816
30.85257708740351,29.117304654761938
30.379399205686603,33.45282621720253
34.238034831960974,30.931377555397255
31.12900398035371,30.355675570592297
29.380365042404343,31.20325097460958
29.34376068467982,33.40113451699971
32.40547448525816,29.90996495367778
31.544578346968745,31.575525850713962
32.2590487053042,32.42447030282773
29.728772245240126,30.919074350366355
30.277742454074268,32.55587404079317
29.48202413457476,31.55686788924115
30.258126578881345,31.708064950243042
30.232789474605234,31.475730581896848
28.22946963130041,34.10168507663465
30.75785083545782,31.971784698948888
30.96945095827102,30.349276378627877
28.33164013888451,28.358998887576334
29.95745615686472,30.179684597572543
31.22541850478143,31.198397932010565
29.699283606431926,31.842786339986972
29.426887686463754,31.592162092288394
31.295406977755682,31.371258619904285
30.262832681243236,30.30972320382731
31.57375137100189,31.7814098738064
30.40640447383501,34.58950790732145
30.412781617067893,31.89365655203592
29.469043844651072,29.621990638102346
29.524127233698046,33.21429820035034
29.88997866649055,31.543145036553142
30.350896929976376,33.40137761205446
31.128689873807463,31.53620475629834
30.27177811508844,30.513126960164815
30.07632541152358,32.23389787667578
32.868123406567825,32.5479075047336
30.422865342501915,29.6731450521391
30.160313941087974,31.107958491173303
30.199939113487247,34.3522479180219
28.777188939120055,29.12213383526227
32.50637980212856,30.297521180317055
31.42572365458287,31.332940713679594
31.413438377358823,32.28507555313463
30.22390888459121,32.08195895817096
30.447064941078533,30.608398758241464
31.872470077544396,34.07309050597767
30.874405127207226,30.251556958142928
31.472364477162955,30.458618938989545
30.898281005433795,30.08439425626041
28.67238210527546,29.06745286175437
31.814280523144287,32.446189555239656
30.821025439625522,29.28566334244474
29.527166704630517,34.64939108762106
30.92924423472656,31.070327283904
30.421131628759124,32.291786071646364
31.002931704614593,30.23846970605144
31.54321773282893,31.390569200369256
31.679879879345783,31.3705045045741
29.64088090952525,30.413117102786774
30.21852414511992,33.29264584376227
31.835299415966574,30.596370133478136
31.322428560837,31.540993777695682
30.272595867862286,30.399501828393372
29.076529665624502,29.12434717751671
29.991647948187385,32.57287932852922
29.829671705213002,29.649046856948587
31.618172081351815,29.937003526146057
32.06371180002026,33.10615898967714
30.575333652603813,34.03684556106842
30.985732145941288,30.973760486650413
29.076405807049085,34.30394992646549
31.467107090305774,29.939664435363422
29.96630931187772,30.31733338385211
30.709988701384738,31.258128131274844
30.65979108404582,31.26256227242829
30.823287321899542,31.005500181155305
31.51379301097247,31.42756796072681
29.42607650600372,32.81150210793269
32.3092729666413,29.171152446440356
31.199693636216974,30.007578375318836
29.86947338473908,31.686663559002252
30.190644036791664,31.459786995780114
31.015152815467353,30.994314014451202
31.090850997304663,30.423854367231517
30.003044557746055,30.649100057089548
30.28991582915704,34.37921887066001
31.941498529681233,32.60802664635341
29.748026718160745,29.758703806110425
30.55844648542333,31.703242583487775
31.926633057468123,30.191131765464316
29.903828655442588,29.581721451819483
31.523427788299863,31.482459636423318
28.359449632188113,34.41830088198277
30.74093565763375,30.871527265383424
31.057772015898088,32.42717949947265
31.241093518754518,31.153221891558537
29.847313407437266,30.256139550546056
29.514707736939098,32.173310933832504
30.079577168875495,29.768806782447204
29.93146689586456,33.77736633238155
31.778355004893918,30.163165027909873
29.60159721980123,32.263083002673135
31.687792781423276,33.88488124816331
30.597240049768732,32.3416137642544
31.489873131936417,30.420449339582916
31.52224258885584,30.448966122935065
28.793316939970055,29.35012973100381
30.040282445907195,32.01812321411813
30.01990651108789,30.411739833864956
29.01294026596513,33.88411764411789
29.23171411938665,30.58110755379864
30.97143332854405,32.42858880729737
30.051654931539407,30.023831140086486
30.718579214849058,34.77257470867092
31.65809752566424,32.12094134263459
32.16639820335705,31.68768255157426
30.16977280614781,30.813404881309502
30.850603596306726,31.463524012623164
29.46202360451607,31.992405705727343
30.341815508217664,30.223960033014244
31.117222710501757,31.70215960813551
29.531662502546638,34.255066342865454
28.93269334270034,28.90773472237757
30.29110133519989,33.77064062284683
30.312487937365194,32.735351358026215
31.077551887280336,29.4556053307246
32.67075806122488,29.905569744879337
30.492225992087583,31.501167147345946
32.39529257182715,33.17402195126974
31.63837375873451,31.0785494332524
30.69286525800417,31.14387931753518
30.394730179377202,33.274512575095315
29.562847221228807,30.06837402261911
29.407552929883284,33.433853585592345
30.117540019039364,30.142059716828335
32.44400456558414,32.63433378036309
31.48852811068773,29.921068547701786
30.42241865129011,30.34780879365133
30.606294867658228,30.564107833093928
30.81989411951333,31.388713409247305
28.949438160632003,29.14799385767636
29.83356831322176,33.516024828603804
30.91855554706566,31.19778558438533
30.18538757018975,31.22443303648101
31.64153544588679,31.41025931844608
34.89811408048589,31.94554757864289
32.06235596162416,32.23259691954585
28.74946464851329,28.966144976147127
29.837186686895333,30.42936122108545
30.799529543860096,30.914875334370112
30.77112035738727,31.864834254008567
30.98600496178885,30.715545587419058
28.76568668818212,29.25370667021567
31.981397510617633,30.581477658776404
28.582560149215457,28.735962749179862
30.793180738574655,30.838217757067078
30.67312008957795,31.001945385275924
31.223076356662446,30.08993210986481
32.8111672304599,31.83594845301357
29.700730858797854,33.90350517414894
31.232470133386823,29.479010056721215
31.477182384668257,31.646992538199367
29.292341940121727,35.51380040550435
29.944955929786126,31.620604647528086
30.7373911891723,30.846116880863306
30.00119089949672,32.42529559145303
29.76815233553316,32.545629847016656
31.09825377040909,31.12343493347598
31.43787159605642,30.467416253413212
32.41588355004933,29.40336464124064
29.692512817127017,29.873457686173133
30.33590755633969,31.56975205394886
30.226986015355738,31.02923830891449
31.211032527893174,31.020271403846156
32.055069439164974,31.744437141884973
29.38423904241756,32.7258321755663
29.755991848552277,29.678811633684305
32.907964474254115,30.03938010265149
31.2759037728577,32.010783087245656
30.05789368348648,30.881149756585945
30.233718934599164,34.80226614127599
29.606541234012393,29.847710597256665
29.566474335494235,32.633373737156575
29.36412406791667,33.27324632264879
30.46864516844178,30.299227706866994
31.01373210300578,33.67606987477554
30.49741076568725,30.2611919821054
31.880971556676705,31.855310658826298
31.084138359264458,31.330665858322998
30.522109436898546,30.30472006769839
29.001466910174635,32.34859838196514
29.71985540449445,29.788823349053324
29.72313512205371,30.725214818554676
30.035130092033594,33.176373356706
31.137581299390895,30.976794974275023
30.153976751447114,32.23003761455502
31.46332749776501,31.415561239698594
29.97981993203975,33.95176235674255
29.485121167917523,29.73622095269469
30.177429496196435,30.755336964293406
30.1157013945892,33.39269484846707
31.32382216899093,34.85957664957694
31.658173664767126,29.646907939550992
28.62536985880088,32.1553166995163
29.980906144059727,31.94600219637211
29.97151155684965,33.030610545835984
31.484294731594282,31.263607327266087
31.944775103500792,30.336985270170864
31.935595673133513,32.43526903664957
28.373711798957583,33.835344231451565
29.60161829503757,29.73331277569258
30.52580755612011,31.32865419520707
31.537218569536137,30.144519879681212
30.288256518968268,30.665275359867326
30.97393690174066,31.161754003754382
28.911351598248046,28.81652681744204
29.887443679114295,32.75992173938634
30.194324652650003,30.984766345066856
31.894270757451466,29.71612182355777
28.97219749407299,34.63809139043694
28.285440745297915,29.985961685321318
30.75154848757593,31.792443500861708
31.6459567459014,31.239461828454395
30.734941836292954,32.66883018537838
30.681538952625296,33.58444198560996
30.695167795865892,32.4682362541929
31.443476375338722,31.159367403800534
32.28430579832866,31.480889020848856
30.493629027561674,32.069306239901174
30.524376072911164,31.301537125754972
30.982439246732643,29.212453007323713
30.17436640243585,30.87331340020715
31.25458044722845,32.48411744610108
30.34059550381489,31.642860272376318
31.209115450120294,32.06342934430593
28.711035117648613,29.146167771019496
30.92073023432126,30.413066292593932
29.716667907661854,32.17446758228883
31.270033122910416,29.98777667197915
30.18889200214026,29.576437046245516
31.597449494686295,30.35746891728405
29.752211042096167,29.89726804125371
30.582448703182944,30.530720509496195
30.06934868362647,30.1003350914651
29.496722381374994,29.5615409975354
30.869754315691345,32.94440596806267
30.553380148062086,30.338428269038957
31.565201567921974,30.257265049195215
29.09397458595634,29.946135116685106
29.558280378041026,32.86827792870071
30.78443258234708,30.585029240454563
31.177274452393895,31.322612813946193
28.697159199467844,30.089034996042095
31.154099163031713,30.59177089275977
29.493710181938276,32.499100741037815
29.089150432560793,29.4239889712707
29.37373066835147,33.01650102025136
29.633852643994775,32.251786016796885
29.941432689621294,32.09619845409078
31.64809510701431,32.1842688596281
29.470071159328675,29.59956486982613
31.609953267411335,31.090642694158895
31.36670564344856,30.755622769519285
29.947492164888224,30.003865259801437
30.216548365241096,29.798559203755516
31.96497260818677,31.84375070516503
30.137453513208087,31.69330985085089
30.88120302016843,31.47697093151928
31.283112781074458,31.088710361812232
29.414405745265615,29.72143856099931
28.83157778066009,29.00340813306618
28.737351666543802,33.52712466196201
29.531353875419374,32.64502446120188
30.75832368829829,30.55930574653875
30.69486800223951,31.2125978786438
31.32592010447178,30.156170051995982
31.473099293142095,33.92553805531239
29.81302018182436,33.618279418226166
29.953679084788412,31.863996687412886
29.25302015471487,33.15962445334268
31.894215585749524,31.061331181278756
30.68928255085042,30.862210667834447
30.802398894889514,30.512503075341726
29.900924958817097,30.48822106406483
30.498954944723074,30.89604403841608
32.46753167627523,34.06251901708457
32.5385791276392,30.20226928651183
31.592028776614427,31.892439956708426
30.502404183834777,30.07278279293753
28.67552489136697,33.314954068985216
29.807518387449704,29.671230433724443
29.791760206356805,29.982835753313637
30.74965871746852,32.10347607212999
28.234949456620456,31.140599073647756
30.47728765759001,31.484897198098803
28.78629584161303,33.27500069343372
29.82492625353171,30.520955305828732
29.55548615038948,33.79534504893738
29.52827917099939,33.47544998582114
30.482778824216716,30.74333719742969
29.457276389479738,33.39333371088983
29.47239004959942,32.56152935616352
29.01062958959325,29.521017784969743
29.235359427586918,29.95656581293079
28.601681445074757,33.46473322337331
30.807800818212,33.19181115604708
30.509789149119673,31.917081938265703
30.150792628683543,31.667886615923244
30.788289375842552,31.29799183549156
30.641774245791712,32.92778325305215
30.7377531150797,31.193143414700888
31.991393255666924,31.943798674635964
31.777986150392856,29.691045520984396
30.30751880933762,30.255510436323622
33.0436622634187,33.67116796048027
30.10079157364077,33.54837764647233
30.9283906108509,30.768878581612253
30.275786973931936,30.326409113787086
31.649667781968866,30.637627106922665
30.628020387806195,31.08527393043486
32.491148352016864,31.19198465291513
30.560539299779606,30.979654928932803
29.233327108343925,29.385756050506856
28.974783436981003,29.1690281864378
29.87617600742606,29.905206780313346
29.200497539105537,29.204705039615078
29.726562769238193,30.411129597213208
29.105438716128145,32.44358415724884
32.36769163391772,33.3236162699382
29.02343304001555,32.94590184436118
30.808581137883394,31.37182324409074
29.744094301427463,29.73896537274991
30.42547189488321,31.717097700102958
31.258552504922434,33.155599922018375
31.08654896724734,29.598320335280302
31.389913244079807,35.047897679937925
31.230827697850568,29.901434011661205
28.84929368366304,34.48888879056075
30.241860295705997,30.50405467270657
30.58192897321159,30.351074450419095
29.341949094157073,29.908112344357598
30.68302081084964,31.063717441932038
30.686372358564704,32.072907374274166
29.817832768766216,29.911036161650706
31.127931794367377,31.27258060506897
31.757305803246926,31.761381307729174
30.494071684744,29.764126693766265
30.5384949060034,33.806166317520265
29.55669669007632,29.57523608704077
30.00940242036236,32.574211980914214
31.25694555037804,30.689132058198453
30.984651707767135,30.258606442109617
29.66810988430342,29.524108662308706
30.06970595304783,31.90684505153985
31.182025443314146,33.87782613953582
30.58216280515826,31.89232913529753
29.970845075967535,30.125582719411735
28.817468757403155,34.76598904662428
30.364799722021793,31.899777265022166
29.572404764806866,29.53179791504661
29.521922055882726,30.078218688223394
31.98467751166675,30.458500015055723
30.095201668284915,31.44008168774775
31.14945429803063,30.139220693383063
30.427409375507715,31.208745687476338
31.931750394190864,30.371508619823505
32.208971518451044,31.27857918698335
30.176097373930517,32.649061282780224
30.782647639118927,34.70218925930483
30.79391234895313,30.451629478067098
29.969660173692155,31.242072827276477
30.56454380576149,31.31200979968696
31.000760386719172,34.33090529377275
30.59657863248246,31.242954665156468
30.812171104705612,31.41085442147049
29.53091049103889,31.35563157764259
29.473821401724443,29.600583559712422
33.18776802501239,29.178130526404114
29.20836793829201,33.328553292805246
31.220129863696208,33.02037412082139
28.661490210841414,28.82169512565063
29.554661937440713,29.813442884570527
28.99399846317771,32.27030560703528
28.79389846976967,28.91569577621501
29.128835898643022,34.663893716858105
31.4820295361357,29.87198767642974
28.710448169298285,29.481785041822587
29.443830547041756,29.80695198689422
29.70557513210239,29.89542382372025
32.22727046992525,30.4771648089371
31.495210892263795,31.58675873527962
31.616754699227585,34.70341917021861
29.761918135806855,31.1673564365125
29.52260160002084,30.421229695585875
30.252661466586975,30.84576603542315
29.492589910706663,29.58418903083792
28.54545158309389,28.72053298944187
29.587538366890843,33.171964457586284
29.82889045158407,32.19574729281865
30.320260217388885,30.582616910135272
29.68175456351455,33.25628357802608
32.040462863721444,33.35888278710823
32.01128830916383,29.810852971571634
31.244457367600216,30.773801299337325
30.447892651326242,31.073708405506526
31.00148845944549,32.17128753997855
29.929733110730123,32.32441237869847
30.68521511211102,30.680161691295066
29.897484688704296,30.319257940520043
30.65931183580135,33.83914805809408
30.747933607056915,31.193147438717986
31.517257874201707,30.678510427750602
28.48310811506768,29.0517466032062
32.05313907559018,32.241434616673146
29.460278716349876,30.03825792054334
31.040276633881597,30.142638907608855
28.773861854850388,29.31028624563516
31.239537749472905,30.116838535071672
30.15698569310554,31.990226866188628
30.69055000141673,33.76006162117218
29.884612772169454,32.65485123235954
30.012473611094727,30.42328324444348
30.00759947390467,30.417769500902452
30.52855299942501,31.168445514414017
31.568110073613198,30.916166745593323
30.150014369008606,30.76869489409642
29.831289203145896,30.232775854996596
31.482503126712512,29.88276366928467
31.23936828473881,32.298761885932514
32.476237480234936,30.792283318025696
31.801620217566505,31.799459940525573
29.381544821719174,30.008043929227792
30.029664372083307,32.55610290254314
29.873671169267183,30.162281928820942
29.25624600415356,32.994730381896936
29.741979452884102,33.6940300759844
31.29469017547251,33.33345275247989
31.80435282793342,31.35430521638588
30.028704730881298,32.37911950311695
30.213560688080076,36.93658376599907
30.35118273408612,30.419249324632233
31.625382004498654,30.958429998488988
29.841191900223897,33.882831702691746
30.029935271411972,32.38038048103216
30.443154092087852,30.9822531156857
30.306421406016227,33.727965374246935
33.01087654333558,29.104356474363087
30.223753296937687,31.83059006452927
31.41506807098989,29.967185809754508
28.695547096411374,28.967260534532503
30.202451155934135,30.23786611117165
30.84742475218836,31.158785818906676
30.461885901150197,31.672891560599098
30.215385532591455,30.805632454011945
29.894469848026077,33.83968503746387
30.183467910739186,30.664592415617395
29.499179959806405,32.4782025252985
28.387195578730278,29.195313181110123
29.529910755241477,30.595270125955846
30.096699896535767,32.57314533481213
30.63064857946018,29.25506972507656
30.679309962895974,30.434305496145488
28.55483585255438,32.29235558792133
31.08529094009419,31.662033625612324
30.082184275530444,31.364531639113732
30.065343065378315,31.602252526934084
29.466006615602076,34.48022150432305
30.043265420950938,29.838294420911858
30.838577058534305,31.899855656829914
29.634352568421644,29.762846648376538
29.632273310886244,32.92273783970059
33.25182157702292,31.598507159048665
29.39147620485478,29.882654553490955
30.50906949039473,32.7929889554239
30.73050464604386,32.68829959809915
29.08043370719453,29.029703998943127
28.868974161424305,33.30405205377903
30.120320196282652,30.36761121317013
31.249571445150185,33.82103987727258
30.80645451335611,30.88596692617434
33.17342795003011,31.619696468207756
29.199573577185344,30.43114736966537
30.481369421433797,29.85686323455351
33.747512810768036,32.67482643159278
30.39917409610279,30.414706342165548
30.47700746157179,30.542172756128736
30.45292142421994,30.066808603357373
29.570384796090604,32.92170656016025
30.583541193446415,30.03322880196443
32.34853012530215,32.101775400354
29.818867152041058,32.5282017011805
30.248033984849844,33.38510914461606
30.60588397588414,30.280472039805776
31.015969581508283,31.64534243479322
31.02267475499991,31.64493013091775
30.915922610496796,31.15540875391932
29.008476410105427,30.01860921035906
31.729205062966514,30.294493655301665
31.2958121194971,33.04820592683179
30.471909838176018,30.270736345331883
31.46553725559652,29.995845756865627
28.899653231823844,29.609159874407656
30.899241132904013,30.80689832648467
28.333003227072375,34.85359104264437
30.87916490558349,29.139790867449165
30.71336513717529,32.68081837269775
31.667133553945852,31.89682834093299
28.980679842319663,29.833287159400925
32.024694360192505,33.168597124523224
29.847974317252067,29.51362243072774
29.997774886665386,33.58849398688921
32.34982543469839,30.08631531122269
30.283313935400294,30.36845756706294
30.531091719652924,30.849790076438033
30.28112290169743,30.80559687585192
29.151771844331854,29.516603800658455
31.292160799771615,30.757788142838937
30.270005339233492,33.068588529362174
31.734500511269633,33.45723687655329
30.77498889374487,30.502924399665762
30.375100273618266,30.186459418334547
29.8986543734825,33.3409758134698
27.98738607541418,36.57347112890835
30.02376043466927,30.090807902214966
30.600039618829165,32.45463263835116
29.317935585023704,29.455309852528412
30.30157609562025,32.1148239327772
31.24081278820192,29.96847795535178
30.600352050365597,32.074328947605004
29.19929586191855,29.367980957977487
30.842829951293474,31.319225188314203
30.28575967153082,30.55192219087231
30.757586723646156,34.42677756590665
30.46634653293838,30.49676742454802
30.80305522300916,31.142853395069373
32.71050702242096,30.221943167105245
30.385052613208153,30.147302276365068
31.179970455437548,31.419040893702398
29.615137105879384,33.74076641925477
29.55972743241621,32.804907310781914
30.297623407481446,31.458550117647395
32.03460476356928,30.591722231042144
30.2319917242901,31.112692589067553
32.56891328327725,32.67521825740818
31.53584961470122,30.53851221076556
30.65138976361404,30.549790727513603
31.16908486367814,29.8071537769003
28.6329600246374,28.908921252088547
30.9624076358069,30.703071549126516
29.433052844304566,29.697799445233372
32.30248171172931,30.19685797529388
30.821811833519817,32.64354877116126
30.82995584837836,30.56630787220261
29.060401505303464,29.56731985799211
29.756607528269345,32.27976478051231
29.860975144860646,30.129622611747497
29.74365011381092,29.806250506509286
29.971834879102236,31.983316085602198
32.66950349409055,34.074486995502554
29.452506507090103,32.48934014378739
31.748032643595078,33.94975861187186
31.015420618830326,32.01523656947257
32.05140678565061,30.866181972647666
29.424266557031906,29.539146100862546
31.49343586070983,31.319448891793247
30.090912315382646,31.887531861894487
33.40689886329216,31.715034007671385
30.7145747614228,30.640556774301842
31.865531044627872,32.55169912528552
28.478465776082466,28.715955980366896
28.585222846119414,28.915170477197414
30.378501421535283,30.439089278705286
30.153185252538925,30.444807427207575
31.433098022924263,29.311189714862017
32.39903288771929,32.07451735741989
29.194962640650395,32.52388017130763
29.43239044634833,29.32189113992015
31.059589604980395,31.871498269317474
30.294961556408325,30.569853262272254
31.09178302513477,31.764804201067626
29.65691866876691,33.421433288210686
31.431832820899047,33.03316762097113
31.282507541517155,30.859867142820022
32.076296699646925,31.655934836925134
29.651294983128402,29.773955939175366
32.36794770832085,31.43948445938149
31.16619875725725,29.102808908793385
29.884801331629514,30.26154013233349
29.81784677609098,30.023760776238568
29.853733571518806,31.60528330053735
30.856725788276886,31.70987805556884
29.553440317249784,29.948743212750735
30.73844846783736,30.67592099209302
30.912167092816176,30.907683343039864
29.463144123297234,32.40940639126196
31.164825940797552,30.89956999820575
29.305100369502256,33.632689990703355
29.77712413830538,29.755631538157722
29.911376647478008,31.532624671570684
31.45981552133764,29.72073737763457
29.316493450405858,34.02560383864059
30.908086540275825,30.49048985429792
31.901146957726617,30.375335082105565
29.781723283081032,29.84828791560202
30.704923570289573,30.36284380285689
28.789070017078302,29.10127349504353
30.43335199909139,30.65968036193192
29.97389147503887,31.592238064447848
30.15688284908566,30.33000616436415
30.248164187925795,31.138778178413247
29.790311760248738,34.010975651871746
31.436217247526773,34.99763771823921
32.63539873584277,33.534959681828276
30.06553205026706,33.08672459340481
30.141082990024866,30.686051688064573
30.81711036566062,30.953099002064892
32.66327748619392,31.68385330054899
30.211767284444356,31.125481825522684
29.62056097988966,32.49752769326537
30.197389773350313,30.685830494918477
29.93549277507269,31.950478600560213
29.792774470918054,33.36418734331506
30.842967303886066,29.71370250423416
29.02149613531405,29.750493464548047
33.114124721986066,30.64021427430642
28.572748508502404,30.476255685261787
31.22717650845335,31.606685140390837
28.476206858488453,30.651510931121834
31.666302843672533,31.862672565893092
30.03792961542701,29.96778530131963
30.65579382768218,30.448533312457847
29.93291336072531,31.183128020250066
28.860907962472186,29.714306492052145
30.255993253539863,29.616676007554197
30.30103211456797,32.75108075894767
29.64108732635914,29.73325431254288
32.777734510810376,29.449871071908493
29.10391038728987,30.18022350332856
31.845993409459417,34.07690522530993
31.160443385900333,32.049652858237295
29.11211726032052,33.668735284579725
29.973899241445707,31.493404717874405
31.690699349318958,31.71477737548939
30.501492430897407,32.59096487645193
29.774155879340043,30.46111218329181
29.95086581686932,30.362819059380833
31.935584533239215,32.592996730797864
31.25291557757899,33.005522654949296
32.61515637477018,30.171804812258564
28.895523417011326,33.20724857472588
29.868247927350335,34.72712728344011
29.528728687023772,29.74391975941849
31.095230732882317,30.793406244130136
30.04210072960123,30.443296297814022
29.842443488743115,29.99701032871021
29.345208105653462,32.15868832978673
29.420805887826532,29.603696877706117
30.862773335210207,30.939587710729704
31.12978383815648,29.77421554068843
29.328227880207194,33.2723246595268
30.933523296016592,29.46155663194765
31.01715229747783,31.616637878275885
30.339546280200874,34.023812836747716
30.18181795120355,29.740655355203835
29.47616939528949,29.667493091944444
30.263664633798363,30.94614506390473
29.19891759878583,29.16043848306301
28.08049907311662,34.674113615615774
28.418467294023202,29.143527695367784
29.952995507786735,33.037223107928654
32.46808933276897,34.391973065662704
30.198501569619335,29.79224043045287
30.646147672183695,30.969731247114
31.151815968419847,30.945070205357954
29.278290090296217,31.604048030751834
30.113017611990376,31.55118631698912
28.939150109808196,29.51273780154803
31.20858549668736,31.419039480748353
30.495539665477637,29.49585147168655
31.20088849806875,31.538091751614857
30.609162818489462,33.37775552372542
30.941342993189874,30.62848088378333
30.553507872841084,31.436625337279743
30.04015284252677,33.64792824384721
29.965235169004032,30.10891614708559
29.452918297950518,30.230620552595756
29.954153686281476,29.620153837567074
31.023679123992572,30.179100799455018
31.066793313150622,30.317666693286913
30.186719708513074,33.57646540777058
31.02212752325562,31.225286075103003
31.47465659837507,31.8271842784602
32.97118734293069,31.328442009851422
29.584278242980847,31.32105059544501
30.55705209338601,31.478010158102975
29.7677710497286,30.374210042556626
30.67220985788793,31.49462999754369
31.33849529410704,30.075515099286854
31.30834989258276,31.25014402440922
29.59512854855035,29.718996536720006
30.822211241519426,31.181457761046488
29.392975952080764,29.548102329413982
32.60443677378493,28.816785759426118
28.628794642589014,28.629135535294182
31.335229234755154,30.947618622546052
30.804969194179375,29.354260821331213
30.86361788742506,29.764412736880388
29.859085760839264,30.22759991330914
31.377545368333077,29.59098025624118
29.870459473071275,29.71742095442817
30.65249855263997,32.584998831323944
31.244258304288408,31.016549952146917
29.2077887547283,34.50423940404343
30.215872834749415,31.201482020543562
31.53521875356397,31.454493519903952
28.900829906716115,29.30779043597914
29.808319533293755,29.046357864901392
30.298303042830245,32.760380328678664
29.79607084699664,31.985858510877648
30.816263739808612,29.707683756297605
30.13362317598082,29.89332051437209
31.11734221931,30.90955980542464
28.842129276807995,29.190021676674462
31.706249582430583,34.08218311654976
28.85023806563028,34.108635093458886
33.08721280077971,28.975999968735966
30.003365476620992,33.76478608461587
31.25810543866492,31.032060208606055
30.14041699041958,29.33802307167759
30.423225949056693,29.51734938704911
31.052443275949692,31.1031734907494
28.70961067455785,28.88067118951433
29.76302677771887,32.97452290404922
31.19655309373485,31.891484149376797
29.778152097824506,29.9519730317383
30.50949959056004,30.562466075051272
28.939222751183024,28.873411369459458
30.16915325287328,29.123828510750677
30.41286679361539,33.56064784109083
30.734257101702834,30.282535491571103
31.79269963087217,30.5396471691626
30.132241733156167,32.00039158555133
31.56804183371094,29.954933261204527
30.240030398407832,31.02042221885457
30.629389849066726,30.293004124096395
31.10025250058845,35.023682108679644
30.330371971533676,31.70385407604112
31.537609640467995,32.96965311773356
29.97198709864246,32.33177614314919
31.150721311329725,30.651510141746027
28.620505762925347,28.76586233365198
32.20943535638733,30.18847228594825
30.81253153440454,33.85319219040244
33.3816849834519,29.63169529180247
30.36622057820743,31.461315754254954
30.22796256552404,31.74806871525948
28.31344756811735,34.741413511750224
29.757566710842145,30.635340317584387
28.354617043429002,30.93910187469532
32.00787758310868,32.0266511221531
30.511329329138523,34.97731266590462
30.457389460479405,30.827919029051543
29.590246033734662,32.07625286472571
29.843954654029474,31.454295513939876
32.06950209108827,29.704327141294865
29.63110143547334,30.81435830800317
30.65323527032472,30.48351198559476
32.87898621390902,32.807631825163895
30.479586402322244,30.589794886965528
29.832608542144712,29.525780100923566
31.10617839856825,32.0414781223409
29.781315608095554,30.1569997815171
30.888051581162262,30.035117763322987
30.73942182656941,33.72291570422975
32.23614678133084,31.784763029664887
31.02197750868488,31.422336682341086
28.45965780786412,32.559270877929066
29.67790532897132,29.98281680487542
33.02535637004943,30.31511818403434
30.598693416919843,33.50773319718612
28.982641895058926,30.911813385343194
31.235292278276013,30.76738822017159
30.931777064526926,32.579835864523815
30.99695432280837,30.592010316351303
29.462603188503213,29.5362991228236
30.545038713294105,30.81534227368879
32.02877352375427,30.481389156747664
31.018762682710296,31.780381961502954
29.798612715031293,29.911512449858574
29.114637455402985,33.852909245446064
32.42086877442587,33.30572655562574
31.04946795249372,32.61062789196262
29.7192869468609,32.3265763155287
28.842953684595262,29.66370771714624
30.964774078786256,29.60560459300335
30.267745855134997,31.34989419768713
31.377036906479276,30.79748081759078
31.46390517211588,30.328615425398212
30.641712812792793,31.77739993571711
28.99664406931226,36.40275145366377
30.185240801125694,33.82256403296176
31.210788301437855,33.348218898811
31.314462487056154,30.22575847972068
30.010175632746694,32.810936206015306
31.570985409992222,30.560252521495848
31.281904668019294,31.7633774127196
30.0833895486703,30.720673256956466
29.092520850756742,33.05419536734027
30.41575743546916,31.664122611158817
31.09927927361792,30.492294097527193
31.082871876126184,32.19061095564295
31.992792154158295,31.771594750337155
31.640823617738356,30.049520642964186
29.571972253027337,32.192558952807566
30.613884604339326,30.905236491824986
29.492324243868016,32.46217283129942
31.708654969752864,33.34449275212403
30.369986894569415,32.16997328722866
32.320432599317,32.024445833831805
30.534110179460367,30.360114745624422
31.92502669168227,29.994324578926175
33.49765024476382,31.014919788477684
31.6303174091071,32.98253750347528
31.44145107990205,30.601181409624818
31.905792816591045,32.44071752080248
31.198940074952695,31.070394654526492
29.026408838282578,32.97516646636357
29.884266770314873,34.40026466303806
31.012481265336504,33.98069037850668
30.47326692742434,32.66647693737908
31.95061220811843,32.04656124377869
30.693143394910834,30.899890530030063
32.73624618756641,30.99885480006257
31.736857750853705,30.54576204647983
30.411524336588013,30.155528845881076
30.398214876442534,34.043464099239586
29.703775308547392,32.66293753794948
30.329577351502984,31.991211641505323
30.248792238801393,33.590509370011034
32.69625697645585,30.688889210683634
29.783244164428282,29.097088810101255
30.698135353885057,29.787581616741477
30.813830148492045,32.63381666388204
29.547986305795252,30.441598033696433
30.594022385295286,31.070592860611548
29.6987295616723,32.409264404600876
30.177171531458576,31.130906726867824
