ssim_unsharp_otsu,ssim_unsharp_kmeans
0.19969294242787686,0.22442145619606793
0.12345460797757261,0.7222277294722016
0.0629463900814357,0.7835684709503608
0.05983631452027243,0.6884047294682493
0.19450542502695733,0.5856926437136359
0.0848034780992248,0.1547954102715301
0.10029994379803825,0.5499639232017203
0.3417810083749464,0.4423417869741342
0.08769861591587207,0.10067014900406555
0.004596458974809333,0.24423122992772642
0.18317920924051742,0.48557117433736413
0.03951522065787364,0.743393090911635
0.21175196098028173,0.23902418437446205
0.015040584510101379,0.6991744105039729
0.13174012746014266,0.538183359174622
0.010027759247705215,0.0026967462978909943
0.04305035444405907,0.08169282694802245
0.13733960922423916,0.17398255348760708
0.0020945642138824774,0.029305984126675833
0.26445570388643186,0.5987873170314321
-0.02685105636802144,0.7923560700300719
0.04336142646272711,0.11453906324469883
0.07186339098927481,0.2252020807277487
0.24909259210322351,0.38606957934910774
0.15136595275394893,0.6733967452498004
0.26112406604165045,0.44146398588413455
-0.0042800073688734645,0.10098714436662819
0.03409913321028025,0.11216070966677988
0.05477047674726162,0.7346812511496097
0.22571995894419317,0.3386555802245484
0.04236643117764711,0.13478896664336523
0.08827259347984097,0.6329019398736307
0.016870167270441442,0.6131885055658329
0.12221880209264087,0.6855915045637156
0.06244668543235734,0.46367051358012096
0.08929679340171011,0.5292943219966718
-0.05898327931209172,0.002193696943814322
-0.0012859966119381254,0.6708370744604523
0.06998503980796827,0.4886350024573985
0.020695764342093123,0.18771859402868252
0.14816085742645155,0.5354023413102845
0.23601462522045477,0.23861165629484737
0.12913998454161643,0.7595057388072682
0.07771767515309057,0.16908511313975993
0.1360328547708104,0.6900040574676153
0.3821491993771103,0.36495454941795674
0.22584274861916986,0.4968659746041793
0.22736759325177433,0.2686777743242437
0.040688731562068474,0.5228368299078182
0.014987233139557526,0.6107924800620458
0.09130774222751419,0.7689363046775575
0.21173458820000032,0.19871634278302971
0.025927577219536924,0.2680353263109994
0.1074174019363885,0.646667318425664
0.1704428999687154,0.6246892964721488
0.059080352670516485,0.08619066925951975
0.041087861438124915,0.08456008188929263
0.0842568172523806,0.6931736558790869
0.4251028327241531,0.32483803576707165
0.02791373726522602,0.050509735776068564
0.07701008219472534,0.6262382353167261
0.06979733692478375,0.7218853034343718
0.2547470329384558,0.41122796970950254
0.05478590278965421,0.681827557977959
0.09664584538648326,0.20108612102570497
0.01952213713210628,0.07925414623117148
0.07025884504077606,0.21998085308994686
0.043542030151255684,0.07530983305919234
0.1259106080030432,0.17604261746293318
0.08278202015614729,0.6724816630776007
0.09105257330895784,0.3987500946143467
0.09706872883303225,0.6829522199243275
0.17994535768232478,0.21246207282954324
0.08495679070665345,0.7230660329538114
0.020999341972854604,0.02433601933651307
0.05655626716284859,0.10855529960902362
0.08010405540072031,0.6682086850401964
0.09723430959238388,0.6831123889668648
0.21320478110479088,0.19218310316051282
-0.009926187034821258,0.03175756166989686
0.12565757634883734,0.13336926953666028
0.10715249751024296,0.16463208684708205
0.3783454438398768,0.3720275369597957
0.24340025303561894,0.4337667790339019
0.10408515436448296,0.6285297937493913
0.19791691017282007,0.21728369535920813
0.11094978473017088,0.1762801072573692
0.047206792067521396,0.06756379681298826
0.04093431511448984,0.1364645433447017
0.07465856253679673,0.10402935820066483
0.1329951610649753,0.19163679283881532
0.15424018635629314,0.2801880026953512
0.17469182257799298,0.2104575436978834
0.11485012580666536,0.154348744400306
0.1712404338135158,0.6445167601436287
0.0768339028353341,0.8185042028525867
0.05192369135431998,0.12401445786252767
0.018173017528443854,0.7808353781037697
0.03801856316449146,0.6620053765729157
0.23721217106581363,0.4942269949376746
0.23871856809748318,0.3662635878926497
0.15909273215352948,0.1903072361634751
0.17372546410671555,0.5763927596824949
0.14422100868768384,0.2098954207154694
0.3750495145274359,0.3843170665364945
0.030121900921562184,0.7167620184301579
0.10985287689726436,0.1433765909646393
0.18714562321267428,0.201234823991742
0.14518423468284106,0.536332768542335
0.04883703550278127,0.0901917473822036
0.06951793332350945,0.13161014072392507
0.1508974825948036,0.46382687833618874
0.04833901047591774,0.08990636685610619
0.0645259933852185,0.08712683922928322
0.18718683266549505,0.19270964413337144
0.09474327731955491,0.14549367077694383
0.09850931531809386,0.46887758949482344
0.04391639572903877,0.06457375445222772
0.12393320598957903,0.31564446763776527
0.1071529172628027,0.10899639285654382
0.12514811227296396,0.08780800116004922
-0.05023664779931374,0.6408562070659802
0.4195880554605618,0.35231076745271545
0.08814068869379478,0.09891486325234833
0.10715123385480434,0.1684488891349242
0.1771595613861846,0.22121249940432627
0.249587501636249,0.4527440378579794
0.043626856996159875,0.7236629272930895
0.05310150296823037,0.5682963938576117
0.16233141833078168,0.19518271531013934
-0.013991355817424028,0.0008134087030353248
0.01846684803676409,0.6309140750213568
-0.012668760417445149,0.01705631127812073
0.1222427037561452,0.6295282013168136
-0.018481828398314096,0.0027638430869664416
0.038174090203646115,0.6891798688994344
0.04866984327295835,0.7326511895272855
0.1396656596982394,0.1587732471137555
0.06771199103811758,0.5209537587863586
0.02466575401342891,0.7122423614832162
0.042822683622442174,0.0956965736155697
0.10697760468150301,0.5839865241047472
0.08574720798746056,0.5991500129695319
-0.019070225273389346,0.7553558593972166
0.1627786032512221,0.20185834443982875
0.06224685564146218,0.09422407756501945
0.20075390366616144,0.49390604346477174
0.07262089269587081,0.3437111830829944
0.02512087545456632,0.06246287334255479
0.07110644624447526,0.7158496172198147
0.028370465126148058,0.5555043907417172
0.07615479948252118,0.11437171967379771
0.2117057511922863,0.5112547024985312
0.05777931974479946,0.06934212815526314
0.06231901192061934,0.6539344569094238
0.062192948560742804,0.7741316564371737
0.20770658334916411,0.5129913773122533
0.0390990171872329,0.07045878283244959
-0.034912567851440104,0.5901601866994972
0.08968344071181977,0.12880085723544493
0.011175197902653903,0.7927999898447035
0.0718867503371421,0.06339077835061419
0.1829065625882361,0.6836184034024487
0.06996593366723229,0.6677568370395726
0.020719029799842283,0.06101577208722473
-0.0023977584918712315,0.5803249805153464
0.02054879441449612,0.48757858559709444
0.044810308447986856,0.07556954817287825
0.09311018629127449,0.7228620958522036
0.2136045701205973,0.3380539549311106
0.07710435663135734,0.08091738378272316
0.5205631906564344,0.39452363170935695
0.22443722070778058,0.611792375096798
0.1819429345328191,0.2108407865546976
0.07986809215039879,0.7293569355387529
0.1652826426787818,0.2155087135013478
0.022212485169963807,0.6127520334662754
0.09908926146143243,0.4678515371235941
0.10363938290276263,0.6190231048562072
0.026951431154683972,0.49390487793843785
0.15705672774753085,0.15429351449613157
0.143006130394268,0.41467437269300483
-0.008930128358314901,0.500172482962081
0.21307489460492582,0.20834919272390603
0.04241330023569248,0.7572389426057299
0.06979077037928276,0.0909734751738831
0.17761161205380863,0.5636539685445926
0.3044665962375661,0.4193596040016873
0.11016760064768348,0.6818428474761657
0.04075714016878532,0.07339268927999643
0.09932487853794568,0.36868765407218235
0.10872621283942614,0.11395852373896814
0.1317400648995449,0.5618777453469028
0.10100614959325722,0.11943766497550079
0.13062576312972982,0.16308404775858515
-0.009468670049840651,0.6652505970853887
-0.018655139004073912,0.644964717300201
0.03793534973197355,0.23360825180256936
0.0533559283638424,0.2844480837537296
0.03791744575097741,0.14745789615204005
0.12368405843390222,0.7477128310434152
0.07019110680164871,0.6088373541262512
0.1143757399532031,0.1895236366780105
0.022292346231970208,0.06610505003999706
0.13566585379729276,0.5994823400439275
0.011224774420830856,0.6713793685332646
0.19863758030057932,0.4513065233169579
0.14123755784931102,0.2352125935024274
-0.014480020838066357,0.6552237152445267
0.0048473414133044495,0.04373727772960012
0.041337648922950165,0.5730185511384125
0.06579748703626871,0.5566469426881571
0.14965296609063133,0.30320157636274975
0.2587365811500572,0.26899967901194866
0.16345052713034358,0.40136764775810646
0.3166326744840233,0.32224099037628945
0.10157125027390236,0.5705909773234433
0.13810786954730592,0.13499099901253417
0.17657972724207216,0.22055741133797957
0.12167750907525517,0.21955246830823325
0.14829956390889565,0.18017985372111844
0.09663533467258269,0.14964485614070458
0.03895036561655294,0.5768336164273115
0.005575661578753277,0.050777680630460724
0.15241922793799742,0.4920234702046107
0.25673886827757175,0.29427838617397706
0.22029448293802092,0.6137517542093384
0.15671471847131704,0.5941940458853477
0.13827966586175197,0.48949874968777696
0.14159372698456074,0.48204447228023817
0.45041923638717635,0.35606395613576414
0.22246181854421002,0.47022307208584596
0.10914253802898179,0.11172200544017812
0.16394190317336232,0.24121536066307345
0.07766156348688073,0.6796145268723356
0.05239184141927502,0.07917574950374169
-0.03144628011834888,0.14549302237806946
0.11184844651235311,0.13519475107821496
0.00013537506212311692,0.14487563737612827
0.08544013148739826,0.5251869185859718
0.052665578716675564,0.056844918498178736
0.045840302240532566,0.23322726968363172
0.10565322165241696,0.13908834843192722
0.13033395335367265,0.16168815272131024
0.09523439513589486,0.5687479639441317
0.10877680401282037,0.15422580678022965
0.13000692357787924,0.5685863415574656
0.1022608262668126,0.6751126162580388
0.04778771174642132,0.2644911141303788
0.08768890222419341,0.6249091834353152
0.03653390884808138,0.09939652837582291
0.13776570540923339,0.2655024339079326
0.062076832099299976,0.5851541208673249
0.017285188797845647,0.0373551988363594
0.16985149107064176,0.20708964696085708
0.032974406122667645,0.0915141444530121
0.00518829479737555,0.08099224975240525
0.04826560138291147,0.06068676367592027
0.12013066719534708,0.6565427880896552
0.11983699443808747,0.7205212435794666
0.04175380005325571,0.07362927993689626
0.09333268285180303,0.5095288641876384
0.15870255943890013,0.2137872549656252
0.07104413847609604,0.6893680961734425
0.08708600001723227,0.10855700493690003
0.18624246568806027,0.37150999916054045
0.027112379584112094,0.06947064238793658
0.055982723468917445,0.08245296788967589
0.08922767370007445,0.3217520145582329
0.029397522840287894,0.1329310298375098
0.24897414678412275,0.2573210242298833
0.011245884167641986,0.4662543495432228
-0.01122388163288716,0.045789839168943275
0.1599406380099551,0.5614305927834856
0.024136711898169284,0.6280211951471552
0.08031219170510619,0.5134298015884893
0.1999130533472638,0.2127028375079457
0.07368718569036123,0.5317490612514834
0.07104241555200726,0.6709062984757471
-0.06940852947672291,0.014978194620260054
0.07389259310774547,0.11075251019726874
0.07150064800908001,0.792117272630651
0.1236646379734274,0.4499367600693586
0.03819308890456515,0.09557295843225223
0.0007292767354513618,0.0557785801467138
0.09244217378723592,0.5366593890095099
0.11492770015973197,0.5808813540061145
0.007272849326207548,0.48692310140279843
0.12086028768402707,0.36182107850099454
-0.0044070904684581575,0.8511868609971676
0.06988788430073041,0.1340508385897268
0.12152755842976799,0.6177184119575392
0.07137072589462101,0.6901587192625162
-0.0028812650590224385,0.7257821058988759
0.0030415326327917548,0.3049087187176363
0.18255510451474025,0.1909332568933985
0.1367665035424176,0.5618736673038585
0.07639848701246636,0.11232797564132922
0.10694314416438848,0.7087829109384565
0.1470974150982388,0.6139574332245926
0.07303283793051892,0.7209610378040461
0.061372758005178406,0.6869482064117043
0.07560018360603475,0.7222619439224433
-0.009940465875757412,0.1976634710184094
0.09814779968845788,0.5970248924833738
0.03778658523455161,0.0365487607829515
0.03235341054408538,0.19826004325096347
0.03479823868163635,0.6688907329887718
0.23165943053126492,0.5242282201707519
0.08013807656695136,0.4877468637327773
0.12125041900563867,0.1736837838592363
0.02271586534325712,0.09341948008315448
0.12738942243481038,0.13412770408278676
0.1310769560245254,0.30576298127190205
0.02795390498586087,0.7531005414959632
0.17740793709507216,0.5001841412679192
0.19451777764336212,0.5009553150189808
0.032982709751313094,0.26787952591854675
0.07987818528680576,0.504761482761272
0.08624357410725379,0.6872396747101909
0.10227450336640855,0.48801525438896914
-0.09834413875329466,0.6458710975069352
0.12614572670687632,0.6226243681979905
0.07720171961285299,0.10137405407959928
0.07440852681097469,0.6517853076889805
0.11641452487510638,0.15414790782807922
0.12713908770714744,0.15205203744374782
0.18639858358820519,0.6021529902230225
0.16060460021704595,0.19145493660249938
0.08598682584883177,0.12088964609512903
0.20460439806987463,0.20417057118283102
0.15602320939279388,0.6076515380461794
0.0701455885416652,0.62732188240011
0.286459254801963,0.32258872455971227
0.0122071089019013,0.6963979937122842
0.21012802069536493,0.5009051288019397
0.09635655281444117,0.11767675340143675
0.059205154519992836,0.6390005159767419
0.2115070929036913,0.40460395470051386
0.05709908686314772,0.6598355889342803
0.09824838322668439,0.5740634249997708
0.04600153464896197,0.09485977275324455
0.050890807088847724,0.6643670672177987
0.15666185427275744,0.6072606440439331
0.4308002050941744,0.37014643049584733
0.09220477822534241,0.19491383745727145
0.10563143507770806,0.13186219320091394
0.205419902573619,0.46633112838585505
0.025124230518886972,0.04287413104512489
0.12064571846906984,0.09535611541654425
0.2507811903658214,0.235372580045609
0.2028266247546854,0.2632875309269023
0.19096994251352203,0.21422893246983268
0.0004641418790793019,0.8497440442648095
0.09309384566710917,0.664348465498812
-0.0018791343591299497,0.6435556976004811
0.18612038926571076,0.1824123547546377
0.33059701492837923,0.5329236380895309
0.052998393520865106,0.10336178267706837
0.11217513197675259,0.4044847878923106
0.11941316636155196,0.1433980024890796
0.11048527144019417,0.14951321923310787
0.19725811176259989,0.24937770964510708
0.4092603079999737,0.4678638876749281
0.01095462456443138,0.6566338484537648
0.15583056407064635,0.2542116314534832
0.2032841087627466,0.062033777087491394
0.00760512313694637,0.5598264671303682
0.17442693769163728,0.44759961409671284
0.26161499525813503,0.2041299937245353
0.17353856473505244,0.5828894641526362
0.05223473227555916,0.7245272974055071
0.18041135739624736,0.7150459283690987
0.09192063846632481,0.26830419152828594
0.19559843864932394,0.6592098527956929
0.045953940929612136,0.04824188530809293
0.17567787497379947,0.5478018621766777
-0.025045754197799835,0.4622765082870009
0.16863309356412434,0.5420284030437935
0.05722008553817992,0.06786563564637231
0.05532838754213431,0.6459307120880582
0.09636022311784559,0.1655832220428552
0.3591480264382798,0.21919183149955165
0.028965370669393687,0.164529893802598
0.17816011889077724,0.14722401288137563
0.15618548250331,0.4967243015870449
0.10267842329372417,0.12113238852809945
0.16027569841435285,0.19606592670057366
0.1579273049448368,0.23396673289115402
0.09971309972511526,0.6011409276767381
0.0006600690377223517,0.04152498134908635
0.1798227453081909,0.18042749797683014
0.05138648365208328,0.6714259122364182
0.19486869222684475,0.19744967456729554
0.07099929268008807,0.15099344759119257
0.07602579673238391,0.7355649829085973
0.0482342943257791,0.5167257000997393
0.13092665180092727,0.17357378081162547
0.13492021983698746,0.6811993988474931
0.15567153120481644,0.7168303629485413
0.21106839888747778,0.5096135808474753
0.09703459611267784,0.5812774884440195
0.12743026199143195,0.29434777276756535
0.06978281594188637,0.5285675611194053
0.09279840414418532,0.3699849966037742
0.02840341245816091,0.011976755582007186
-0.022750859712334984,0.02457102056771544
0.006356421650265078,0.053546227544683335
0.09971179701519102,0.673162053820945
0.15312113563846103,0.19866150164579469
0.20753663056563318,0.4102324511856921
-0.006306040229966649,0.049259675332450625
0.18388145654978927,0.21171176332156919
0.01186550456523005,0.06668723549924588
0.15265510831449555,0.5847086808045253
0.08169576410957223,0.5761412138527757
0.04726225995373928,0.5188036742993719
0.04977898935815564,0.5937760731480369
0.10837860917800474,0.4508072336693942
0.04601325581407039,0.05292831158366343
0.22352566765132523,0.6826118296350717
-0.0019789064521705713,0.6497687420637204
0.07723135714368577,0.6605287148633213
0.14427520969311294,0.11016902045958658
-0.011842602238691,0.7163312386047859
-0.005285525505014183,-0.00392991506695158
0.10554573519746875,0.23136788995918822
0.1354665028471028,0.09311612234146867
0.1036904272083052,0.5356461832785607
0.19697935436449607,0.29634836545818694
0.15484375413837612,0.17976481494285776
0.03464005513997324,0.6235638820390277
0.03501811365998706,0.19679431048249596
0.13409552553834878,0.6792243912008441
0.19511309523995632,0.6603868644849732
-0.03563008531017362,0.007721256890303261
-0.004695400984993882,0.6390506100209229
0.005818454083707414,0.16234336690356452
0.12391224084204616,0.1526221439818178
0.2027816240297123,0.5738770182315424
0.2577549744248165,0.2882356773566301
0.0868543387494054,0.11797638269813542
0.09116262951144473,0.1034412793041819
0.20073667126296801,0.1771150415998074
0.003947973527429884,0.034138185804388134
0.06051361743934341,0.5507525357106777
0.029534507722503902,0.6491951432314936
0.07660598222880728,0.5978079114559556
0.09472303174702139,0.11850197476849726
0.07687311710840349,0.4683533293057905
0.04484711421969404,0.04292402816955277
0.10028018516781144,0.47555434835321675
0.09690194166750767,0.1623869371960561
0.03138588081209213,0.7099287560052222
0.18641945864893342,0.22259580796102577
0.09909561581190596,0.4609193725711122
0.07176561974335231,0.09852028834812425
0.28443018840752715,0.5740205020576932
0.08897968393319229,0.13420261755853055
0.14356923231253627,0.18877961532508367
0.02686261193051233,0.24327238991322084
0.13053994949634842,0.10729642211412567
0.05462030341767482,0.09792926086385224
0.17543956111331527,0.2993412642776115
0.2883923664831906,0.38751918879552766
0.04028586995442076,0.2506563210715318
0.1021327372341766,0.20124626672614213
0.10224499551775729,0.1034169553690419
0.08194860661230147,0.22088661871379958
0.10496452387774513,0.7449185701801005
0.08114683455138598,0.7217855986430101
-0.010901023235232716,0.03963552625755378
0.22644472760679538,0.20842273616945373
0.08222142171319777,0.08769559689907956
0.4545904752952734,0.3082427800433924
0.016593706813300555,0.06708863435100992
0.1069316964136728,0.29802995471555893
0.11133919331333127,0.18461306745469938
0.24032783270400052,0.24529614343001882
0.204206694241836,0.45469332679100066
0.0625077417411413,0.5970006035449231
0.029613791820157567,0.21862909980316167
0.013539993948189428,0.5917712913620131
0.047748971547993534,0.2033839166042888
0.10049308469610733,0.6191499242437041
0.1528083218812245,0.160448595401747
0.27551954935444595,0.4233089554943521
0.35611115134131976,0.35167657508567035
0.09549703723662284,0.4624166408239218
0.04728588608556577,0.07247039946369109
0.021083961229320162,0.04028839555092537
0.391384180412381,0.35664772427799246
0.09260782260824986,0.12130840326837888
0.16238966101597055,0.5047999266631602
0.11082925388992143,0.6582848105941034
0.2546936394921665,0.319710388829097
0.22999051707360021,0.3142988047769704
0.007261404168455536,0.47908527295442144
0.08420531867799103,0.14118118963420265
0.18267188175310775,0.6223477361352644
0.10979184139285264,0.1436927945361528
0.004822467194610355,0.004390245582301051
0.3981618829302143,0.43431195380063253
0.1387514539464035,0.614601226275986
0.04592559827012297,0.6888175254651729
0.1128588168445394,0.6476998580045444
0.1393409975834201,0.6340469113558773
0.14739686222270743,0.13939045409195341
0.05595421652248784,0.5531056884135688
0.1670318229396011,0.3952069531429758
0.12365400765657393,0.7091096919789375
0.12547081115305314,0.16154065675146584
0.14076004250756693,0.4526497009750001
0.06646565505859635,0.5691268543152669
0.1435855730528631,0.549780489510212
0.010281698050369766,0.6432856681671796
0.0649433425202875,0.10348933859396237
0.17231412534088383,0.28087411962943815
0.054405879849779924,0.08648161700741401
0.20252539606144274,0.3431525298130161
0.1273220121221372,0.5631265219007032
0.0688867370655706,0.05972341524370234
0.0443136407657034,0.6933441327187735
0.0850269305442729,0.7016133805037787
0.017829253588496335,0.4227302823242171
0.06569459344459018,0.08162324090172955
0.16037163434513446,0.156892706349439
0.017439754565533917,0.824215171715175
0.10162819757365153,0.10867344279343776
0.05587769302037069,0.07150982593565187
0.06174402472121204,0.6267763083969834
0.12243724468345822,0.5095502954926573
0.15041274419024284,0.1319229436905406
0.024461877911201597,0.024464596649927912
0.10607254225364725,0.5012144225716937
0.11395161275927142,0.6438423221681325
0.15147439058240908,0.33552037925054606
0.04885302851213611,0.49818123095289674
0.09771000327677132,0.1865843538458201
0.16782647937047757,0.20527955335058876
0.09377585794191429,0.0892059202966795
0.1346517840460667,0.3873839581704294
0.2999487292641674,0.4764813952662012
0.15002409488278065,0.4819128484403494
0.05151487195182297,0.6054473545098656
0.015791904463440087,0.7309520389080909
0.23154754772745645,0.38689619567015027
0.1918681995652474,0.44067512473115095
0.048929515081881154,0.503078284849329
0.033386498408585916,0.6492810576309879
0.15211216348656273,0.2274467448482811
0.025590499384259714,0.05971830361217228
0.32813223029765143,0.44688358121455113
0.027872180515807827,0.09472217242419635
0.04070891986620472,0.7723512019194252
0.3096483307047592,0.2864938667203854
0.13006089784163075,0.1530463083507101
0.052048156427688265,0.5380146769563456
0.18280172669684694,0.44540294040244593
0.06348738187046846,0.08664770890500482
0.052755614364079516,0.7350798942110472
0.09435580294630956,0.6683200750524656
0.18102848749636566,0.18655999673738077
0.04566999257995604,0.699120609195338
0.31744915553423697,0.5087225195643698
0.10027487493844596,0.46293193525091864
0.11840613661720627,0.5398883937520238
0.1571566810208954,0.1453058210462204
-0.04318201781292869,0.5983506109605146
0.1685258157769641,0.6269182943585557
0.15133810748185103,0.23728711083104956
0.00030544435247585887,0.004590960489961826
0.1378428530097024,0.5473718225890091
0.04667583468324871,0.05795134853169379
0.02176649142739261,0.5983201729211604
0.007548322516171443,0.5517357435742987
0.01053844139675446,0.6416072355797532
0.14357067942240298,0.19126509867545025
0.012081126574824817,0.5692711048322324
0.07205177017129238,0.586685181710375
0.10754452885034922,0.6498024965224668
0.05009351956604278,0.05174395015161354
0.07840098655749006,0.11114203547129509
0.015653786769873685,0.054648173703639176
0.06162457147814596,0.745608904789862
0.011242652403627292,0.058564655362607715
0.14431806451910803,0.6313020331638997
0.11308522744503037,0.5516063461900527
0.1977581867205408,0.25709929632248546
0.21848085294085415,0.5604389123478809
0.147856311482269,0.371524834283201
0.15219984119557742,0.3165294681571749
0.2718014098943893,0.6131075881141076
0.039381759116925166,0.04359846079276561
0.17663445520022644,0.5815587557334495
0.04967923791161655,0.05340790422759486
0.07292993471552815,0.7779224768091763
0.11932708692092626,0.14055119293953006
0.15004133988698673,0.28171619751406435
0.2221242510532634,0.5230256390308882
0.16076941702478453,0.3246989587128224
0.05881639810790793,0.09904647949285673
0.1463826052295961,0.6217915406963882
0.18893708600794198,0.5009464280755239
0.10573804793550813,0.41052680402544656
0.04083658601658425,0.11075472604953546
0.12516153836914665,0.10924786429782106
0.19098676393447533,0.6382551376029891
0.09894294393917787,0.11647611104176347
0.06253358144120712,0.09044632243753081
0.02942754474008981,0.6664332735413038
0.17364786229880838,0.17323506757085816
-0.0026083578534966713,0.679745846329958
0.05727939465288903,0.06240870697054699
-0.00776839752315911,0.23872704382698254
0.017675807879245057,0.08455020425445738
0.0575990250797882,0.4994931241375335
0.08424163699611059,0.1370146466238613
-0.0026952259157675255,0.8999538834089291
0.21994228631910864,0.241416657696261
0.08836067689124176,0.5918701327135213
-0.0426231656875655,-0.03706438276146369
0.11538672155755347,0.626285744502502
0.02242336901119084,0.09176455327205764
0.12100213069023906,0.4679921426154647
0.17525460957804442,0.5061238577324403
0.07958207997214452,0.18927716864419566
0.02617388926983114,0.6529404836136058
0.056106034261679656,0.09607660024461544
0.07950088367222173,0.6529209170707384
0.10341876633879583,0.22476311541610483
0.02345542677522278,0.08360252079865708
0.195631841405531,0.27786193459830993
0.07209082172307744,0.1503896387195073
0.01880874115359066,0.08382196711469155
0.09334672148281664,0.2637967996100701
0.21664618831206003,0.12359201399914084
0.13354923689676768,0.7245149480941618
0.2710810837865711,0.27018775735860223
0.0666127240412928,0.6677326416771431
0.197027784388728,0.33447233334235404
0.14990340971722685,0.17632687289089186
0.12577632907769323,0.5049636728481326
0.24013269775296195,0.44436300063622397
0.1159448829438171,0.45866689406163447
0.15282793240240947,0.6206058907306925
0.19334405467262783,0.2140058890257873
0.12872765249231147,0.6195604277426024
0.16704287570501494,0.555539811080191
0.058883896887881225,0.11844635637048882
0.14259747576393178,0.23378995423818136
0.14959398234295052,0.6344603907465401
0.16760323815767472,0.5199176139851716
0.023082367572479657,0.018117904212621803
0.15891288481590082,0.6562207168588674
0.0340682569494083,0.06202453112335752
0.15651619745196557,0.17110566240646755
0.2046397339498978,0.26452656635209454
0.014674906671907987,0.09351158396253638
0.08366512836451483,0.11136575356766382
0.09243868202700116,0.10323944747350883
0.07819857912545591,0.607175620580887
0.043556690486061776,0.05260481420162035
0.06625392156926631,0.1560585633729714
0.09270484354287711,0.6376605442697072
0.4086878119213179,0.3507978085981324
0.1619171507284066,0.18134005581688176
0.12713766973319962,0.6520556020550545
0.12498398674573226,0.6209746758151318
0.041289983313597046,0.6710367649422017
0.08471916711085725,0.18490010972511328
0.0976644244816731,0.3020868061731133
0.13336805893218084,0.19878390968924295
-0.06164178472803799,0.6007876981829668
0.05208450336003347,0.48687611139061326
0.13067212409017676,0.19687278588065737
0.05729043639517528,0.7788201525501015
0.3677518381415131,0.26921217097552375
0.22666323103815036,0.6167504881801043
0.0604173064826574,0.6902678886251934
0.17455112739156167,0.19097395519179375
0.10754303427002126,0.6247402054209384
0.013274118534198784,0.7309077212284483
0.16377788724510914,0.7600496798721316
0.16097563657619923,0.2768478412577854
0.21462745713398454,0.5502255134944557
0.2022770258067523,0.21376380556841065
0.1313171751099894,0.5877936451125053
0.04977757441821928,0.4665985720121588
0.12948348032714682,0.19705696594115776
0.38816085271647144,0.35519886152293473
0.1270699732390204,0.1434311249454262
0.37107584618437056,0.34186310821279187
-0.016299212568322917,0.7289521277700247
0.12298773154506114,0.22019484791203506
0.1627474206179242,0.4273882038707681
0.11612374005612518,0.10122934255655287
0.016679504806461975,0.05709197641416172
0.03249680705515048,0.5211917763175059
0.058352504425481816,0.5577684962828585
0.10795469221357724,0.6614610560713253
0.20164249795782818,0.20972508392615863
0.11484853036705678,0.167236833061428
-0.029996781565593923,0.5322695092797946
0.1889532360253409,0.35277251926588266
-0.005879476212163215,0.36356758341642487
-0.057731854727151845,0.589666293714623
0.3140410658341988,0.36853069840621666
0.0674980134859736,0.35749556857874126
0.11615750675796628,0.10926927276567121
0.2281617994662064,0.15762371350074708
0.1501653061967502,0.2448723090454661
-0.056644929470882864,0.30457341841058266
0.05994871958255701,0.21342362179900434
0.0811389971837379,0.6422032593129665
0.04640568734399351,0.5446037017937683
0.10498297865356505,0.10697251931321387
0.031534313350850274,0.0763609059689094
0.06137435043530892,0.7288145597467272
0.137072251394543,0.5265237248241924
0.03772881380291331,0.1628559599657371
0.12851769285233017,0.5437098928997717
0.04824998265970792,0.305609404174175
0.14130467279470435,0.20088430764742427
0.03426444182468436,0.8422043507714531
0.24345819668715915,0.40991292937869245
0.1645335310725499,0.6507216018768212
0.011311520476054097,0.0852578947114222
0.3594121656659812,0.32915352816324
0.3116897077676671,0.1674152115427722
0.05235036954422909,0.18909483435720628
0.09513283100661506,0.1153035650518248
0.12575267516749236,0.1822529745194825
0.009026558311556212,0.17787495314548707
0.19268561687213268,0.21146727379684205
0.10041406308299221,0.6684930367196545
0.13432752803223688,0.6044119232461086
0.022703763823544002,0.7767499051969615
0.25365415741097297,0.3154752612112041
0.07137008664589482,0.6773366141686209
0.02909345383214566,0.0375508899841382
0.1533021196903628,0.44602319631046566
0.18889843104337042,0.6288332558379207
0.10581843705225173,0.5929928052841563
0.3476979109769907,0.3403118504028684
0.1043784966579719,0.5552241366825492
0.10701220191821807,0.1261131378963473
0.25379667795104077,0.17765500655526467
0.04949988060058345,0.6161960784539942
-0.04372682690525362,0.5511721976815177
0.08233982224464176,0.08904350137016438
0.15388327025767323,0.2732166795145368
0.015256145225059947,0.041831396322925464
0.3866669013571791,0.42178925664632416
0.05984347267171817,0.2313616450584406
0.1585277624331298,0.6290100844989358
0.21005252343096678,0.23256702328774578
0.09349172185109134,0.7066196639486556
0.1660145937605811,0.174982925078333
0.17634196795919257,0.21931193887716885
0.21022766161804543,0.20439141408100325
0.12236936282010498,0.16902633212166376
0.11203132668733003,0.44940025981739523
0.1876653127072447,0.19888434246806722
0.1558702795017073,0.16256650925249727
0.06735162388723727,0.08503498164312624
0.19211772897419346,0.3328020605775774
0.09296532715513374,0.15870017524062174
0.159235551335535,0.6950557036268089
0.15417542310896495,0.1604055870424517
0.03172201562537509,0.06400566694411165
0.08237408128813849,0.0761822993676652
0.18015101452861682,0.6510887366240116
0.10722413069449148,0.12173554621855774
0.08688260016235917,0.14515995658002814
0.047559079862151014,0.10982389586684758
0.2077594515728521,0.5177851019586911
0.2992358334175417,0.42957714393038365
0.32737024340005894,0.42027725413846984
0.021998048551364852,0.7132164829802902
0.21231102869384877,0.4542654136534827
0.058547921303471674,0.10097708260955528
0.008394350196194965,0.030996504876402913
0.13836613080429572,0.14887727717329072
0.16417278053109943,0.33434469974869097
0.0625789339113182,0.5759711245981074
0.04514255734118211,0.723498200122712
0.057178324605520914,0.11608443018269682
0.0006554881536936825,0.7728706015489278
0.2531814724512387,0.2902646223478551
0.04959236260558819,0.10847787777350264
0.15926282420588053,0.3442737413732662
0.017680333286878847,0.6032082354088374
-0.04815507690938701,0.04313548521195701
0.03523847412562277,0.7489106333122001
-0.026799725425061083,0.6772833684677835
0.13550288000370503,0.2340932682834543
0.16357910098460837,0.5587417882353964
0.009823943999034654,0.8382740100220215
0.13059283262808205,0.13924920154719453
0.11719975020684598,0.2451766878879422
0.03228850378949831,0.5872240405073155
0.13309226327354592,0.5588858797366894
0.19713036177222096,0.42591492147503046
-0.004391229586427944,0.05267018477477459
0.2129999445703822,0.20863578369854294
0.16271200806614053,0.187728641930347
0.018803090883691875,0.7551495717850109
0.05009386355325788,0.645000579110966
-0.051232967771648465,-0.017351273097436917
0.02320026691361782,0.029731252576272682
0.04673065956542066,0.04536647622170844
0.038093990457232406,0.10075165107890482
0.17998452741429397,0.49803523831596336
0.038019353268223935,0.5119916030043802
0.21512580733613518,0.548797272653709
0.1784151846417872,0.17474174140367985
0.00010142448593094405,0.07467908208975588
0.20451994000537912,0.4240043137202623
0.1204638243872107,0.13693336568795825
0.06145315048565769,0.7155682162696859
0.05199661539487619,0.6285902690206133
0.04910167365143101,0.07274765153974505
0.11399668889971722,0.11703729539163384
0.15795477260677862,0.4920122654560359
0.061861634238411296,0.6142928131506267
0.05645419758506362,0.207725636431863
0.09953847867562271,0.6107573083439304
0.08043857042861947,0.6572872498912129
0.0053654266298220135,0.7886525526784767
-0.03137334208474559,-0.0031352578980901303
0.09433320780536385,0.13629985293115998
0.1623759363242571,0.5497919430340504
0.12290086947571634,0.1194910240618315
0.15587611784928013,0.6845366953651922
0.000625861026767213,0.2553368510961904
0.016987048650968645,0.06375226139078341
0.0030301386076483847,0.5869458821350064
-0.09586280018220696,0.34014607463498286
0.26357664343284215,0.47076920080249923
0.058558984190360604,0.5993472180800176
0.24765926033759214,0.14251382058536566
-0.01655120245348549,0.7281106167116228
0.042054594475813833,0.686192427574334
0.04821663361273324,0.13713193789196007
0.10344205350681286,0.12439585533583629
-0.052359707933001674,0.30185504429693993
0.11395305400823424,0.16233442664429784
0.11957161198355705,0.08224465547086744
0.05135476328356286,0.7282910151604182
0.11659443341504201,0.16526667433595804
0.05926021017957924,0.5565435811079191
0.2556145394743724,0.2847265619756301
0.03408559261036607,0.05780201067900068
0.02246081459204359,0.2890859499926764
0.22301645152056723,0.4696341548595077
0.11353393485475523,0.684922602487459
0.04044325980906032,0.6603436452432546
0.09427696740393454,0.4745917144518965
-0.11313133139398389,0.6192521654770006
0.146963660677126,0.17716915191116175
0.1401438690062757,0.5210286746153238
0.1764097129278834,0.17621553729106565
0.1502064914130369,0.6309773575264425
0.05576603658023535,0.6898107203798972
0.1124281785869559,0.1491016900634707
0.13566431567135495,0.8030572748453456
0.09560047373914833,0.281123325837681
0.0703420392080651,0.6444519141219015
0.03739696671049549,0.5936198679503345
0.13101685865692148,0.5777137179087244
0.1499992092371664,0.26865902412590664
0.1881618746029227,0.2041412595072991
0.1096109714367523,0.4104201175682585
0.2468045759165403,0.22868625702601117
0.211199625539875,0.5719852901772605
0.10314032916095356,0.5752529060402181
0.06333856957703121,0.7614667026182894
0.01858988301394132,0.7557876346103857
0.023500394731327905,0.7861965811223516
0.07153753128712886,0.7039030001678812
0.17454021815254514,0.4408056651778491
0.07410899883856946,0.7008719121096085
0.06772491729227692,0.03836963249294927
0.13266949212729895,0.5130082409021713
0.11841962209415537,0.6330267319357867
0.08744259755723181,0.6084567660323792
0.1966853024871655,0.6133471240679523
0.049842135427073046,0.14495834269144092
0.13356683969338415,0.1530340374041013
0.13121341244726945,0.5750588560267965
0.06318984895680385,0.15533995262127778
0.09742917667900447,0.7311479163836418
0.10726862609563509,0.11341488574385789
-0.04303370313739808,0.6289605377543509
0.044018180464019195,0.09242298372457593
0.1623886695439734,0.1657497276207843
0.15772131415618515,0.3375669185961842
0.12903488952737174,0.31281208744427813
0.10173739378137181,0.13688034437717858
0.04612333319171937,0.05384435301453162
0.01799691661807403,0.6595352122328778
0.06030080199418067,0.09395964137912671
0.07842466730441638,0.11716751415989775
0.00789547632533312,0.051320006185579504
0.15512167520628847,0.627230308590904
0.013796272818969712,0.573261597429621
0.07589744255157416,0.674342462743163
0.08397790909371193,0.7090330571190601
0.36073056446532625,0.46928361102115207
0.12223575107656322,0.2069752068460897
0.12569408181928673,0.4643334532807792
0.023334089968428232,0.7553046216356968
0.07972637040187773,0.8559172404675378
0.12201918877747815,0.11013016222066056
0.21710438997329604,0.5648827433468053
0.06455392225060134,0.08232795322454546
0.12282551922242006,0.14670374631109032
0.016656172740176372,0.6402813970175623
0.01903691487375282,0.6578518454383641
0.08868000510075928,0.15499529525979205
0.11011022584857183,0.15068140754258064
0.04838374205236993,0.05349237243546032
0.22625218880273523,0.56466036586413
0.07144944633129359,0.6772625472442777
0.11905555899188497,0.658285741321047
0.0628017516346519,0.17898603629871654
0.11296898156410579,0.12514172622333716
0.0646651085408798,0.24338356189935073
0.14286221086897416,0.4622644543625898
0.11406325686267453,0.13797993521821617
0.08728407526077447,0.6092288760861
0.06528165075440946,0.27281433086322865
0.12917675427662215,0.6384101765331548
0.03902046454483992,0.10639457976078248
0.12075468025104981,0.445908742736036
0.12447511125811818,0.4339237237279307
0.12060755891376147,0.6615536806994583
-0.06528055568011763,-0.0061590422156839
0.08998928617860674,0.6692500235360281
0.1637979593740434,0.159187434322691
0.045146305570992085,0.5548481931937814
0.32716324377973577,0.3470736563660463
0.32395071649410095,0.38440474942739916
0.1306826168380635,0.21358793310273974
0.1684541008096728,0.38130234421009224
0.33598031651928534,0.3970355646135389
0.05157006471445676,0.6332974353735222
0.2370276957146696,0.22530982312983164
0.060237588977299646,0.11091228423581496
0.14668483679592823,0.5707043232524357
0.1069485843978018,0.6043043435452353
0.15515127019891592,0.7212471672884139
0.06181573856403938,0.5419163686323
0.055393269576296,0.6283949670533001
0.08097132628987248,0.7348690072657688
0.18619080199438623,0.6503926963477434
0.0086837161822887,0.5677280093741007
0.3251899361334848,0.39320964365584327
0.2229033884917946,0.58220137488449
0.06694202187246347,0.7240503658995792
0.1099170262046345,0.5769053452219586
-0.011324814139809743,0.6584781996436119
0.12149394045089934,0.6062482711636782
0.1605313917428265,0.22040350729314498
0.24875577847651745,0.263766253995813
0.019579344098465415,0.024745668795894387
0.055729853891009706,0.5154384538042045
0.019012137718532687,0.04505522005626409
0.2015776932180178,0.5544226883859853
0.17384772806363505,0.5103340406887482
0.1403785216742455,0.1563152676620926
0.12565925186170696,0.16090325731923222
0.2584558232245551,0.5196227329793724
0.13715897609183814,0.14818613935592798
0.15023152690729455,0.6539948129740206
0.0760307935969243,0.6910405170969027
0.20085791348543533,0.19560717299145267
0.12387571659159859,0.18034378577788043
-0.0249779297749064,0.012045408403722225
0.17239230466194153,0.23325790416703016
0.041450265787223155,0.15867069681509274
0.10739445810897864,0.47098322614675636
0.09435430091705489,0.213353223336009
0.005033122810424783,0.169378118150699
0.1837999251581807,0.4988363609145437
0.40185680793970874,0.43856694224733045
0.04866232436973874,0.6159368868596728
-0.005925258680363391,0.029040163570426283
0.15585453710156125,0.5042404655383749
0.03642985597999834,0.07455024830834699
0.23184950994196876,0.22509564541148974
0.1655962754182427,0.5871047843256375
0.08001315111686087,0.11456114377739501
0.14871275329471212,0.5508826685270437
0.04155907031363108,0.5669261109923408
0.11555439978852544,0.6081947372987383
0.20509711280974086,0.5172802296233224
0.1676859359859002,0.45458664703595825
0.008556336903207793,0.019499343624489796
0.04067009974119198,0.6933712988038695
0.41149346610155185,0.28814663896935316
0.2844211758241096,0.732407956275919
0.29580530547492395,0.28540848594902074
0.10928961972737068,0.4759840226861302
0.21564928895467003,0.6294561015430249
0.1957994844925901,0.25386268066384704
0.2311510236586174,0.4381859401648261
0.07296360747686104,0.6433169231315526
0.1769685135404734,0.5656595067644777
0.18489680561733346,0.20121601515283427
0.4158929055333152,0.3886660295698054
0.1466796895842496,0.5983237246404407
0.18144525037807235,0.20462777107588356
-0.0007179306479175839,0.6901961309529274
0.05862207808138,0.10865627541265299
0.172259151938467,0.5418700908829179
0.26964068372308836,0.3816203309597613
0.09892577708124688,0.3719087104902219
0.004520542398248475,0.003757296716668909
0.05749719019899524,0.5613846501004165
0.17474469584911193,0.18180787372986904
0.08896307270371444,0.09091584114552659
0.2341690616507922,0.20317319837759207
0.09010332057664301,0.6283147413800689
0.04477338038040848,0.7816074298004398
0.09157415251146661,0.6266940320643067
0.23474354690068014,0.21962692187536584
0.04987116846277149,0.07712198460808947
0.06124236961120829,0.7030354138196224
0.26839180908525956,0.25123470881549387
0.10436543371957745,0.10848426232087889
0.09703550719748007,0.11615585948585272
0.005343234517205634,0.688404989370281
0.11698200261642921,0.15847320617002866
0.35836655665424827,0.3559179697207897
0.08766259914373942,0.7141567863576203
0.08616229318320791,0.12082954759553742
0.1670794467893175,0.22905615987537456
0.09540454111160251,0.19283331282644503
0.289406623574628,0.30886401168163613
0.06886184428251048,0.5117122745530341
0.18139343453881093,0.23371210047851473
0.04192989592219457,0.5019419157518238
0.04338405294289705,0.06882363598462683
0.051878397157560006,0.6257769358711142
0.1110404212905926,0.14397326713825717
0.162758231526493,0.10596835408980045
0.050828295088070935,0.7573411885752691
0.1212622976349733,0.6845083293425641
0.2687192214206841,0.3274115963953379
0.0949692092199687,0.5049859125112395
0.5486672378189774,0.42085328277234196
0.06594812555183661,0.4576826544965595
0.07403130012852026,0.09546604126554577
0.10944334171529907,0.24212322152686508
0.0504469458319742,0.6437554552043739
0.04439406169648589,0.09136978877827068
0.2443869237645736,0.24554867801733385
0.04503214090556151,0.8370301366162402
0.027258042185320436,0.04973757082259056
0.04471088923347886,0.5576860222780976
0.26409037722978496,0.25919109701770476
0.11541014752883451,0.6528610870886243
0.3341523995609512,0.5193769345514605
0.09893829893908795,0.13051285172041768
0.1968833794911079,0.4598404769404711
0.08191516143573467,0.575731353501045
0.06351493898757868,0.7286450163077651
0.10629277289399401,0.42349937612117805
0.0665734945102615,0.12340660789619007
0.07458925412353955,0.3104816730649033
0.12979035879801112,0.16491864555493893
0.09652356522519913,0.12463649364048518
0.06054140770456312,0.5119229838831894
0.023726786841757386,0.0968533601192509
0.04577488907665819,0.1647890860169368
0.17980861172330334,0.08732800739161717
0.3821872808533699,0.36265144318114545
-0.043701020243916554,0.5473882133692016
0.012358334429491106,0.07934610180012003
0.11762759402959923,0.12289038766806772
0.08788400363532656,0.36857056777330305
0.23087376139270752,0.28632758584058293
0.047771702185368005,0.707370544574196
0.008536859294396426,0.3741155377617113
0.24704340329961996,0.4797230614983928
0.17516324190448082,0.25611042167957604
0.07164914335211768,0.6522496397621644
0.23425493793533247,0.257649559501502
0.09954662898094639,0.10941233258579612
0.09754508677954864,0.5881520880459338
-0.003555710202891582,0.04506995142508208
0.1073248352800118,0.12211570641735063
0.21408325033901207,0.6255238312536555
-0.000954109555835717,0.6357067953746096
0.09070587725897032,0.12784246482124675
0.2988406220719127,0.31737365888271113
0.02297620304790805,0.019150534973521514
0.08569088000979341,0.12709922891909028
-0.014687201856888266,0.015642870988541325
0.13960053933063601,0.10317869315836563
0.1323235576720969,0.7649441605656156
0.1482012181777958,0.49089038920285133
0.009884865551153369,0.5919439614414114
0.42240911975573114,0.37052265318883754
0.16188256718111912,0.13647124899369098
0.04151941263978561,0.04739235340626121
0.12948821139179306,0.7645527598117434
0.17507371365406174,0.6327936903233731
0.16976369772796418,0.21937511184226674
-0.010228512407473756,0.21193719191281948
0.07670899574636512,0.07379309099433652
0.13163105818598983,0.17258287613422243
0.02986319173547623,0.061738931812686436
0.12258495259069735,0.1037081289418081
0.23585323073374262,0.5936304456957043
0.23853140041417664,0.4135749912063051
0.11098677097094937,0.25606992917366617
-0.009232425987773638,0.33478412643710037
0.10408899634679913,0.6929984858298696
0.0033213992635662327,0.059858010153962936
0.18868758113309866,0.18369697515288572
0.0813048744114633,0.676033859360297
0.16382802519407647,0.20134848657793836
0.18048618933666982,0.2530987349258297
0.2884782162152617,0.5042979313160384
0.05858497547049202,0.5176213966277261
0.13434779484912593,0.17791498658784874
0.2234363280825653,0.4674385719010436
0.14254143774327288,0.7048093842234436
0.23839561983420685,0.43129253826956043
0.050906701182689244,0.502384213637833
0.07479798577147631,0.10772633784580173
0.10838257041468367,0.6197475389213826
0.11162975810163328,0.7587987577717201
0.11697572496787773,0.15551214455396356
0.03895516327766737,0.2958706880259811
-0.004777913046659099,0.4719239291376172
0.04849512408589898,0.16159829770108589
0.040176533188943576,0.6702600631839241
0.12154865745891147,0.7802119552032559
0.1188492413201136,0.12096357963821906
0.059120183637641766,0.3472827530176091
0.03855720312025643,0.759447412046164
0.19472091015803997,0.5215671778541889
0.020600667081192747,0.09978996099216507
0.08824128275144734,0.14535898907450542
0.12161822792713815,0.7395837221280702
0.28143507095529574,0.3012917790167113
0.10949854555278564,0.13782015052987592
0.07554882459732282,0.7188000905061335
0.08285317273613144,0.12822411957652569
0.05175215335530875,0.07096751642898709
0.13400863976107943,0.5279583512227326
-0.0011961804174872327,0.04975288825675132
0.15031410087751426,0.521074321849409
0.4158374842594526,0.39551897166216515
0.05849739439777383,0.13803106860769407
0.12439198391092167,0.6955839854703284
0.1277010376129408,0.7074329052856431
0.0666082107077913,0.11184433609678553
0.060326453527038575,0.11309066466768895
0.1089942070809342,0.19684117134036846
0.17277883957684667,0.5175676481902935
0.033748187853503316,0.09927921648182779
0.08325297083625538,0.51213970883223
-0.014891223658551596,0.8522043879942579
-0.0539233594934417,0.1933379456916721
0.23235996945970386,0.24511758538799233
0.1208543354171645,0.5483940657055392
-0.07533033164497181,0.5899040823835661
0.031248675782377583,0.08696664457498837
0.14650640578994822,0.1794306011486445
0.04546629699494242,0.5570728464383672
0.03929915879648691,0.5291928726901046
0.12113822226413105,0.1369255458128232
0.40375946699224247,0.29133853357413103
0.010622908552698054,0.7768934149124779
0.16505715151332404,0.22921338305894756
0.341832425958891,0.42437696857870355
0.046613560536117316,0.08174756824823931
0.12242301264197358,0.5228233069087209
0.15008361901160536,0.736832199653783
-0.025411637033729218,0.020660067973667443
0.28972224581171374,0.3759113270435572
-0.0048230176657889975,0.0021460740472375264
0.09473336254020032,0.15360649752273886
0.11698458205080926,0.13016529518428852
0.014855418658072828,0.06556323256878294
-0.02695554201167069,0.01819332981973335
0.050698620592471356,0.17081407215881406
-0.01282238680457864,0.604904289061935
0.13417331456793274,0.49815470957298197
0.014631453288795162,0.061064003193747475
0.023185984724416044,0.31623298617471324
0.3442565030628375,0.43194815701775807
0.03852031544570616,0.630064877183704
0.008540916953101845,0.14882649926308106
0.05636814875411927,0.716364477590349
0.09570792155485847,0.7031195224027501
0.03057496443476961,0.03288312444254621
-0.010818122813539615,0.4860121161499695
0.041893866410409215,0.5139184340162887
0.035391938193595124,0.7123909076964168
0.0990146122630859,0.6477572133627153
0.16009252403652133,0.21358850015872743
0.02329114944764019,0.5850760016840644
0.0217439389680005,0.894473310658967
0.06855895154882284,0.5460157317875846
0.024478505091203945,0.03934499553321245
0.03335486560914499,0.6316281909017003
0.0745869073790147,0.5304302881487717
0.053338317939146486,0.7176526579881374
0.1894960630993424,0.42340769210622703
0.24032727134954893,0.4941091795496821
0.16379902728880977,0.5349258226733585
0.22615097072946885,0.22708536273400173
0.23077262316558347,0.6411644815147518
0.2718728004682963,0.3267197281059283
0.1606219196981492,0.22587455207239646
-0.10255522129122352,0.6062324942683747
0.20849266238887798,0.5694544894064428
0.03581172339302429,0.6868667189097358
-0.03937289820421729,0.01035578506068702
0.08254850010292292,0.7560290247646665
0.17966001179525362,0.5257654199577718
0.06208416192007238,0.12205138248614215
0.16001050385197638,0.15630469181445303
0.007745957617265219,0.553256623719248
0.10185521682882531,0.4803814841447945
0.19871752432018933,0.16042874535885834
0.1665419140680678,0.6221181450545857
0.06175213848535207,0.08471126396714644
-0.015794425663238378,0.8093120503720908
0.11631128370388659,0.22621640491499165
0.06361165590006825,0.584512397929182
0.1436004400890287,0.16967051323316196
0.19516054927248525,0.5493652827625509
0.24829304506461758,0.15121075169138395
0.16298775766809578,0.18158501175962763
0.3180193107916027,0.4083038412720416
0.14702865031278156,0.4405960132672522
0.11108559449436493,0.5400791654597809
0.04627302225150068,0.7734977183443528
0.06057293125269175,0.09806990740781878
0.04660266848213899,0.6605068438324176
0.19907954517137347,0.5514168127161829
0.03402282348293633,0.14354758489262517
0.045266045131433674,0.05832329749486822
0.23381319680978185,0.35988087679808783
0.12386090799604199,0.5917629482907415
0.10375038387496612,0.48122622119531727
0.19144243845514555,0.36841880177298614
0.2510555023212127,0.54028932840157
0.16665249245287936,0.5230913713360125
0.0962382841991302,0.06751833233377601
0.18798276366142838,0.2951776240876567
0.08009332982700046,0.213936192996406
0.029538657623838078,0.6900025114325739
0.051356313554745125,0.5251875912971654
0.022566852424185768,0.5507352290538122
-0.004303525827854783,0.6031658084959423
0.22876468476567624,0.25142954395283695
0.23962324631145163,0.28215617566789025
0.0259600791274863,0.0709682243502783
0.16126626378923684,0.1968065790546761
0.1669638268951046,0.38954146419167995
0.09685316101876534,0.1774388466227201
0.1896591157169467,0.6898918792759194
0.1231469063923568,0.6030357663621345
0.07444704732952154,0.1110915446799925
0.1872686403081287,0.5215905326753936
0.006498205695978576,0.0887163174348416
0.09510587905357033,0.728565729170441
0.17668396373802697,0.5328160131817264
0.3768662075227125,0.3109123825155547
0.2613797503473429,0.6439799658933015
0.12582078334242872,0.22192804177883982
0.038744420364428885,0.5851827730904435
0.24849115689522563,0.5479960738160056
0.03197426600393612,0.21391448634311216
0.04580577467317919,0.1151813281174346
0.06836119438152329,0.7411114324539553
0.10801918339072274,0.5056108721035922
0.06868979972667333,0.08637670487463538
0.03880465517595021,0.08371067927846926
0.12451387475635674,0.14799022979569917
0.07688538376991381,0.1964345862387417
0.03853011991208633,0.6707061115382714
0.11018054905886476,0.6664797822482502
-0.012520312798417985,0.2303143844504223
0.17837853247652222,0.2472239780755294
0.14740234973944555,0.5148149021022276
0.18421680123957762,0.5616772650341425
0.038513626178067716,0.04985366597852497
0.07732566164899345,0.07895309680548092
0.10394346426910771,0.4357173567243089
0.0757619447746297,0.2704952304026637
0.1209095281082202,0.13886672906053246
0.029455580146346253,0.31817388455752554
0.5876547352223991,0.6107151194194507
0.3029239605159584,0.23663983122081392
0.03680213261417569,0.48828366157800307
-0.024794553206421013,0.6659979584490135
0.007701002233564996,0.032301432341390074
-0.011654690713034677,0.6526377210970091
0.0753015324439746,0.6919501879175408
0.13528573930531226,0.5438377752478841
0.07410290913986982,0.6784496704540816
0.1527259238516234,0.1403734304555048
0.041623353947127434,0.08955771402759072
0.14848348009290444,0.21197663307733616
0.16854294216351426,0.3098800393962397
0.21845304670722823,0.22060640340603674
0.19223548107702312,0.31301576790492686
0.004621188858671407,0.8479160880760735
0.06581159553470063,0.6519916927932454
0.17371109173116195,0.20658338304187263
0.08670940014362243,0.7258593869697921
0.022425577374377576,0.07614023618902854
0.039481838651019875,0.5652743013991635
-0.03453772665816319,0.5909709625259065
0.05851137944464396,0.07474169011907203
0.06156522666683503,0.6239245496211295
0.12269353794612999,0.4134119025484165
0.06781958353163008,0.09927894177593992
0.10611999337075535,0.15839304098948367
0.0463338313285123,0.2475611558747399
0.1601394003248351,0.15355259652869382
0.03214424947920971,0.061436348626918054
0.016576297906740315,0.2160264929886125
0.01718091443471224,0.03685333378281569
0.006542946754751221,0.6935572492473471
0.0163347254270209,0.17337572399883502
0.101573670959708,0.6739954982748518
0.1622270246944004,0.5297986683430554
0.060263545697983784,0.4631486072356294
0.034990704127772686,0.03139467104311875
0.07491777448336899,0.46889177603330595
0.16264998968926322,0.7008974997740088
0.0351606589232863,0.626969705780219
0.06564800226438688,0.48459392495201126
0.22003264974588896,0.20931360473173244
0.0600830705427717,0.7832829040630983
0.03684008939728653,0.09006043390727018
-0.019689531233976224,0.6599527658610279
0.1367029652759674,0.5583530252634573
0.12272594732093206,0.6566400025120693
0.11309137042468308,0.45637440728397705
-0.004875059073415954,0.2949061971795088
0.04309207070922694,0.04461226281820818
0.032509917648061055,0.696291787633009
0.15575004634151046,0.2196481472480598
0.1437540940288409,0.5412044625183813
0.11828084952939327,0.5361434441980897
0.9221110492663073,0.24706851422058898
0.03912158963281972,0.8193433496005443
0.14287500980463178,0.5829214517659708
0.024356397255814493,0.028303675277757585
0.1663173384899722,0.4989237801702279
0.047988855518069085,0.7218829294036956
0.2441253270213158,0.25365849831334886
0.1763072600055713,0.28531114856379514
0.1346492117425827,0.15299200526257295
0.07968338893274209,0.16650697315365434
0.11600382363542412,0.32165415760308425
0.02251531556333795,0.02003164228860922
0.0010491026731883953,0.01891767746673025
0.16653277917848489,0.12119235015753131
0.1124166443461962,0.5961510341035772
0.17191781434018238,0.5669347440839617
0.13461184638834986,0.5863037009678086
0.14423415149614827,0.12060170865742803
0.06406083465737195,0.7684607292775553
0.0879105010288986,0.39483210777349154
0.2398341454071734,0.5856192124977054
0.04188261542242628,0.5320313508307049
0.08763380900452093,0.7146859414320823
0.04483921797502879,0.08161472303342839
0.03924192845879626,0.08242355518105442
0.10117510545269148,0.712578997302817
0.11341524758237898,0.6289142498001253
0.14244538805844723,0.1886570287306403
0.06884349244074069,0.17872867580328666
0.39018185020387425,0.31691611988627805
0.04238354386819972,0.09021642276312093
0.1433677256945164,0.7090410890814551
0.12718822470063998,0.1620575024703178
0.05359135536840973,0.4237565546727529
0.04795995437995263,0.7068869959944005
0.14564126373177885,0.16068031576498554
0.15508344916702654,0.6440008091617203
0.08749979396800013,0.6713079961372482
0.05792189248843663,0.1121979234655367
0.06127855481683403,0.07475370112754141
0.10922272944107968,0.22274231584159385
0.2559931530339103,0.4417888322961369
0.22563643550628523,0.37436418021188683
0.09875115499083702,0.7533519366773378
0.12461455753731315,0.12556333077688053
0.15402005171115365,0.6542141036926682
0.021958286385918763,0.8172000559528395
0.009550732904724983,0.8058494886278114
-0.049184864232953845,0.6808902152384341
-0.05048999894352075,0.6154972679995959
0.10731126563137923,0.12717289798983553
0.0032043703364631588,0.07505569811243269
0.10212709696471907,0.6256634687958945
0.13555181686586734,0.5064510350879526
0.07334858819711405,0.2848422656311515
0.26386396976311094,0.2610295303289869
0.19785129394706782,0.21527142465727858
-0.001685633069219563,0.7276177303590042
0.06838264597114349,0.5335597894898719
0.05548719897547464,0.5814281496668992
0.02749283452180377,0.04159539634923671
0.04598344885783167,0.7160101068230419
0.17751845426998317,0.4678719024352657
0.02438650553160011,0.06864436774814613
0.09354611660384948,0.5114974077046603
0.15946816675762182,0.12849202357811773
0.06759421098848128,0.2689828197210163
0.18025498119985858,0.20791012552145938
0.2757043582610055,0.21241565870826573
0.2599409838123992,0.27089792824556125
-0.0363865313365912,0.6475580776901718
0.004335344404865277,0.09384081860069711
0.2223122742265606,0.41121083528058916
0.28720355053522423,0.46113202276724463
0.06183287279729436,0.05969712706513442
0.01620576136612542,0.2550607894484551
0.13212830980629317,0.13537796211675623
0.006211875306907048,0.6669852824685277
0.006921092067851589,0.02708433953908727
0.30935044264360595,0.38017616162045725
0.09670164265996294,0.10787577701689338
0.019387719220305768,0.7466501217109783
0.040902773349729804,0.18961444943686756
0.10674114493583714,0.7221614535768093
0.10843074983103902,0.7260338525785301
0.007615762682353419,0.6035357368366001
0.13709868662672062,0.49666502668115453
0.2448836774508518,0.6122289952201885
0.033263743784447276,0.7513601592193804
0.07887061379221615,0.10207367722771532
0.17751556944933258,0.6135453513181012
0.02515742119318494,0.06140090759543585
0.07906780193111036,0.38344245869745014
0.03065327181863652,0.0574234284109596
-0.00087271040444864,0.05981028898930179
0.20796107337538663,0.6927249331931103
0.04783045276152295,0.6188582578095614
0.290617559613487,0.3572524546612235
0.12497305705455554,0.10409688003826804
0.009863287402038824,0.32532265336723726
-0.006684490522250619,0.03086526876486302
0.13439519006529466,0.18314038889342818
0.13439744659509822,0.509270133898775
0.0856480174884273,0.5742806328744781
0.054067740036816546,0.14225925947243281
0.05156841901306472,0.6559819387854456
0.06376247993743922,0.499430645258937
0.08500850973621467,0.5665249519131529
0.22396924061231838,0.6389297786753511
-0.0024511893050731324,0.034614214025533885
0.18178215636940154,0.535862806760506
0.2040640302662998,0.2226753222246701
0.044184516038486325,0.044302290469860346
0.04380494785849411,0.08787935519869032
0.20075384524084305,0.4764862844083087
0.07941865519591502,0.1587010773375052
0.03359711519893064,0.41172592859405716
0.24937221136000817,0.4415367844453956
0.16002710996895436,0.215623266827378
0.09521297225023222,0.14467528657084439
0.11592662587897722,0.5821984683664977
0.06498053988894037,0.5767213596196953
0.05962127730647312,0.702524519621014
0.06741851470642611,0.6647717690764017
0.14265179622683488,0.5308600947072116
0.10750809608635041,0.5946750670844807
0.11600120057566843,0.5481642532452738
0.06400865606583685,0.09753072886069274
0.06118722998519536,0.5540172870641668
0.351809694376447,0.3285815054438818
0.058800335831997376,0.5276507976032045
0.16877441217110123,0.20257963907383747
0.10093218838460134,0.7917420491987771
0.025973290590289137,0.07824094348651725
0.31964776806412115,0.3182552606913366
0.29870999553738103,0.29562809267448537
0.1441550731103768,0.18602849200231308
0.07456070474253838,0.5800984207920403
0.29696926045803923,0.33013847825144116
0.041896647949892396,0.06368960031377736
0.11433123459875201,0.4492689713280282
0.18228377136889573,0.17428769796716623
0.1480177067822055,0.21237379878207954
-0.00981274649739292,0.11540224183712722
0.19353866164101743,0.45848782171714486
0.01676415941074708,0.23345965210562292
0.06221164912302606,0.22114170238779737
0.2853245675899866,0.321170129804762
0.21540422902559628,0.24906644687351584
0.14534577658625403,0.5875642083498668
0.16169300310542847,0.48230646215096673
0.16816058422357727,0.401749543402996
0.1333883684000391,0.6156758446234126
0.07735455416019733,0.6768040360567933
0.21343892975692924,0.22872982672220601
0.1583445790242441,0.6038230160391463
0.1921752795354704,0.5683969963994119
0.06358593324131662,0.062413947433544614
0.09322671409936116,0.6468553285345631
0.06114459414207132,0.7378540647912625
0.150291590944733,0.41116239087314277
0.08855397058529335,0.6760754669165231
0.03506392078682686,0.06578324704104455
0.03559628084857597,0.0808868005165455
0.009294412021199716,0.0388424242007134
0.35793802513502343,0.42842434274859703
-0.012919378634954987,0.6081016344585907
0.15931124963541454,0.4645105172822281
0.10940025168120897,0.4708096506544781
0.3110058688559179,0.4671813037476773
0.07992112871312179,0.45210003890602257
0.01644534363640604,0.05820068887843499
0.0668324946235907,0.10281970113259394
0.20058463016028716,0.5977049311899677
-0.013770597632578915,0.005250757008268569
0.081999101502561,0.15743110470641689
0.33101706272846726,0.3140343262378206
0.006236487405791043,0.68264667320716
0.13089576443193038,0.5889632188518314
0.037717366826190764,0.19616769383080582
0.12089467747673438,0.6032446669736465
0.07145041946665441,0.6583103264079434
0.06089525186897721,0.15065572673703703
0.2506445837068022,0.3807111962059622
0.04113328201121233,0.06921396653194613
0.07652276337518903,0.5424583573588316
0.011146258502593742,0.04493544466918093
0.09724288383695934,0.13254117403715826
0.07212228520007043,0.5143918841420628
0.13440145353715421,0.14558217970807205
0.05476453297877112,0.11340973375096773
0.09497918546274976,0.6028897966250707
0.05589235948003335,0.721025438613038
0.04731345926847538,0.052505442346944174
0.16785742775481416,0.6361932652707893
0.17558558559525964,0.622278652438573
0.06137430365232002,0.2239542297517324
0.027396210288476264,0.0718710874183744
0.04942375937678445,0.5586124533658385
0.1023697789082642,0.680954520999661
-0.009126174406533584,-1.689434969920703e-05
-0.016537282990262168,0.1978685182878457
0.15557731283948958,0.5630206263372807
0.059243006896744534,0.7624777725265575
0.02385888966576602,0.5962093440420033
0.09974548189612449,0.6497663031550936
0.24228688132914078,0.3066170188917082
0.08610332603753208,0.13870503217439728
0.14848269131617278,0.26437146675317014
0.12445174843593985,0.3985660551917356
0.05093089602333104,0.15103378403684697
0.10784423280714565,0.537290497154813
0.08015331791581878,0.6067768779886026
-0.06391194388306552,0.6389937443944095
0.0743744656046419,0.14856388749641192
0.11439935836456118,0.24580587313080557
0.003492839596187585,0.007540945755281525
0.14224051908971935,0.7070785322738363
0.08509990608481065,0.5816905972155157
0.09509449124672632,0.4747717686208334
0.4050428987841319,0.3239417363981112
0.09348267688808537,0.12424884044749622
0.12556973960182063,0.601789831498448
0.13315526636718258,0.47258269449600193
0.06111238475157376,0.1534322515588222
0.08401835979369306,0.08433721344058448
0.035236150302114674,0.07695131640547388
0.08920863949724711,0.11657825268680679
0.2694633734212825,0.5950484712926319
0.0758462373517248,0.08210421917130943
0.14622212127515377,0.243978078648612
0.04901113696367449,0.7569816749465804
0.15028390250647009,0.16594308933631693
-0.0016542974004842305,0.5351202701320728
0.08616198710204737,0.7119223992765985
0.06631705424600062,0.7387015615018157
0.2106735252809752,0.5118451000979741
0.09531982721706299,0.46318205796914147
0.06607302076604281,0.128057886717895
0.18559880312862873,0.29064430681635994
0.3819155983968962,0.40377284691810994
-0.03420469891892621,-0.02964031603456027
0.0026625970818626166,0.023959598850613346
0.14577351056711832,0.5421608677195034
0.14603121292079513,0.20323058151412512
0.08735215374120613,0.48266178959636213
0.015091785337026953,0.7459397602721091
0.27245217189540133,0.3457181404501453
0.009916713715958501,0.7840819996117167
0.3247726764018495,0.29665790732985986
0.2262029300731193,0.5324913824022817
0.17857887805881956,0.4901176178700342
0.17582956089677615,0.5163033841699504
-0.005157182518502397,0.7672711850777882
0.08165701035833905,0.7427790266595556
0.3550757560684379,0.39397678245101436
0.04065509888490464,0.8259857394760711
0.06393735069160265,0.5811302967982955
0.12217716977362265,0.1827226022132922
0.18277963475942696,0.6228783148298686
0.15941216389651994,0.18233919570535773
-0.006468411835573235,0.5116650599749142
0.07106854182594761,0.4099726137161947
0.45168299575247667,0.31317259390182084
0.0999994831928979,0.6337349970465425
0.04540593265030982,0.6278364125237106
0.06205023359108469,0.5078479128144857
0.04239257754220862,0.0374493064225013
0.22093483882518372,0.23995453818223303
0.021769930242094577,0.6221022502763099
0.1217610394772251,0.35811913496934816
0.17045917235655275,0.2441812544883211
0.09177303675386933,0.44349514662252415
0.06348407019078178,0.5497785662765299
0.07907120943506533,0.7534532894416444
0.14694916297303784,0.14625946818331007
0.10920183584999815,0.685012246255401
0.01430777972338878,0.7478911537500692
0.12087896028688862,0.19044833571662712
0.15063533297872453,0.6964710057039797
0.11528445973666539,0.5851299351748164
0.22190243619515523,0.4590594342380608
0.02925599076384967,0.515955153207957
0.12386207825552265,0.6312422915392758
0.04734726358569713,0.6411207782685309
0.09443332760847407,0.6762591885573186
0.13460723219463558,0.5701013376547953
0.0992757565435713,0.569711486761434
0.12506807094591138,0.4580514050930982
0.0732107611682926,0.5554566238446275
0.09832461494342797,0.0920096950269857
0.07678331395156761,0.7478878659221629
0.0168188686851324,0.6311707525815445
0.016282092723519877,0.5965874492344955
0.07360763961445847,0.6822759455264066
0.10481335599499109,0.11690312302276473
0.14002911475611482,0.664822972646139
0.029378944423268136,0.7275575093392007
0.07238949628161251,0.4469103627059002
0.028172782778984582,0.7102296571417647
0.08359965589471098,0.3855287162717295
0.35367706014140277,0.3780497104189551
0.2575539386341135,0.11565630646703606
0.07592807128409727,0.7298144865487884
0.07860785385524904,0.6985031649339719
0.12999268783263987,0.1992471020915755
0.10329624816922862,0.17867038156069034
0.08199886679349544,0.12401790741356737
0.13951482225550607,0.18194363799087235
0.07023908817682918,0.06571594967889684
0.0008869206194527915,0.09002301867246276
0.04295806552385245,0.5230995858662714
0.2070976703448646,0.13612780087159468
0.008402028996324135,0.011940041487655734
-0.020097394194872633,0.5747812932249341
-0.0027806197923452443,0.5446962830098677
0.11527176573185312,0.1430426098040476
0.12906642156925424,0.15628296163721733
0.1162267697888355,0.6915202016477426
0.037840044360436524,0.5779752782762867
0.188304777270902,0.1699361824807103
0.41423507123483594,0.38227420295850506
0.10367851182684479,0.5483437274003592
0.1125162726842943,0.5026222710745624
0.10920554582742746,0.2103898030100065
-0.006192932546835873,0.062388366861086945
0.11071122064189953,0.1041863679108156
0.21898021073010598,0.2142111502388672
0.006153456492229515,0.026446633908909764
0.024169774787359082,0.030984939625786367
0.03895871956880663,0.03866627231754867
0.09809409406868402,0.6104823903407638
0.1306423670780256,0.0804789936215282
0.07628505142689469,0.11093497988384515
0.2121615642893926,0.5409811289244729
0.14632021319963748,0.6797336679115569
0.2326940007903502,0.23871671717875986
0.08317617563240247,0.6920475657419433
-0.014217758469640655,0.012589696242732583
0.03363649398198281,0.6778186549147595
0.02292541995135687,0.47334753370224747
0.12476667214259911,0.3842389181636696
0.08165399827152665,0.6486657532286583
0.11808654551107271,0.14133008547996795
0.28408850093610316,0.3113496621898698
0.11415445802917613,0.5093794499578297
-0.006370806483192646,0.7061275601579395
0.1703384535372753,0.18361899159142814
-0.057049767150741136,0.2995720859803379
0.12251850633283469,0.7179392727699078
0.1818911319054215,0.22049667567304895
0.13091616533450567,0.1811875143248006
0.06350769588509507,0.6774396975824586
0.11140360062211681,0.49357277035740327
0.04964071155222255,0.07999586896094156
0.14018680316656665,0.5460814405214848
0.2525880967044529,0.2464333247262148
0.09762728574570344,0.13913791497968983
0.1603769761062105,0.5737129443444094
0.3489932072201818,0.41945517014221245
0.03928392610156648,0.09317148550529719
0.17152333092040287,0.15567267718589198
0.01312458641492995,0.5045675350667972
0.04873317819928,0.05602761037848756
0.025320112536018957,0.035978544305180715
0.08935933385561072,0.10315327473105328
0.023510958347079742,0.10963764211771565
0.19959347012406034,0.5163293207476847
0.09346543610074141,0.5280250517936375
0.24135215976948385,0.2443061026666085
0.06226554540594601,0.7055504698846354
0.052324550468366156,0.06501391940366463
0.17798731238117413,0.20863011374928622
0.0629621980000732,0.7256600088920107
-0.060196741433729474,0.48130280640863915
0.11057591836833486,0.14237934325057097
0.21285018436601066,0.4500158867167933
-0.058268705377046114,-0.051713634573701484
0.08373051504184599,0.5167117334924557
0.19049218090091058,0.7582974555703665
0.19336268996049508,0.6416255273146915
0.05632872959017943,0.44188875093452634
0.08485783722453717,0.7173665101963168
0.012175043305266186,0.027861198570663808
0.07196529581860527,0.7611095063409531
0.040592954210762415,0.6516983794533372
0.08455259973038419,0.05058346120364165
0.014849220075863605,0.032714938939601694
0.14288115185219089,0.16692276791057506
0.006163627241499496,0.06677290285920155
0.05009899893267664,0.09120141131540838
0.14276858522362312,0.16654651289246183
0.02475682375386389,0.7580632718178778
0.04702305293069858,0.10956533280488677
-0.0029266320990445106,0.7768315774784025
0.09781009183978251,0.3170394602092552
0.042513505286137517,0.06133293592366135
-0.0037258948313471005,0.36235246585087505
0.06551714135547693,0.09339711002185053
0.023598974989072662,0.06616226766519563
0.0653816571482581,0.5616987518259959
0.11090515800298784,0.5575035405983831
0.2346448208758056,0.5540883345735003
0.06294280750508922,0.1047237777393903
0.22471308570680082,0.2582877256676917
0.24781795199772738,0.2673579124841117
0.02297301196741751,0.5711560625995936
0.25850759278195296,0.6003318139646239
0.13291217518784282,0.25019930722625755
0.03597734079772851,0.2584280944898287
0.20684725649082378,0.5080777661590028
0.16928094792825563,0.23150674442349764
0.3220350021422385,0.3993489058015319
0.08191628480402624,0.19328454357935654
0.07652832857793307,0.07466193581345117
0.21550071326664408,0.25313376349274574
0.08040017504402709,0.11643582620205035
0.015512437259611073,0.02819038163764545
0.09294580691588576,0.6562682384366639
0.0893071217534293,0.11058198038637192
0.06713833272209112,0.5517436390298801
0.11041913016006337,0.6278426114413141
0.07101199836447324,0.29032978645264024
-0.005923284237119931,0.6800510478885462
0.0871693380534011,0.16752524943154787
0.13176720428707903,0.19882271135390564
0.13184622523429265,0.6273397734865913
-0.0029988838598050543,0.6353080760235316
0.06418142566597919,0.2762075134794229
0.03538946630832999,0.20600677557667402
0.07809633960045458,0.1095924927246168
0.09855847792489403,0.7567531677250329
-0.0142595444968217,0.6778917096902181
0.25224493388829083,0.2631594490121969
0.07753355449092024,0.5225665412517079
0.09834941491731804,0.556253971730977
0.12072778253280873,0.5866316639255759
0.03810992417043508,0.22844026389401148
0.1870918064668432,0.449295789920007
0.3127673528133749,0.3674197045855078
0.1600539969231565,0.1461333996979817
0.14526724566371219,0.6951430076465424
0.12945145311485753,0.12927904853339814
0.01768348571999392,0.3945489034197465
0.21259624203849256,0.23123099434644875
-0.02121779357211023,0.04712093743498313
0.1590537498466666,0.175966462892339
0.11260678482925328,0.6188793381567809
-0.0004478749526701181,0.048413259813477105
0.09247173242591333,0.10141633563136843
0.0704320829702322,0.09150203131189373
0.048457656577063274,0.8156328104977106
0.0328105292710064,0.0443317429461646
0.06915941430015556,0.7220475424664988
0.04865805240262078,0.6340266780558511
0.10478418962870335,0.4855365882504156
0.04113665606899394,0.10976532656451658
0.17166249788663213,0.12318761201587725
0.16898413430777973,0.5485980772611935
0.08673827129909965,0.48586540627222724
0.27655800220705395,0.41920590806966146
0.10895681981011836,0.11611242475139867
0.03578586474814056,0.47505524447353903
0.04371901495664729,0.6755914656656999
0.14432970639883141,0.6529951151185039
0.12573619630286956,0.11595443702812831
0.24049748505333765,0.6952125476571865
-0.0013681017100457132,0.09627816713354322
0.20627103659012128,0.5123744240826981
0.014935066515696685,0.5394973685283683
0.10532359877237318,0.12589126059189779
0.43683475192987337,0.41075713158890953
0.018356684946760224,0.6379394457784566
0.20702049039361894,0.17836493316720173
0.09303458713492656,0.12208818210892536
0.08884090891147745,0.13491583398650783
0.0596575350616872,0.6846694806448149
0.03136714973827757,0.7821726011511769
0.03116545440953986,0.03394273783581414
0.2865338745704194,0.2282925793077557
0.009287879021120741,0.010734598227029808
0.04542998991883799,0.639951590236144
-0.02092536449856622,0.011545829760702066
0.06647089733278781,0.685726054386753
0.15824120894946977,0.18039781783538236
0.1274067567913297,0.7881705353096838
0.006483408365057514,0.47543169702484045
0.044059856866220964,0.17849439225187583
0.19160007934462586,0.26925897745682864
-0.009056192079229988,0.7008739568381585
0.020147611457740064,0.00829051860835189
0.0954269328788896,0.10542417990226233
0.13663926801766632,0.6354152519714752
0.13320670857809241,0.5142951014314354
-0.004167032966428989,0.7059294337699157
0.1302164642419543,0.6684653263272518
0.30059628141971045,0.36522457125193913
0.12045270241035909,0.521872846497582
0.014028224914275952,0.577900566396516
0.32396360706622135,0.3701063491419628
0.13517766334846232,0.14664394075998363
0.22723015595245719,0.4988370559866551
0.014965513108531605,0.28320888608937705
0.037138037503491615,0.5333397909817911
0.23311252640144872,0.5389573840292287
0.15089898446444647,0.3876754439061359
0.012698207455633714,0.7169879564093108
0.13994076378910672,0.590651631707663
0.02479433367293532,0.06840118613210798
0.1277241251687606,0.16077448774123493
-0.00536661737917029,0.08949744863728089
0.06873920655022672,0.28330082199549705
0.023920776706742964,0.3800822872763698
-0.029094657405518882,0.6959050692294574
0.011028126239197737,0.06565826008448276
0.08790742932661906,0.1560638820570772
0.028576240859879438,0.08498149064961642
0.18231964753298122,0.46867665232949
0.3791525308473358,0.39139397363419937
0.0747993388031513,0.6509730615978477
0.08164168692839024,0.09035104579642633
0.36025659610919164,0.35617814027302613
0.16199621923931534,0.3103864310628092
0.3406068863796173,0.45241167535362514
0.07321591199405879,0.16739782134366146
0.006021465207955223,0.060847970061327604
0.10372554744234329,0.6809325765653628
0.08412636707629567,0.1373889076450869
0.06180111881007488,0.06763255418043117
0.052753505168311295,0.7017652421373469
0.0644043181352096,0.7240950417485122
0.2189905525740848,0.2283109607849684
0.041830759000974736,0.0901112417875275
0.011732660840310149,0.011679340109830216
0.10534743736581785,0.5494355134904095
0.22787268052034781,0.5190800004786867
0.06881728330877095,0.10671862985255513
0.11512916858502263,0.5800787400790578
0.13882380959707905,0.5409235860512785
0.057080859807184046,0.1963103223747332
0.18501337366274373,0.24221749382286628
0.04477196584005258,0.15153125510725424
0.19022772282692532,0.19223208232965774
0.02387461116284743,0.684316490741391
0.12894529195119672,0.5643320782970335
0.0438099066812091,0.07767087215343363
0.15684672557794888,0.3899973153562577
0.06569747210145858,0.7410471711582272
0.04524690353959752,0.7244108490591433
-0.011729840915377302,0.01742268110883538
0.05194910414015682,0.6689874293493747
-0.005967019153881761,0.035324460240768546
0.030799444346320027,0.2307149885742967
0.1302807740047366,0.45036715955270384
0.17661108279615947,0.6354930229815348
0.1090177662862616,0.6268959649583189
0.03644877043513006,0.7802341253924095
0.1518624358801237,0.2194576559197369
0.26769227351396163,0.31516738740480954
0.10491295239623939,0.6252483434580323
0.04242716922270459,0.06507154537224379
0.0865339330438536,0.33758452565965796
0.037729524102899974,0.5442653986104787
0.041477268350102243,0.6842763484128539
0.08759763837767338,0.14257417194736197
0.4186993868401849,0.43988062198117056
0.048592081778263026,0.6077531541227189
0.01417037311153129,0.0852695456726983
0.121861812694619,0.6299563256529006
0.11186412949369788,0.7420803439209238
0.11215345681825313,0.29907774253013153
0.08389429354909185,0.4787780370409911
0.2730774427014347,0.7211837124255274
0.21049204960416482,0.4149717154624752
0.5636965078434967,0.4608076905476303
0.05684529185594705,0.05576924612244821
0.200123802498119,0.22663276737521657
0.39940482719120146,0.5408987197665375
0.14592171597530737,0.616571015525649
0.2286102555988024,0.5286136357980713
-0.05877494604714798,0.5383630421560736
0.0961836567188818,0.6632729608632425
0.127049642897491,0.558893138680562
0.31916212120091186,0.38577757307180205
-0.01597010760192097,0.6707138838718937
0.01484191095443551,0.23374978584259834
0.1499051051094,0.6100282159480169
0.08849913704518748,0.1955262586286403
0.18379671598945227,0.2269049614202651
0.19473716163528318,0.20533816140097286
0.036225052204636884,0.057448771025464807
0.2898909907235861,0.4035099466757453
0.11729771977624943,0.48144999520206916
0.12089552051903918,0.5482742393438725
0.15766529789424477,0.20940410279725885
0.039846672910854745,0.7253668372422242
0.11617572497522984,0.5516563041398045
0.02150696051437564,0.7799932514832156
0.14224377122850065,0.2195550483603482
0.09818339148811445,0.41785114000204254
0.12079084716174589,0.5286467020806122
0.00846699871795827,0.12281904905702705
0.15059877609701502,0.16832948832464342
0.030515444179737256,0.7196629501675244
0.11535895816333476,0.6725591899501251
0.4506526123193048,0.4355748194978603
0.06992652294836967,0.6791283141420834
0.030313389267227642,0.049337775495888546
0.11236812003010549,0.16123102593381314
0.04442898548075996,0.03556271378089409
0.2886368856040651,0.4914124847116719
0.05501288520293605,0.5868185105753566
0.20666228206366835,0.26800600063085317
0.39602184426422804,0.3782122418022941
0.09408896559692276,0.12723825888097226
0.07349503927171354,0.09124985610023889
-0.0031023742972813447,0.9015327331016468
0.17141869569455745,0.651491942172735
0.250403177088029,0.6144081683346162
0.0030470203329902197,0.7984068958027489
0.1487396912542718,0.21343343465927703
0.1280360103755521,0.11757128638453344
0.1296734699519153,0.49028681600929236
0.03823441808326882,0.7730281854250735
0.043975386145393314,0.5703238898227411
0.09835214713771051,0.6856480167474052
0.157800126131483,0.7585176051872226
0.18020103652272365,0.5787225468042189
0.19613306993423105,0.5389136803602295
0.23197158397530648,0.3315037985043962
0.05875718424504223,0.08594794883545592
0.2803754969174077,0.2669706200485957
-0.026764775953576903,0.05494620146289403
0.01956506703544445,0.05972400525201268
0.06601587402475452,0.57874425338861
-0.02307640158047376,0.5225781478518466
0.09045911794081384,0.1311291607634465
0.12998996559565504,0.44541442045533136
0.20408211328631634,0.4755721381261652
-0.009111269824881635,0.05596157673496268
0.10976925846763654,0.6597294882534687
0.062256380674533034,0.07108484187425175
0.2625393630296606,0.4237758540281207
0.08426397204548387,0.11877288304502043
0.20620202134434104,0.17253777382534743
0.08460808255403734,0.6026860047442838
0.14919211772102994,0.46971845636795556
0.024130476200688977,0.7092401051770438
0.018531327457968615,0.7002536676364478
0.07007904153363048,0.13018099681231957
0.09645814337983045,0.12507475052031264
0.08534395510532133,0.6449074977646706
0.10595252263747591,0.7492000696262866
0.04758827667463684,0.6302273191922327
0.15793094403629204,0.7111842516588661
0.02094187788743278,0.6995104404344773
0.5231550993400175,0.42033161801407704
0.11691719905778562,0.7113616178723361
0.25421820149955726,0.5008669167876209
0.17337286852816472,0.24668104055298937
0.48951723540843434,0.557665692689039
0.08560618029705219,0.12285784703554962
0.06556378712833112,0.12043446487841414
-0.0047122596326044566,0.844873613728539
0.004298446429690663,0.800587778442833
-0.014297602866953404,0.0009316808086673999
0.09314544155452309,0.13565400820139095
0.0855242748109261,0.15383088040423193
0.23947983789684912,0.2931779204557132
-0.015431518826042814,0.06750173262631343
0.03187203712128705,0.07683468193214907
0.09459713712883466,0.16455892405425263
0.023575124862170508,0.30992857330481915
0.08426429621380388,0.12804397190556524
0.0745647363487439,0.09975971939519253
0.04289623441424275,0.6172756676820699
0.10140365539194006,0.1892144429183327
0.15573051542055885,0.47211590445012974
0.10293155413384686,0.6616968256733449
0.24673230776962365,0.2171747040041602
0.13802199019143094,0.20630935559594524
0.07222089528121074,0.7017659337970535
0.0434938828537064,0.057505072502876196
0.1620539283703328,0.21208337732245633
0.0426325021205067,0.5462009979244574
0.027916373826110424,0.7147073410300218
0.07224622355063154,0.6865650221780756
0.10464890711059621,0.33199041420894976
0.07127988175573922,0.63040904864635
0.1454830085139717,0.4929955102298596
0.018018796995245136,0.7410818311816739
0.02685693121451153,0.5941457565506956
0.0895583792032147,0.10354272503923732
0.18739508894455525,0.5242215918302505
0.06247988075418296,0.8279400388524536
0.12944207146354014,0.4799679748357461
0.2077966879464002,0.38581822402620475
0.0430387898926906,0.7048866000484657
0.12806952582561182,0.21558008894401678
0.0031624213577294952,0.07328507605286293
0.10444444037915633,0.12632731449356685
-0.03816848627267249,0.32884425635749964
0.0696210290335809,0.6915331870971787
0.10762154915931121,0.14556817257807567
-0.003138667162343284,0.7350406809043081
0.0009410893959217263,0.767771954286876
0.26285940139268016,0.6802396999093575
0.0648224840291965,0.09634036692351362
0.11089770966957534,0.6470958873590241
0.10276810909209617,0.5777245237323158
0.21520458853797275,0.12225558827673629
0.19448364323558634,0.5307348513533051
0.009090812447032982,0.04960185959960315
0.09508577449420608,0.14907531910515306
0.12402135023618699,0.19528058814967988
0.0684872466818149,0.08894389911213128
0.02510095779929789,0.6755016918302844
0.017421851937462207,0.8149230742718511
0.2780252792419318,0.28191530255048436
0.017685084496919593,0.5356893862942284
0.21885261293853145,0.5470947894645447
0.0165221912303268,0.44470835441280626
0.15182350667989422,0.4608623170687347
0.09704492875485636,0.09924693436938542
0.21883137433614872,0.19473800666470095
0.023054760731729254,0.5969257797433082
0.05527837137239235,0.6701001548384126
0.12019063870109249,0.6278196481328795
0.08224211974651228,0.10345126315497966
0.14458080864275455,0.646875028157036
0.16588866252399884,0.7597281290187482
0.027192913396770848,0.13720498327767075
0.03151625383978927,0.6830659251300535
0.03949273657539709,0.560686416382297
0.08081923822404458,0.10896821061333344
0.017693259027232112,0.05561240729174763
0.142907876857933,0.4152968010222721
-0.032514131001753106,0.6090911587593922
0.057285950930299506,0.712258543274593
-0.015200976872976979,0.7081847821788534
0.12521773908923003,0.2656304788186761
0.12191047714605315,0.25664185026233394
0.29744724872126155,0.3226031960661449
-0.06728111000412997,0.6672984115777146
0.015510046121849462,0.04415018328059126
-0.008350999902642854,0.040199245188009214
0.16644744748080875,0.5879772931541192
0.019372299528916354,0.5383066573119001
0.046604604957124984,0.6965570185771058
0.07683947659264626,0.1308319937196579
0.01310728830456854,0.06325705410026661
0.08302571711755784,0.12987336442041827
0.024051008034435314,0.02629260499669074
0.05661480963806711,0.6665688640558657
0.10774547286460373,0.15144741729212385
0.06991616148616418,0.5028084690326543
0.06123994134960729,0.06459929626780675
0.07760462358164616,0.1072098609497185
0.12500068944236414,0.18645133519690849
0.03124723483414557,0.11356916869687851
0.11480985222670621,0.13553549253278177
0.012518812863312872,0.043672259291012726
0.02975787099903258,0.09780767068243158
0.1862654509069943,0.6769523993340579
0.13423143137415727,0.48943250111345415
0.14775705919483326,0.16362019950971082
0.1330983732580063,0.44641264573902145
0.1449467725055657,0.4926225997994112
0.052124152943680786,0.10488045628659676
0.17760071346136366,0.20925819169719653
0.06361841183831574,0.13607655370995717
0.27998635046883213,0.41962557230747094
0.014741123136005804,0.7710542318713244
0.1721521251108605,0.4447345769733813
0.06979276871444688,0.4085383058643375
0.17601357197226528,0.2180869651634901
0.1358007083526491,0.1950333046629924
0.09959145365583244,0.10376127964105393
0.08739437949005202,0.6520315411762586
0.06420714322838426,0.6875120912641774
0.0587604547714907,0.7309991778791426
0.24712938449245536,0.21849108986397262
0.308132242221309,0.45319546414309286
0.012905378258104595,0.0536528208418291
0.16428663099628615,0.5577819739861417
0.22100612898331304,0.28553150627942764
0.4445138220939824,0.4452692286161848
0.08404732472726806,0.6789151821690749
0.12003457918682447,0.6322015543457572
0.06497142561031444,0.3783635370251152
0.09186770499877071,0.5596153454223494
0.07453652074445165,0.5632245723144139
0.1602795940726225,0.48636912209851707
0.08885728355031734,0.10811172336283294
0.10903798092862749,0.4887126646579317
0.06651848578982132,0.7974923814749181
0.1525854260971161,0.30991499103959097
0.09624096969777989,0.09486896502642993
0.0842140754977085,0.5243955805241921
0.16923998272137797,0.6873295297369756
0.27506723681973005,0.24734546433396812
-0.010009074962223566,0.6832955512744897
0.16984297768964854,0.08969176240948189
0.05438573979428563,0.6641540418098791
0.018298511490911176,0.657929666784392
0.24429667154661902,0.24723433555719654
-0.002273867060367927,0.6560404925392326
0.08269823190728941,0.1559612259141587
0.22332388819084156,0.16611986679120871
-0.03555203013182503,0.6669470733962326
0.028338530027428116,0.05802393054838246
0.12430176955938112,0.7032773398474798
0.06228199196029135,0.6810346822037349
0.33103094251714243,0.3037837802277786
0.14889376858641593,0.14177829348848056
0.2255586840362457,0.23168403795483636
0.030441501215766095,0.6767315711153707
0.037912006692373455,0.06143471400051028
-0.07900248876696508,-0.02805434923147881
0.13912496956459078,0.7445665936550857
0.03308148372105484,0.6800406541711349
0.23060527189977953,0.2619723665751988
0.1259513389563139,0.737149368139799
0.013654817178908131,0.12066509180200963
0.21881163324793462,0.33781280812873554
0.06047078047335258,0.0635431124884258
0.10542664732061524,0.6920712649656314
0.05403023221989017,0.5959628480883439
0.07559812077688714,0.12160247785307778
0.14675663783138565,0.18099729697590872
0.11732400953617479,0.8003612522571677
0.06712668709188994,0.10190164900116794
0.06276723865526408,0.09691649059532394
0.14937091812823713,0.6218854217802835
0.15576650738559772,0.47978202666776676
0.018616726647968485,0.6825997840758466
0.025843695635187555,0.08015682623317717
0.09421931523912774,0.23034827915946243
0.11453903027580514,0.5005421104242035
0.10891114846019641,0.7681728025687852
0.16934334710965618,0.22745247233653054
0.03640433222812245,0.5604539436518845
0.0968322157581956,0.1335756582619301
0.20209725395004483,0.5366594965493429
0.08094965542498803,0.7245925829817645
0.4437470657775737,0.4017396880834518
0.024524094265310197,0.06654625710508738
0.4966442266781185,0.4904153652796917
0.2674820088031616,0.551144454491946
0.08184225881579495,0.12086188567132479
-0.011181035363070012,0.7803884126385702
0.08289121725864229,0.5521773098503061
0.03110689098789401,0.03179863745307965
0.415771335250541,0.47498810585786005
0.03329475969933655,0.18657746353016305
0.065436444833829,0.12965191379900545
-0.04285372875555373,0.639111555761214
0.10385023524632524,0.5153448493036382
0.05040042883061436,0.0939342225085647
-0.0014071401328295784,0.19299697047460765
0.2836266484125874,0.31471150164095213
0.06587670473929683,0.12254209615005025
0.06845027018772502,0.49654383846323674
0.13317427788996103,0.16360445289398418
0.020101893909173354,0.09494343930820197
0.141291575858259,0.5832207729227
0.15448944384550933,0.6546999111120649
0.08062779453596403,0.24940183358351006
0.21667318510270517,0.20632672059988236
0.2467300563526423,0.4175817800911907
0.06402430501140594,0.06895492094476831
0.07417372248073865,0.6416766782631318
0.3863617046492958,0.38603346251216936
0.006434763717715913,0.05224239239987011
0.002472863643291051,0.5982873313143936
0.13676070830409015,0.4928594098974204
-0.0038732046466729056,0.6270895748826759
0.16575595344212493,0.49722265929665715
0.05430254167126091,0.7505234046316249
0.05246378378538389,0.11852830359664064
0.23893147715132046,0.498022541816348
0.09507226264473241,0.5822028471986851
0.08869199571467108,0.6921577157128046
-0.008620985468664048,0.7374932982772121
0.1287524405432508,0.39697613206868637
0.16833005604046528,0.45060019436349646
0.04311853179611221,0.6236280884742406
0.01945710235112624,0.08529808883342845
0.11953382487227486,0.1143934835016787
0.005818082192587698,0.7187307537688922
0.2001834615073281,0.18809640609865333
0.19806421440773972,0.551123655718987
0.09983225116690324,0.1145186022416957
0.04168200488797761,0.8432829374362796
0.08872986200871745,0.13430876432685065
0.12147750399367026,0.7100273494592731
0.20486510205325348,0.5254587117734534
0.0922773337044766,0.090302417490093
0.42205367011846473,0.40354161872225447
0.11592707392389656,0.18814191228790658
0.056653215067486246,0.6119835548214491
-0.025877846510730922,-0.016801836814166794
0.3015469663533368,0.5636765611947755
0.094070933620502,0.12713610209036535
0.08958517106608672,0.15031304684693378
0.2146091366070312,0.42849890020922626
0.1564401410894457,0.25880749308416495
0.040646300494500555,0.6020384851120052
0.18543462326664575,0.5344786333973564
0.07393468850638575,0.15524321637264285
0.004405053645062093,0.3281803799904093
0.08895467304026496,0.10703708529681129
0.24694917512964434,0.31332038323846834
0.07139420714744811,0.047202663942566565
0.17327250032582045,0.27061702158151
0.2840688574466541,0.3081059568764977
0.0796578749857297,0.21698934704606956
0.26459771106163554,0.46907241861633514
0.05538038222812771,0.21230797996809772
0.27950669774969533,0.4675684903735773
0.028288296627407252,0.035990888715900705
-0.03390126240140295,0.03308965863702792
0.05305243317819141,0.22582277600785142
0.11085259702478717,0.5666230387375398
0.2523536271515894,0.2794187788792522
0.15245407007207135,0.20822721620254378
0.13427894752433353,0.6829642318249229
0.26822852724110624,0.4346129489257531
0.05874406607411012,0.10849974144468288
0.12207742994823086,0.7492656457336704
-0.03779043737448643,-0.009188941920114347
0.15182615759475604,0.17049808261241664
0.07023257888294228,0.07660365915421251
0.1337434540188086,0.20362652574668258
0.0903448560839999,0.7768832047501327
0.13344881567079492,0.4701954124381982
0.034167939899517726,0.08359505473480831
0.0296575407900387,0.18274803644459126
0.06402436722974496,0.1334823723640527
0.011212162749511187,0.22526991798498538
0.13442737670131685,0.21302767043784007
